Order_ID,Order_Line_No,Order_Date,Channel,Order_Priority,Order_Size_Lines,SKU_ID,Category,Subcategory,Quantity,Width_cm,Depth_cm,Height_cm,Weight_kg,Storage_Type,Criticality,Shelf_Life_Days,Unit_Value_INR,Avg_Daily_Demand,Demand_CV,Demand_StdDev,Avg_Weekly_Demand,Picking_Frequency_Weekly,Current_Zone,Current_Aisle,Current_Rack,Current_Bin_Capacity_Units,Distance_From_Dispatch_m,Picker_Travel_Distance_m,Picking_Time_sec,Observed_SKU_90D_Demand,Observed_SKU_Order_Frequency,ABC_Class,XYZ_Class,ABC_XYZ_Class
ORD00001,1,2026-01-25,Web,Standard,6,SKU036,Grocery,Cooking,3,22.3,27.7,18.1,7.54,Ambient,Medium,60,205.87,13,0.34,4.42,91,102.4,Z6,A4,R5,50,70.0,82.03,36.24,36,16,C,Y,CY
ORD00001,2,2026-01-25,Web,Standard,6,SKU057,Grocery,Breakfast,1,16.4,29.7,32.7,5.25,Ambient,Low,365,614.29,6,0.86,5.16,42,31.7,Z7,A2,R1,40,64.0,72.68,24.32,30,24,B,Z,BZ
ORD00001,3,2026-01-25,Web,Standard,6,SKU120,Grocery,Staples,1,18.2,17.1,12.1,4.89,Ambient,Medium,90,1756.29,6,0.43,2.58,42,32.4,Z6,A2,R3,30,59.0,56.2,23.55,12,9,B,Y,BY
ORD00001,4,2026-01-25,Web,Standard,6,SKU054,Grocery,Staples,1,24.4,8.8,37.6,2.41,Ambient,Medium,180,457.62,4,0.87,3.48,28,28.1,Z4,A4,R3,30,51.0,54.34,25.01,24,16,C,Z,CZ
ORD00001,5,2026-01-25,Web,Standard,6,SKU039,Grocery,Staples,3,12.3,16.6,26.4,3.09,Fragile,High,60,890.4,9,0.51,4.59,63,56.4,Z3,A1,R2,50,29.5,26.69,15.73,22,14,B,Z,BZ
ORD00001,6,2026-01-25,Web,Standard,6,SKU086,Grocery,Staples,1,32.6,26.6,25.2,4.63,Ambient,Low,30,1740.0,4,0.41,1.64,28,22.2,Z5,A2,R3,30,51.0,48.3,23.44,16,12,B,Y,BY
ORD00002,1,2026-03-27,App,Standard,6,SKU029,Pet Care,Cat Food,1,19.2,11.5,13.7,5.14,Ambient,Medium,90,805.77,15,0.3,4.5,105,114.7,Z6,A1,R5,50,58.0,50.67,21.43,35,17,A,Y,AY
ORD00002,2,2026-03-27,App,Standard,6,SKU037,Pet Care,Pet Hygiene,2,22.0,6.0,23.6,5.33,Ambient,Low,180,1484.64,6,0.49,2.94,42,31.8,Z5,A2,R4,40,52.5,49.5,23.17,11,8,C,Y,CY
ORD00002,3,2026-03-27,App,Standard,6,SKU002,Pet Care,Dog Food,1,25.5,18.4,14.3,5.16,Ambient,Medium,730,1579.64,6,0.76,4.56,42,35.5,Z5,A2,R6,30,55.5,48.0,24.79,4,4,C,Z,CZ
ORD00002,4,2026-03-27,App,Standard,6,SKU010,Pet Care,Dog Food,2,11.4,15.0,7.1,3.09,Ambient,Medium,180,531.32,4,0.64,2.56,28,30.3,Z4,A5,R2,50,53.5,63.4,29.1,17,13,C,Z,CZ
ORD00002,5,2026-03-27,App,Standard,6,SKU046,Pet Care,Cat Food,3,14.2,20.5,26.3,5.95,Ambient,Low,730,169.11,14,0.55,7.7,98,81.5,Z6,A1,R3,30,55.0,65.15,19.44,34,22,C,Z,CZ
ORD00002,6,2026-03-27,App,Standard,6,SKU091,Pet Care,Dog Food,2,16.5,19.5,38.4,5.94,Fragile,High,365,1182.01,5,0.7,3.5,35,30.7,Z3,A5,R2,50,45.5,52.31,28.82,30,23,A,Z,AZ
ORD00003,1,2026-02-07,App,Standard,5,SKU001,Health & Wellness,OTC,3,27.7,26.5,10.3,1.36,Ambient,Medium,180,964.18,40,0.17,6.8,280,345.5,Z6,A5,R3,30,71.0,60.75,36.64,52,18,A,X,AX
ORD00003,2,2026-02-07,App,Standard,5,SKU080,Health & Wellness,Wellness,2,22.3,10.3,28.0,1.87,HighValue,Medium,90,228.92,17,0.23,3.91,119,101.5,Z7,A4,R1,40,72.0,80.62,30.21,25,11,C,X,CX
ORD00003,3,2026-02-07,App,Standard,5,SKU076,Health & Wellness,Vitamins,1,19.7,27.7,7.6,0.74,Ambient,Medium,365,1289.07,4,0.74,2.96,28,25.5,Z2,A1,R3,30,23.0,25.43,13.54,11,10,C,Z,CZ
ORD00003,4,2026-02-07,App,Standard,5,SKU067,Health & Wellness,Vitamins,1,19.0,6.9,31.4,1.88,Ambient,Medium,365,674.25,10,0.49,4.9,70,79.4,Z1,A4,R1,40,24.0,23.55,20.87,28,20,B,Y,BY
ORD00003,5,2026-02-07,App,Standard,5,SKU113,Health & Wellness,Vitamins,2,30.6,16.3,36.5,3.62,HighValue,Medium,90,1210.42,16,0.18,2.88,112,122.1,Z6,A3,R1,40,60.0,74.56,26.16,30,13,A,X,AX
ORD00004,1,2026-03-03,App,Standard,3,SKU032,Grocery,Snacks,1,5.9,13.4,28.8,3.29,Ambient,Low,365,973.07,9,0.38,3.42,63,75.5,Z5,A2,R2,50,49.5,55.66,19.7,47,27,A,Y,AY
ORD00004,2,2026-03-03,App,Standard,3,SKU088,Household,Cleaning,3,32.2,13.7,30.5,6.57,Ambient,Low,60,332.96,13,0.4,5.2,91,71.4,Z1,A2,R4,40,20.5,23.74,19.86,63,34,B,Y,BY
ORD00004,3,2026-03-03,App,Standard,3,SKU005,Grocery,Breakfast,1,20.8,20.2,38.8,7.44,Ambient,Medium,180,1791.39,5,0.48,2.4,35,37.0,Z3,A4,R4,40,44.5,54.57,28.65,23,19,A,Y,AY
ORD00005,1,2026-02-17,App,Express,4,SKU029,Pet Care,Cat Food,3,19.2,11.5,13.7,5.14,Ambient,Medium,90,805.77,15,0.3,4.5,105,114.7,Z6,A1,R5,50,58.0,67.57,21.42,35,17,A,Y,AY
ORD00005,2,2026-02-17,App,Express,4,SKU010,Pet Care,Dog Food,1,11.4,15.0,7.1,3.09,Ambient,Medium,180,531.32,4,0.64,2.56,28,30.3,Z4,A5,R2,50,53.5,53.22,28.03,17,13,C,Z,CZ
ORD00005,3,2026-02-17,App,Express,4,SKU108,Pet Care,Pet Hygiene,3,16.6,29.3,22.4,4.03,Ambient,Medium,730,778.49,12,0.52,6.24,84,78.7,Z4,A1,R5,50,42.0,49.62,15.85,32,20,B,Z,BZ
ORD00005,4,2026-02-17,App,Express,4,SKU091,Pet Care,Dog Food,2,16.5,19.5,38.4,5.94,Fragile,High,365,1182.01,5,0.7,3.5,35,30.7,Z3,A5,R2,50,45.5,48.44,27.39,30,23,A,Z,AZ
ORD00006,1,2026-01-22,App,Standard,3,SKU064,Health & Wellness,Wellness,2,32.1,24.4,13.1,6.44,HighValue,Low,90,1228.03,12,0.5,6.0,84,92.1,Z2,A4,R2,50,33.5,28.77,25.66,22,14,B,Y,BY
ORD00006,2,2026-01-22,App,Standard,3,SKU019,Health & Wellness,OTC,1,29.3,27.0,5.9,5.92,HighValue,High,730,1558.71,7,0.54,3.78,49,56.1,Z4,A3,R6,30,51.5,48.26,24.7,41,25,A,Z,AZ
ORD00006,3,2026-01-22,App,Standard,3,SKU063,Health & Wellness,Vitamins,1,22.2,19.4,39.7,2.43,Ambient,Medium,730,1406.5,14,0.21,2.94,98,121.1,Z7,A1,R4,40,64.5,72.89,21.77,31,15,A,X,AX
ORD00007,1,2026-03-11,App,Standard,7,SKU115,Personal Care,Oral Care,3,21.5,20.3,8.0,2.54,Ambient,Medium,180,1486.43,20,0.31,6.2,140,103.7,Z6,A2,R6,30,63.5,58.51,24.15,30,17,A,Y,AY
ORD00007,2,2026-03-11,App,Standard,7,SKU008,Personal Care,Bath & Body,1,26.9,21.8,39.4,0.88,Ambient,High,60,365.07,4,0.63,2.52,28,27.9,Z2,A1,R2,50,21.5,24.53,13.15,20,19,C,Z,CZ
ORD00007,3,2026-03-11,App,Standard,7,SKU006,Personal Care,Bath & Body,1,6.9,5.5,24.4,4.75,Fragile,Medium,30,431.37,14,0.21,2.94,98,117.4,Z6,A5,R6,30,75.5,64.86,33.99,41,16,B,X,BX
ORD00007,4,2026-03-11,App,Standard,7,SKU049,Personal Care,Bath & Body,1,17.1,11.8,23.9,3.56,Ambient,Medium,365,469.4,6,0.55,3.3,42,31.5,Z5,A1,R1,40,44.0,46.98,18.33,44,39,B,Z,BZ
ORD00007,5,2026-03-11,App,Standard,7,SKU112,Personal Care,Oral Care,1,5.8,9.7,23.1,7.32,Ambient,Medium,60,1793.55,2,0.88,1.76,14,12.0,Z8,A3,R2,50,77.5,73.55,31.55,36,24,A,Z,AZ
ORD00007,6,2026-03-11,App,Standard,7,SKU047,Household,Cleaning,2,25.7,16.7,6.1,2.38,Ambient,Low,60,1664.94,13,0.24,3.12,91,103.1,Z4,A5,R3,30,55.0,67.37,30.54,42,20,A,X,AX
ORD00007,7,2026-03-11,App,Standard,7,SKU082,Grocery,Beverages,2,31.1,19.2,19.0,1.22,Ambient,Medium,60,692.75,10,0.25,2.5,70,66.5,Z7,A3,R2,50,69.5,81.58,25.09,13,9,C,X,CX
ORD00008,1,2026-02-23,App,Standard,4,SKU115,Personal Care,Oral Care,1,21.5,20.3,8.0,2.54,Ambient,Medium,180,1486.43,20,0.31,6.2,140,103.7,Z6,A2,R6,30,63.5,75.91,23.69,30,17,A,Y,AY
ORD00008,2,2026-02-23,App,Standard,4,SKU004,Personal Care,Hair Care,1,29.9,12.7,7.0,7.04,Ambient,Medium,30,1760.92,3,0.84,2.52,21,20.9,Z1,A5,R4,40,32.5,31.39,28.49,10,8,B,Z,BZ
ORD00008,3,2026-02-23,App,Standard,4,SKU034,Personal Care,Hair Care,2,21.2,30.0,17.2,5.24,Ambient,Medium,60,378.87,12,0.26,3.12,84,59.7,Z3,A4,R1,40,40.0,39.1,27.31,18,13,C,Y,CY
ORD00008,4,2026-02-23,App,Standard,4,SKU031,Personal Care,Hair Care,2,19.3,28.6,15.5,3.18,Ambient,Medium,730,994.38,25,0.27,6.75,175,180.6,Z6,A4,R3,30,67.0,65.54,31.98,39,15,A,Y,AY
ORD00009,1,2026-02-08,Web,Express,5,SKU119,Baby Care,Baby Food,3,22.2,20.5,6.1,7.12,Ambient,Low,60,1453.32,23,0.2,4.6,161,173.4,Z7,A1,R5,50,66.0,64.51,24.93,24,12,A,X,AX
ORD00009,2,2026-02-08,Web,Express,5,SKU100,Baby Care,Baby Food,2,9.4,15.9,38.1,1.85,Ambient,Low,30,728.71,20,0.33,6.6,140,126.8,Z7,A4,R2,50,73.5,73.54,28.28,62,29,A,Y,AY
ORD00009,3,2026-02-08,Web,Express,5,SKU023,Baby Care,Baby Hygiene,2,27.1,9.9,20.1,7.6,Ambient,Medium,30,1302.56,6,0.87,5.22,42,36.3,Z3,A4,R6,30,47.5,56.51,27.01,20,16,B,Z,BZ
ORD00009,4,2026-02-08,Web,Express,5,SKU053,Grocery,Cooking,1,18.1,22.5,9.2,7.79,Ambient,Low,365,49.27,7,0.53,3.71,49,45.3,Z8,A2,R1,40,72.0,84.41,27.07,44,30,C,Z,CZ
ORD00009,5,2026-02-08,Web,Express,5,SKU062,Personal Care,Hair Care,3,25.3,8.9,20.5,2.83,Ambient,Low,90,835.88,12,0.52,6.24,84,72.8,Z1,A3,R2,50,21.5,26.6,18.09,40,22,A,Z,AZ
ORD00010,1,2026-03-13,App,Standard,4,SKU050,Health & Wellness,Wellness,1,35.0,21.8,14.4,0.42,Ambient,High,60,1794.58,5,0.88,4.4,35,32.9,Z3,A3,R2,50,37.5,40.69,21.99,22,20,A,Z,AZ
ORD00010,2,2026-03-13,App,Standard,4,SKU072,Health & Wellness,Vitamins,2,24.3,19.9,5.7,6.32,HighValue,Low,365,389.24,6,0.45,2.7,42,48.6,Z6,A2,R4,40,60.5,56.48,24.1,54,33,B,Y,BY
ORD00010,3,2026-03-13,App,Standard,4,SKU080,Health & Wellness,Wellness,4,22.3,10.3,28.0,1.87,HighValue,Medium,90,228.92,17,0.23,3.91,119,101.5,Z7,A4,R1,40,72.0,87.38,30.24,25,11,C,X,CX
ORD00010,4,2026-03-13,App,Standard,4,SKU110,Health & Wellness,Vitamins,1,33.4,6.9,27.3,2.97,Ambient,Low,365,1228.61,6,0.89,5.34,42,39.5,Z1,A5,R5,50,34.0,38.98,25.08,15,13,B,Z,BZ
ORD00011,1,2026-03-03,Web,Standard,6,SKU084,Personal Care,Oral Care,2,8.4,15.7,14.9,5.46,Ambient,Low,180,1772.39,16,0.3,4.8,112,81.8,Z5,A5,R3,30,63.0,76.59,35.3,28,13,A,Y,AY
ORD00011,2,2026-03-03,Web,Standard,6,SKU031,Personal Care,Hair Care,2,19.3,28.6,15.5,3.18,Ambient,Medium,730,994.38,25,0.27,6.75,175,180.6,Z6,A4,R3,30,67.0,72.03,31.08,39,15,A,Y,AY
ORD00011,3,2026-03-03,Web,Standard,6,SKU092,Personal Care,Skin Care,1,29.3,25.9,39.4,0.77,Ambient,Medium,180,955.22,1,0.63,0.63,7,7.2,Z7,A5,R2,50,77.5,73.96,31.73,8,7,C,Z,CZ
ORD00011,4,2026-03-03,Web,Standard,6,SKU034,Personal Care,Hair Care,3,21.2,30.0,17.2,5.24,Ambient,Medium,60,378.87,12,0.26,3.12,84,59.7,Z3,A4,R1,40,40.0,40.68,26.77,18,13,C,Y,CY
ORD00011,5,2026-03-03,Web,Standard,6,SKU055,Personal Care,Skin Care,1,28.7,15.4,37.7,4.11,Ambient,Low,365,1054.36,14,0.21,2.94,98,104.2,Z8,A4,R1,40,80.0,80.15,33.45,38,17,A,X,AX
ORD00011,6,2026-03-03,Web,Standard,6,SKU112,Personal Care,Oral Care,2,5.8,9.7,23.1,7.32,Ambient,Medium,60,1793.55,2,0.88,1.76,14,12.0,Z8,A3,R2,50,77.5,86.17,30.42,36,24,A,Z,AZ
ORD00012,1,2026-03-29,Web,Standard,3,SKU095,Baby Care,Diapers,2,33.4,29.9,36.9,0.84,Ambient,Low,90,344.97,23,0.29,6.67,161,131.7,Z6,A1,R2,50,53.5,46.73,20.57,43,20,C,Y,CY
ORD00012,2,2026-03-29,Web,Standard,3,SKU061,Grocery,Cooking,1,28.8,9.2,7.8,6.98,Ambient,High,60,437.13,11,0.42,4.62,77,80.9,Z4,A3,R1,40,44.0,54.04,26.19,33,20,C,Y,CY
ORD00012,3,2026-03-29,Web,Standard,3,SKU112,Personal Care,Oral Care,1,5.8,9.7,23.1,7.32,Ambient,Medium,60,1793.55,2,0.88,1.76,14,12.0,Z8,A3,R2,50,77.5,78.66,31.35,36,24,A,Z,AZ
ORD00013,1,2026-03-22,App,Standard,3,SKU085,Grocery,Snacks,4,13.7,8.0,22.4,3.5,Ambient,Low,365,1504.2,28,0.21,5.88,196,224.1,Z5,A5,R5,50,66.0,63.67,35.35,65,22,A,X,AX
ORD00013,2,2026-03-22,App,Standard,3,SKU072,Health & Wellness,Vitamins,2,24.3,19.9,5.7,6.32,HighValue,Low,365,389.24,6,0.45,2.7,42,48.6,Z6,A2,R4,40,60.5,61.84,25.78,54,33,B,Y,BY
ORD00013,3,2026-03-22,App,Standard,3,SKU042,Grocery,Beverages,3,10.8,8.0,23.8,6.12,Ambient,Medium,730,1071.52,8,0.29,2.32,56,62.6,Z4,A1,R1,40,36.0,43.82,16.55,43,26,A,Y,AY
ORD00014,1,2026-03-09,App,Standard,2,SKU026,Household,Home Care,2,29.6,23.8,28.5,1.87,Frozen,Low,180,1110.01,43,0.15,6.45,301,337.9,Z6,A1,R6,30,59.5,52.49,23.56,80,26,A,X,AX
ORD00014,2,2026-03-09,App,Standard,2,SKU073,Household,Home Care,3,12.0,24.4,32.6,4.81,Ambient,High,365,469.91,8,0.49,3.92,56,44.6,Z6,A5,R1,40,68.0,58.66,33.5,26,15,C,Y,CY
ORD00015,1,2026-02-21,App,Standard,3,SKU066,Dairy & Chilled,Dairy,4,21.2,29.3,23.6,7.32,Chilled,Medium,90,1647.44,30,0.12,3.6,210,256.1,Z5,A5,R4,40,64.5,68.45,36.86,52,17,A,X,AX
ORD00015,2,2026-02-21,App,Standard,3,SKU011,Dairy & Chilled,Ready-to-Eat,1,13.9,29.2,25.3,4.38,Chilled,Medium,30,114.0,12,0.3,3.6,84,80.8,Z3,A1,R4,40,32.5,38.91,15.59,16,12,C,Y,CY
ORD00015,3,2026-02-21,App,Standard,3,SKU102,Dairy & Chilled,Beverages,2,7.4,11.4,34.2,4.44,Chilled,Medium,365,776.28,5,0.4,2.0,35,39.4,Z5,A2,R5,50,54.0,46.91,22.22,10,8,C,Y,CY
ORD00016,1,2026-01-10,App,Standard,4,SKU036,Grocery,Cooking,1,22.3,27.7,18.1,7.54,Ambient,Medium,60,205.87,13,0.34,4.42,91,102.4,Z6,A4,R5,50,70.0,70.4,35.82,36,16,C,Y,CY
ORD00016,2,2026-01-10,App,Standard,4,SKU103,Grocery,Staples,2,24.2,20.6,7.2,6.71,Ambient,Medium,365,454.44,1,0.52,0.52,7,5.5,Z5,A3,R5,50,58.0,66.83,26.93,10,7,C,Z,CZ
ORD00016,3,2026-01-10,App,Standard,4,SKU107,Grocery,Breakfast,2,6.1,21.2,15.0,6.91,Fragile,Medium,90,245.94,41,0.17,6.97,287,259.0,Z8,A5,R4,40,88.5,100.86,43.32,61,19,C,X,CX
ORD00016,4,2026-01-10,App,Standard,4,SKU016,Grocery,Snacks,2,24.0,11.6,22.1,7.25,Ambient,Low,90,103.25,10,0.31,3.1,70,61.8,Z4,A2,R3,30,43.0,37.47,24.05,26,14,C,Y,CY
ORD00017,1,2026-02-25,App,Standard,3,SKU014,Household,Cleaning,2,20.2,8.3,17.2,0.64,Ambient,Low,365,1273.78,14,0.26,3.64,98,101.6,Z8,A5,R2,50,85.5,92.71,34.11,35,16,A,Y,AY
ORD00017,2,2026-02-25,App,Standard,3,SKU077,Household,Laundry,1,17.9,24.8,9.0,5.27,Ambient,High,180,826.51,4,0.65,2.6,28,23.1,Z4,A2,R5,50,46.0,44.53,22.96,16,13,C,Z,CZ
ORD00017,3,2026-02-25,App,Standard,3,SKU099,Household,Laundry,1,29.0,8.5,13.8,5.17,Ambient,Low,365,1535.82,7,0.5,3.5,49,42.0,Z8,A1,R6,30,75.5,72.27,22.46,38,24,A,Y,AY
ORD00018,1,2026-02-18,App,Standard,4,SKU074,Dairy & Chilled,Dairy,1,28.7,10.9,16.3,1.48,Chilled,Low,730,772.2,15,0.16,2.4,105,80.1,Z6,A3,R3,30,63.0,67.53,26.32,53,23,A,X,AX
ORD00018,2,2026-02-18,App,Standard,4,SKU088,Household,Cleaning,1,32.2,13.7,30.5,6.57,Ambient,Low,60,332.96,13,0.4,5.2,91,71.4,Z1,A2,R4,40,20.5,20.33,16.85,63,34,B,Y,BY
ORD00018,3,2026-02-18,App,Standard,4,SKU032,Grocery,Snacks,1,5.9,13.4,28.8,3.29,Ambient,Low,365,973.07,9,0.38,3.42,63,75.5,Z5,A2,R2,50,49.5,48.5,21.24,47,27,A,Y,AY
ORD00018,4,2026-02-18,App,Standard,4,SKU005,Grocery,Breakfast,1,20.8,20.2,38.8,7.44,Ambient,Medium,180,1791.39,5,0.48,2.4,35,37.0,Z3,A4,R4,40,44.5,44.73,27.44,23,19,A,Y,AY
ORD00019,1,2026-01-11,App,Standard,4,SKU067,Health & Wellness,Vitamins,1,19.0,6.9,31.4,1.88,Ambient,Medium,365,674.25,10,0.49,4.9,70,79.4,Z1,A4,R1,40,24.0,22.82,19.64,28,20,B,Y,BY
ORD00019,2,2026-01-11,App,Standard,4,SKU008,Personal Care,Bath & Body,1,26.9,21.8,39.4,0.88,Ambient,High,60,365.07,4,0.63,2.52,28,27.9,Z2,A1,R2,50,21.5,23.38,13.48,20,19,C,Z,CZ
ORD00019,3,2026-01-11,App,Standard,4,SKU091,Pet Care,Dog Food,1,16.5,19.5,38.4,5.94,Fragile,High,365,1182.01,5,0.7,3.5,35,30.7,Z3,A5,R2,50,45.5,44.22,28.55,30,23,A,Z,AZ
ORD00019,4,2026-01-11,App,Standard,4,SKU018,Grocery,Beverages,2,28.9,26.5,36.5,1.76,Ambient,Medium,180,1753.56,3,0.85,2.55,21,23.4,Z6,A2,R2,50,57.5,63.14,21.83,20,13,A,Z,AZ
ORD00020,1,2026-02-12,App,Standard,3,SKU053,Grocery,Cooking,1,18.1,22.5,9.2,7.79,Ambient,Low,365,49.27,7,0.53,3.71,49,45.3,Z8,A2,R1,40,72.0,84.72,27.29,44,30,C,Z,CZ
ORD00020,2,2026-02-12,App,Standard,3,SKU089,Baby Care,Diapers,1,23.8,16.6,24.7,4.68,Ambient,Medium,365,598.69,2,0.88,1.76,14,17.3,Z2,A1,R6,30,27.5,29.58,14.57,18,14,C,Z,CZ
ORD00020,3,2026-02-12,App,Standard,3,SKU027,Personal Care,Skin Care,2,12.3,21.4,5.2,6.03,Ambient,Low,60,1452.29,11,0.4,4.4,77,83.4,Z3,A4,R3,30,43.0,48.28,27.02,25,13,A,Y,AY
ORD00021,1,2026-03-12,App,Standard,1,SKU087,Health & Wellness,Vitamins,1,15.9,15.9,8.7,3.54,Ambient,Medium,60,616.2,7,0.74,5.18,49,38.8,Z1,A2,R5,50,22.0,24.99,17.29,29,22,B,Z,BZ
ORD00022,1,2026-02-18,Web,Standard,2,SKU119,Baby Care,Baby Food,2,22.2,20.5,6.1,7.12,Ambient,Low,60,1453.32,23,0.2,4.6,161,173.4,Z7,A1,R5,50,66.0,58.34,25.66,24,12,A,X,AX
ORD00022,2,2026-02-18,Web,Standard,2,SKU095,Baby Care,Diapers,3,33.4,29.9,36.9,0.84,Ambient,Low,90,344.97,23,0.29,6.67,161,131.7,Z6,A1,R2,50,53.5,53.07,20.62,43,20,C,Y,CY
ORD00023,1,2026-03-24,App,Standard,4,SKU067,Health & Wellness,Vitamins,1,19.0,6.9,31.4,1.88,Ambient,Medium,365,674.25,10,0.49,4.9,70,79.4,Z1,A4,R1,40,24.0,26.05,22.08,28,20,B,Y,BY
ORD00023,2,2026-03-24,App,Standard,4,SKU008,Personal Care,Bath & Body,1,26.9,21.8,39.4,0.88,Ambient,High,60,365.07,4,0.63,2.52,28,27.9,Z2,A1,R2,50,21.5,18.49,12.5,20,19,C,Z,CZ
ORD00023,3,2026-03-24,App,Standard,4,SKU091,Pet Care,Dog Food,1,16.5,19.5,38.4,5.94,Fragile,High,365,1182.01,5,0.7,3.5,35,30.7,Z3,A5,R2,50,45.5,56.18,29.63,30,23,A,Z,AZ
ORD00023,4,2026-03-24,App,Standard,4,SKU018,Grocery,Beverages,1,28.9,26.5,36.5,1.76,Ambient,Medium,180,1753.56,3,0.85,2.55,21,23.4,Z6,A2,R2,50,57.5,52.13,23.96,20,13,A,Z,AZ
ORD00024,1,2026-02-09,App,Standard,3,SKU099,Household,Laundry,1,29.0,8.5,13.8,5.17,Ambient,Low,365,1535.82,7,0.5,3.5,49,42.0,Z8,A1,R6,30,75.5,88.34,22.59,38,24,A,Y,AY
ORD00024,2,2026-02-09,App,Standard,3,SKU112,Personal Care,Oral Care,2,5.8,9.7,23.1,7.32,Ambient,Medium,60,1793.55,2,0.88,1.76,14,12.0,Z8,A3,R2,50,77.5,81.87,31.26,36,24,A,Z,AZ
ORD00024,3,2026-02-09,App,Standard,3,SKU093,Personal Care,Oral Care,1,15.2,19.9,32.6,5.21,Ambient,Medium,90,472.29,4,0.6,2.4,28,32.7,Z5,A1,R2,50,45.5,46.43,18.48,11,10,C,Z,CZ
ORD00025,1,2026-03-01,App,Standard,3,SKU052,Grocery,Staples,4,29.7,5.0,35.4,3.75,Ambient,Medium,180,1135.1,36,0.23,8.28,252,281.7,Z8,A5,R5,50,90.0,80.16,38.37,56,20,A,X,AX
ORD00025,2,2026-03-01,App,Standard,3,SKU032,Grocery,Snacks,3,5.9,13.4,28.8,3.29,Ambient,Low,365,973.07,9,0.38,3.42,63,75.5,Z5,A2,R2,50,49.5,48.53,19.8,47,27,A,Y,AY
ORD00025,3,2026-03-01,App,Standard,3,SKU120,Grocery,Staples,1,18.2,17.1,12.1,4.89,Ambient,Medium,90,1756.29,6,0.43,2.58,42,32.4,Z6,A2,R3,30,59.0,70.51,22.92,12,9,B,Y,BY
ORD00026,1,2026-03-09,App,Standard,6,SKU040,Grocery,Beverages,2,13.3,5.3,38.2,0.78,Ambient,Medium,730,870.07,22,0.29,6.38,154,168.1,Z8,A2,R4,40,76.5,86.24,24.19,31,16,B,Y,BY
ORD00026,2,2026-03-09,App,Standard,6,SKU071,Grocery,Beverages,2,33.5,26.4,8.5,5.52,Ambient,Low,180,514.69,16,0.24,3.84,112,138.0,Z4,A4,R6,30,55.5,50.24,31.03,35,15,B,X,BX
ORD00026,3,2026-03-09,App,Standard,6,SKU075,Grocery,Breakfast,1,8.3,17.6,38.1,0.44,Ambient,Medium,180,1166.93,10,0.4,4.0,70,50.2,Z2,A1,R1,40,20.0,22.08,10.76,20,14,B,Y,BY
ORD00026,4,2026-03-09,App,Standard,6,SKU111,Grocery,Snacks,3,15.9,28.7,6.1,1.31,Ambient,Low,30,1043.71,25,0.28,7.0,175,173.5,Z8,A2,R2,50,73.5,91.87,26.24,52,19,A,Y,AY
ORD00026,5,2026-03-09,App,Standard,6,SKU022,Grocery,Staples,2,26.9,12.8,26.2,4.14,Ambient,Low,730,799.0,14,0.38,5.32,98,96.6,Z7,A5,R5,50,82.0,74.3,34.96,21,10,C,Y,CY
ORD00026,6,2026-03-09,App,Standard,6,SKU068,Grocery,Cooking,2,25.2,21.8,25.5,6.6,Ambient,Low,30,1124.7,14,0.25,3.5,98,119.4,Z8,A1,R3,30,71.0,61.87,25.72,35,16,A,X,AX
ORD00027,1,2026-02-15,App,Standard,6,SKU059,Pet Care,Pet Hygiene,2,14.5,23.0,31.6,6.99,Fragile,Low,730,1239.81,41,0.16,6.56,287,246.3,Z7,A2,R5,50,70.0,81.36,29.14,67,20,A,X,AX
ORD00027,2,2026-02-15,App,Standard,6,SKU049,Personal Care,Bath & Body,1,17.1,11.8,23.9,3.56,Ambient,Medium,365,469.4,6,0.55,3.3,42,31.5,Z5,A1,R1,40,44.0,46.12,18.68,44,39,B,Z,BZ
ORD00027,3,2026-02-15,App,Standard,6,SKU041,Personal Care,Hair Care,2,17.1,11.1,28.2,3.02,Ambient,High,365,612.15,6,0.34,2.04,42,45.6,Z5,A5,R6,30,67.5,64.61,31.96,43,26,B,Y,BY
ORD00027,4,2026-02-15,App,Standard,6,SKU023,Baby Care,Baby Hygiene,1,27.1,9.9,20.1,7.6,Ambient,Medium,30,1302.56,6,0.87,5.22,42,36.3,Z3,A4,R6,30,47.5,50.67,30.24,20,16,B,Z,BZ
ORD00027,5,2026-02-15,App,Standard,6,SKU117,Grocery,Snacks,2,11.8,28.7,23.2,2.34,Ambient,High,90,247.18,3,0.87,2.61,21,18.2,Z2,A5,R5,50,42.0,43.11,28.22,10,8,C,Z,CZ
ORD00027,6,2026-02-15,App,Standard,6,SKU029,Pet Care,Cat Food,1,19.2,11.5,13.7,5.14,Ambient,Medium,90,805.77,15,0.3,4.5,105,114.7,Z6,A1,R5,50,58.0,66.37,21.92,35,17,A,Y,AY
ORD00028,1,2026-03-25,App,Standard,4,SKU038,Health & Wellness,Wellness,3,18.1,23.3,38.8,2.23,Ambient,Low,730,1076.64,20,0.29,5.8,140,122.8,Z7,A3,R1,40,68.0,62.31,28.48,56,25,A,Y,AY
ORD00028,2,2026-03-25,App,Standard,4,SKU012,Health & Wellness,Wellness,1,20.2,26.3,7.4,0.64,Ambient,Medium,365,1080.27,7,0.27,1.89,49,51.0,Z2,A2,R1,40,24.0,22.39,14.81,21,13,B,Y,BY
ORD00028,3,2026-03-25,App,Standard,4,SKU109,Health & Wellness,OTC,1,8.1,13.2,15.3,3.62,Ambient,Low,730,1569.32,5,0.55,2.75,35,31.3,Z3,A5,R1,40,44.0,42.35,27.49,22,19,A,Z,AZ
ORD00028,4,2026-03-25,App,Standard,4,SKU072,Health & Wellness,Vitamins,2,24.3,19.9,5.7,6.32,HighValue,Low,365,389.24,6,0.45,2.7,42,48.6,Z6,A2,R4,40,60.5,68.46,24.47,54,33,B,Y,BY
ORD00029,1,2026-02-07,App,Express,4,SKU116,Health & Wellness,Wellness,3,25.4,13.6,35.7,6.26,Ambient,Low,30,1500.72,14,0.25,3.5,98,96.5,Z7,A4,R3,30,75.0,81.07,32.57,40,18,A,X,AX
ORD00029,2,2026-02-07,App,Express,4,SKU019,Health & Wellness,OTC,1,29.3,27.0,5.9,5.92,HighValue,High,730,1558.71,7,0.54,3.78,49,56.1,Z4,A3,R6,30,51.5,53.09,24.83,41,25,A,Z,AZ
ORD00029,3,2026-02-07,App,Express,4,SKU087,Health & Wellness,Vitamins,1,15.9,15.9,8.7,3.54,Ambient,Medium,60,616.2,7,0.74,5.18,49,38.8,Z1,A2,R5,50,22.0,19.52,17.24,29,22,B,Z,BZ
ORD00029,4,2026-02-07,App,Express,4,SKU096,Health & Wellness,Vitamins,2,9.1,6.9,34.6,0.9,Ambient,Low,90,1580.6,8,0.32,2.56,56,58.2,Z6,A2,R1,40,56.0,68.57,18.79,13,7,B,Y,BY
ORD00030,1,2026-02-17,App,Standard,3,SKU060,Grocery,Staples,1,27.8,22.6,8.5,1.41,Frozen,Low,30,545.73,4,0.89,3.56,28,25.4,Z1,A2,R6,30,23.5,27.39,17.58,12,10,C,Z,CZ
ORD00030,2,2026-02-17,App,Standard,3,SKU020,Grocery,Staples,3,30.8,10.6,33.6,3.74,Ambient,Low,30,1196.56,11,0.51,5.61,77,70.8,Z8,A4,R3,30,83.0,72.08,33.23,37,19,A,Z,AZ
ORD00030,3,2026-02-17,App,Standard,3,SKU083,Grocery,Beverages,1,33.2,19.9,35.9,1.33,Ambient,Low,180,1199.94,6,0.56,3.36,42,40.6,Z2,A4,R3,30,35.0,29.98,24.64,13,11,C,Z,CZ
ORD00031,1,2026-01-21,App,Standard,3,SKU001,Health & Wellness,OTC,3,27.7,26.5,10.3,1.36,Ambient,Medium,180,964.18,40,0.17,6.8,280,345.5,Z6,A5,R3,30,71.0,78.12,34.3,52,18,A,X,AX
ORD00031,2,2026-01-21,App,Standard,3,SKU096,Health & Wellness,Vitamins,2,9.1,6.9,34.6,0.9,Ambient,Low,90,1580.6,8,0.32,2.56,56,58.2,Z6,A2,R1,40,56.0,57.21,21.47,13,7,B,Y,BY
ORD00031,3,2026-01-21,App,Standard,3,SKU064,Health & Wellness,Wellness,1,32.1,24.4,13.1,6.44,HighValue,Low,90,1228.03,12,0.5,6.0,84,92.1,Z2,A4,R2,50,33.5,31.33,24.91,22,14,B,Y,BY
ORD00032,1,2026-01-10,App,Standard,2,SKU029,Pet Care,Cat Food,1,19.2,11.5,13.7,5.14,Ambient,Medium,90,805.77,15,0.3,4.5,105,114.7,Z6,A1,R5,50,58.0,51.69,23.25,35,17,A,Y,AY
ORD00032,2,2026-01-10,App,Standard,2,SKU108,Pet Care,Pet Hygiene,1,16.6,29.3,22.4,4.03,Ambient,Medium,730,778.49,12,0.52,6.24,84,78.7,Z4,A1,R5,50,42.0,42.13,17.4,32,20,B,Z,BZ
ORD00033,1,2026-01-18,Web,Standard,4,SKU081,Grocery,Breakfast,1,28.0,20.5,28.6,4.5,Ambient,Medium,30,345.24,7,0.68,4.76,49,53.2,Z5,A4,R5,50,62.0,71.36,28.24,14,10,C,Z,CZ
ORD00033,2,2026-01-18,Web,Standard,4,SKU018,Grocery,Beverages,1,28.9,26.5,36.5,1.76,Ambient,Medium,180,1753.56,3,0.85,2.55,21,23.4,Z6,A2,R2,50,57.5,71.03,22.01,20,13,A,Z,AZ
ORD00033,3,2026-01-18,Web,Standard,4,SKU098,Grocery,Breakfast,1,14.3,25.2,21.4,6.7,Ambient,High,180,1390.75,8,0.41,3.28,56,63.2,Z7,A2,R4,40,68.5,65.81,25.18,17,8,B,Y,BY
ORD00033,4,2026-01-18,Web,Standard,4,SKU107,Grocery,Breakfast,1,6.1,21.2,15.0,6.91,Fragile,Medium,90,245.94,41,0.17,6.97,287,259.0,Z8,A5,R4,40,88.5,96.47,41.8,61,19,C,X,CX
ORD00034,1,2026-03-19,App,Standard,3,SKU115,Personal Care,Oral Care,2,21.5,20.3,8.0,2.54,Ambient,Medium,180,1486.43,20,0.31,6.2,140,103.7,Z6,A2,R6,30,63.5,78.81,24.78,30,17,A,Y,AY
ORD00034,2,2026-03-19,App,Standard,3,SKU004,Personal Care,Hair Care,2,29.9,12.7,7.0,7.04,Ambient,Medium,30,1760.92,3,0.84,2.52,21,20.9,Z1,A5,R4,40,32.5,29.34,30.0,10,8,B,Z,BZ
ORD00034,3,2026-03-19,App,Standard,3,SKU104,Personal Care,Oral Care,5,10.6,21.7,23.3,2.95,Ambient,Medium,365,1008.62,31,0.19,5.89,217,198.5,Z7,A1,R6,30,67.5,67.24,24.0,50,18,A,X,AX
ORD00035,1,2026-03-29,App,Standard,2,SKU059,Pet Care,Pet Hygiene,4,14.5,23.0,31.6,6.99,Fragile,Low,730,1239.81,41,0.16,6.56,287,246.3,Z7,A2,R5,50,70.0,70.76,29.61,67,20,A,X,AX
ORD00035,2,2026-03-29,App,Standard,2,SKU041,Personal Care,Hair Care,2,17.1,11.1,28.2,3.02,Ambient,High,365,612.15,6,0.34,2.04,42,45.6,Z5,A5,R6,30,67.5,61.5,31.84,43,26,B,Y,BY
ORD00036,1,2026-01-11,Web,Standard,3,SKU063,Health & Wellness,Vitamins,1,22.2,19.4,39.7,2.43,Ambient,Medium,730,1406.5,14,0.21,2.94,98,121.1,Z7,A1,R4,40,64.5,78.68,21.14,31,15,A,X,AX
ORD00036,2,2026-01-11,Web,Standard,3,SKU064,Health & Wellness,Wellness,1,32.1,24.4,13.1,6.44,HighValue,Low,90,1228.03,12,0.5,6.0,84,92.1,Z2,A4,R2,50,33.5,29.21,26.72,22,14,B,Y,BY
ORD00036,3,2026-01-11,Web,Standard,3,SKU038,Health & Wellness,Wellness,3,18.1,23.3,38.8,2.23,Ambient,Low,730,1076.64,20,0.29,5.8,140,122.8,Z7,A3,R1,40,68.0,62.58,28.57,56,25,A,Y,AY
ORD00037,1,2026-01-02,App,Express,4,SKU085,Grocery,Snacks,1,13.7,8.0,22.4,3.5,Ambient,Low,365,1504.2,28,0.21,5.88,196,224.1,Z5,A5,R5,50,66.0,63.28,34.55,65,22,A,X,AX
ORD00037,2,2026-01-02,App,Express,4,SKU072,Health & Wellness,Vitamins,1,24.3,19.9,5.7,6.32,HighValue,Low,365,389.24,6,0.45,2.7,42,48.6,Z6,A2,R4,40,60.5,65.38,24.59,54,33,B,Y,BY
ORD00037,3,2026-01-02,App,Express,4,SKU042,Grocery,Beverages,1,10.8,8.0,23.8,6.12,Ambient,Medium,730,1071.52,8,0.29,2.32,56,62.6,Z4,A1,R1,40,36.0,35.79,16.65,43,26,A,Y,AY
ORD00037,4,2026-01-02,App,Express,4,SKU062,Personal Care,Hair Care,1,25.3,8.9,20.5,2.83,Ambient,Low,90,835.88,12,0.52,6.24,84,72.8,Z1,A3,R2,50,21.5,21.44,18.1,40,22,A,Z,AZ
ORD00038,1,2026-02-02,App,Express,5,SKU111,Grocery,Snacks,2,15.9,28.7,6.1,1.31,Ambient,Low,30,1043.71,25,0.28,7.0,175,173.5,Z8,A2,R2,50,73.5,74.71,23.83,52,19,A,Y,AY
ORD00038,2,2026-02-02,App,Express,5,SKU022,Grocery,Staples,2,26.9,12.8,26.2,4.14,Ambient,Low,730,799.0,14,0.38,5.32,98,96.6,Z7,A5,R5,50,82.0,72.25,32.46,21,10,C,Y,CY
ORD00038,3,2026-02-02,App,Express,5,SKU039,Grocery,Staples,1,12.3,16.6,26.4,3.09,Fragile,High,60,890.4,9,0.51,4.59,63,56.4,Z3,A1,R2,50,29.5,35.72,14.31,22,14,B,Z,BZ
ORD00038,4,2026-02-02,App,Express,5,SKU086,Grocery,Staples,1,32.6,26.6,25.2,4.63,Ambient,Low,30,1740.0,4,0.41,1.64,28,22.2,Z5,A2,R3,30,51.0,63.37,23.06,16,12,B,Y,BY
ORD00038,5,2026-02-02,App,Express,5,SKU106,Grocery,Snacks,3,19.4,9.6,9.7,5.76,Ambient,Low,60,1597.28,12,0.54,6.48,84,73.4,Z5,A5,R1,40,60.0,62.16,28.92,27,16,A,Z,AZ
ORD00039,1,2026-02-06,App,Standard,5,SKU040,Grocery,Beverages,3,13.3,5.3,38.2,0.78,Ambient,Medium,730,870.07,22,0.29,6.38,154,168.1,Z8,A2,R4,40,76.5,93.56,24.08,31,16,B,Y,BY
ORD00039,2,2026-02-06,App,Standard,5,SKU020,Grocery,Staples,1,30.8,10.6,33.6,3.74,Ambient,Low,30,1196.56,11,0.51,5.61,77,70.8,Z8,A4,R3,30,83.0,91.66,32.46,37,19,A,Z,AZ
ORD00039,3,2026-02-06,App,Standard,5,SKU106,Grocery,Snacks,2,19.4,9.6,9.7,5.76,Ambient,Low,60,1597.28,12,0.54,6.48,84,73.4,Z5,A5,R1,40,60.0,59.04,30.3,27,16,A,Z,AZ
ORD00039,4,2026-02-06,App,Standard,5,SKU083,Grocery,Beverages,2,33.2,19.9,35.9,1.33,Ambient,Low,180,1199.94,6,0.56,3.36,42,40.6,Z2,A4,R3,30,35.0,40.08,23.03,13,11,C,Z,CZ
ORD00039,5,2026-02-06,App,Standard,5,SKU035,Grocery,Snacks,1,21.9,10.4,29.5,6.16,Ambient,Medium,30,1405.58,12,0.45,5.4,84,66.4,Z1,A1,R6,30,19.5,24.24,14.14,14,10,B,Y,BY
ORD00040,1,2026-02-23,Web,Standard,3,SKU011,Dairy & Chilled,Ready-to-Eat,1,13.9,29.2,25.3,4.38,Chilled,Medium,30,114.0,12,0.3,3.6,84,80.8,Z3,A1,R4,40,32.5,29.36,15.18,16,12,C,Y,CY
ORD00040,2,2026-02-23,Web,Standard,3,SKU074,Dairy & Chilled,Dairy,3,28.7,10.9,16.3,1.48,Chilled,Low,730,772.2,15,0.16,2.4,105,80.1,Z6,A3,R3,30,63.0,67.86,25.01,53,23,A,X,AX
ORD00040,3,2026-02-23,Web,Standard,3,SKU065,Dairy & Chilled,Dairy,2,23.8,6.0,32.6,0.36,Chilled,Low,60,184.99,23,0.18,4.14,161,138.8,Z7,A2,R6,30,71.5,67.55,25.91,54,25,C,X,CX
ORD00041,1,2026-02-03,App,Standard,5,SKU114,Household,Laundry,2,26.4,28.2,27.3,6.37,Ambient,Low,60,445.21,17,0.32,5.44,119,115.6,Z8,A4,R6,30,87.5,93.13,36.91,38,15,B,Y,BY
ORD00041,2,2026-02-03,App,Standard,5,SKU047,Household,Cleaning,4,25.7,16.7,6.1,2.38,Ambient,Low,60,1664.94,13,0.24,3.12,91,103.1,Z4,A5,R3,30,55.0,53.53,30.3,42,20,A,X,AX
ORD00041,3,2026-02-03,App,Standard,5,SKU088,Household,Cleaning,1,32.2,13.7,30.5,6.57,Ambient,Low,60,332.96,13,0.4,5.2,91,71.4,Z1,A2,R4,40,20.5,18.72,17.18,63,34,B,Y,BY
ORD00041,4,2026-02-03,App,Standard,5,SKU099,Household,Laundry,2,29.0,8.5,13.8,5.17,Ambient,Low,365,1535.82,7,0.5,3.5,49,42.0,Z8,A1,R6,30,75.5,85.22,25.1,38,24,A,Y,AY
ORD00041,5,2026-02-03,App,Standard,5,SKU045,Household,Cleaning,1,21.9,12.6,39.8,1.04,Ambient,Medium,60,1401.86,7,0.29,2.03,49,44.6,Z5,A2,R1,40,48.0,47.09,20.84,18,14,B,Y,BY
ORD00042,1,2026-01-12,Web,Standard,4,SKU118,Household,Home Care,2,33.2,8.9,28.1,5.79,Ambient,Medium,30,169.17,44,0.13,5.72,308,376.3,Z8,A3,R3,30,79.0,91.83,32.09,71,23,C,X,CX
ORD00042,2,2026-01-12,Web,Standard,4,SKU100,Baby Care,Baby Food,1,9.4,15.9,38.1,1.85,Ambient,Low,30,728.71,20,0.33,6.6,140,126.8,Z7,A4,R2,50,73.5,74.25,30.0,62,29,A,Y,AY
ORD00042,3,2026-01-12,Web,Standard,4,SKU079,Dairy & Chilled,Dairy,1,33.7,19.0,28.5,3.35,Chilled,High,180,1565.86,5,0.43,2.15,35,38.4,Z7,A4,R6,30,79.5,70.25,33.53,18,16,B,Y,BY
ORD00042,4,2026-01-12,Web,Standard,4,SKU047,Household,Cleaning,2,25.7,16.7,6.1,2.38,Ambient,Low,60,1664.94,13,0.24,3.12,91,103.1,Z4,A5,R3,30,55.0,48.4,32.79,42,20,A,X,AX
ORD00043,1,2026-01-09,App,Standard,2,SKU075,Grocery,Breakfast,1,8.3,17.6,38.1,0.44,Ambient,Medium,180,1166.93,10,0.4,4.0,70,50.2,Z2,A1,R1,40,20.0,19.83,11.6,20,14,B,Y,BY
ORD00043,2,2026-01-09,App,Standard,2,SKU020,Grocery,Staples,3,30.8,10.6,33.6,3.74,Ambient,Low,30,1196.56,11,0.51,5.61,77,70.8,Z8,A4,R3,30,83.0,85.36,31.52,37,19,A,Z,AZ
ORD00044,1,2026-01-20,App,Standard,1,SKU071,Grocery,Beverages,1,33.5,26.4,8.5,5.52,Ambient,Low,180,514.69,16,0.24,3.84,112,138.0,Z4,A4,R6,30,55.5,58.85,32.66,35,15,B,X,BX
ORD00045,1,2026-03-22,Web,Standard,7,SKU066,Dairy & Chilled,Dairy,4,21.2,29.3,23.6,7.32,Chilled,Medium,90,1647.44,30,0.12,3.6,210,256.1,Z5,A5,R4,40,64.5,80.41,36.73,52,17,A,X,AX
ORD00045,2,2026-03-22,Web,Standard,7,SKU011,Dairy & Chilled,Ready-to-Eat,2,13.9,29.2,25.3,4.38,Chilled,Medium,30,114.0,12,0.3,3.6,84,80.8,Z3,A1,R4,40,32.5,40.62,17.53,16,12,C,Y,CY
ORD00045,3,2026-03-22,Web,Standard,7,SKU079,Dairy & Chilled,Dairy,2,33.7,19.0,28.5,3.35,Chilled,High,180,1565.86,5,0.43,2.15,35,38.4,Z7,A4,R6,30,79.5,88.46,30.59,18,16,B,Y,BY
ORD00045,4,2026-03-22,Web,Standard,7,SKU065,Dairy & Chilled,Dairy,1,23.8,6.0,32.6,0.36,Chilled,Low,60,184.99,23,0.18,4.14,161,138.8,Z7,A2,R6,30,71.5,87.01,25.39,54,25,C,X,CX
ORD00045,5,2026-03-22,Web,Standard,7,SKU102,Dairy & Chilled,Beverages,1,7.4,11.4,34.2,4.44,Chilled,Medium,365,776.28,5,0.4,2.0,35,39.4,Z5,A2,R5,50,54.0,50.64,24.04,10,8,C,Y,CY
ORD00045,6,2026-03-22,Web,Standard,7,SKU026,Household,Home Care,4,29.6,23.8,28.5,1.87,Frozen,Low,180,1110.01,43,0.15,6.45,301,337.9,Z6,A1,R6,30,59.5,59.02,23.45,80,26,A,X,AX
ORD00045,7,2026-03-22,Web,Standard,7,SKU040,Grocery,Beverages,3,13.3,5.3,38.2,0.78,Ambient,Medium,730,870.07,22,0.29,6.38,154,168.1,Z8,A2,R4,40,76.5,70.41,26.51,31,16,B,Y,BY
ORD00046,1,2026-03-17,App,Standard,3,SKU090,Grocery,Breakfast,1,23.9,24.9,25.7,2.88,Ambient,Low,90,1501.26,6,0.39,2.34,42,31.2,Z7,A1,R3,30,63.0,61.91,21.03,36,19,A,Y,AY
ORD00046,2,2026-03-17,App,Standard,3,SKU088,Household,Cleaning,2,32.2,13.7,30.5,6.57,Ambient,Low,60,332.96,13,0.4,5.2,91,71.4,Z1,A2,R4,40,20.5,20.22,19.58,63,34,B,Y,BY
ORD00046,3,2026-03-17,App,Standard,3,SKU032,Grocery,Snacks,1,5.9,13.4,28.8,3.29,Ambient,Low,365,973.07,9,0.38,3.42,63,75.5,Z5,A2,R2,50,49.5,59.27,21.95,47,27,A,Y,AY
ORD00047,1,2026-01-08,App,Standard,1,SKU070,Household,Laundry,3,33.5,22.4,23.9,4.74,Ambient,Medium,180,1117.78,38,0.16,6.08,266,323.6,Z6,A5,R5,50,74.0,72.45,38.04,89,29,A,X,AX
ORD00048,1,2026-01-21,App,Standard,4,SKU055,Personal Care,Skin Care,3,28.7,15.4,37.7,4.11,Ambient,Low,365,1054.36,14,0.21,2.94,98,104.2,Z8,A4,R1,40,80.0,95.22,34.3,38,17,A,X,AX
ORD00048,2,2026-01-21,App,Standard,4,SKU104,Personal Care,Oral Care,4,10.6,21.7,23.3,2.95,Ambient,Medium,365,1008.62,31,0.19,5.89,217,198.5,Z7,A1,R6,30,67.5,62.29,24.0,50,18,A,X,AX
ORD00048,3,2026-01-21,App,Standard,4,SKU062,Personal Care,Hair Care,1,25.3,8.9,20.5,2.83,Ambient,Low,90,835.88,12,0.52,6.24,84,72.8,Z1,A3,R2,50,21.5,23.53,19.88,40,22,A,Z,AZ
ORD00048,4,2026-01-21,App,Standard,4,SKU028,Personal Care,Skin Care,2,29.0,21.7,39.6,4.8,Ambient,Medium,730,1608.34,6,0.39,2.34,42,39.3,Z2,A4,R1,40,32.0,33.55,23.52,18,9,A,Y,AY
ORD00049,1,2026-02-12,App,Standard,4,SKU031,Personal Care,Hair Care,2,19.3,28.6,15.5,3.18,Ambient,Medium,730,994.38,25,0.27,6.75,175,180.6,Z6,A4,R3,30,67.0,82.92,32.19,39,15,A,Y,AY
ORD00049,2,2026-02-12,App,Standard,4,SKU062,Personal Care,Hair Care,3,25.3,8.9,20.5,2.83,Ambient,Low,90,835.88,12,0.52,6.24,84,72.8,Z1,A3,R2,50,21.5,21.53,18.77,40,22,A,Z,AZ
ORD00049,3,2026-02-12,App,Standard,4,SKU028,Personal Care,Skin Care,2,29.0,21.7,39.6,4.8,Ambient,Medium,730,1608.34,6,0.39,2.34,42,39.3,Z2,A4,R1,40,32.0,33.34,23.51,18,9,A,Y,AY
ORD00049,4,2026-02-12,App,Standard,4,SKU008,Personal Care,Bath & Body,2,26.9,21.8,39.4,0.88,Ambient,High,60,365.07,4,0.63,2.52,28,27.9,Z2,A1,R2,50,21.5,24.18,13.57,20,19,C,Z,CZ
ORD00050,1,2026-01-21,App,Standard,3,SKU100,Baby Care,Baby Food,2,9.4,15.9,38.1,1.85,Ambient,Low,30,728.71,20,0.33,6.6,140,126.8,Z7,A4,R2,50,73.5,65.21,32.45,62,29,A,Y,AY
ORD00050,2,2026-01-21,App,Standard,3,SKU049,Personal Care,Bath & Body,1,17.1,11.8,23.9,3.56,Ambient,Medium,365,469.4,6,0.55,3.3,42,31.5,Z5,A1,R1,40,44.0,45.9,18.12,44,39,B,Z,BZ
ORD00050,3,2026-01-21,App,Standard,3,SKU019,Health & Wellness,OTC,1,29.3,27.0,5.9,5.92,HighValue,High,730,1558.71,7,0.54,3.78,49,56.1,Z4,A3,R6,30,51.5,47.17,27.99,41,25,A,Z,AZ
ORD00051,1,2026-02-25,App,Standard,2,SKU016,Grocery,Snacks,3,24.0,11.6,22.1,7.25,Ambient,Low,90,103.25,10,0.31,3.1,70,61.8,Z4,A2,R3,30,43.0,42.76,21.17,26,14,C,Y,CY
ORD00051,2,2026-02-25,App,Standard,2,SKU039,Grocery,Staples,1,12.3,16.6,26.4,3.09,Fragile,High,60,890.4,9,0.51,4.59,63,56.4,Z3,A1,R2,50,29.5,32.89,14.33,22,14,B,Z,BZ
ORD00052,1,2026-03-18,App,Standard,3,SKU015,Health & Wellness,Wellness,2,29.5,12.5,28.2,7.52,HighValue,Low,30,1342.79,21,0.16,3.36,147,115.5,Z8,A1,R5,50,74.0,68.42,26.27,78,32,A,X,AX
ORD00052,2,2026-03-18,App,Standard,3,SKU025,Grocery,Snacks,1,23.2,13.1,20.5,5.44,Ambient,High,730,326.2,37,0.22,8.14,259,193.4,Z6,A4,R1,40,64.0,61.14,33.32,80,27,B,X,BX
ORD00052,3,2026-03-18,App,Standard,3,SKU057,Grocery,Breakfast,2,16.4,29.7,32.7,5.25,Ambient,Low,365,614.29,6,0.86,5.16,42,31.7,Z7,A2,R1,40,64.0,58.27,25.29,30,24,B,Z,BZ
ORD00053,1,2026-03-31,App,Standard,4,SKU015,Health & Wellness,Wellness,3,29.5,12.5,28.2,7.52,HighValue,Low,30,1342.79,21,0.16,3.36,147,115.5,Z8,A1,R5,50,74.0,79.81,25.05,78,32,A,X,AX
ORD00053,2,2026-03-31,App,Standard,4,SKU003,Household,Cleaning,1,31.1,12.5,27.4,4.91,Ambient,Medium,365,1655.33,5,0.86,4.3,35,36.0,Z5,A4,R6,30,63.5,78.94,30.08,52,40,A,Z,AZ
ORD00053,3,2026-03-31,App,Standard,4,SKU041,Personal Care,Hair Care,1,17.1,11.1,28.2,3.02,Ambient,High,365,612.15,6,0.34,2.04,42,45.6,Z5,A5,R6,30,67.5,69.5,33.28,43,26,B,Y,BY
ORD00053,4,2026-03-31,App,Standard,4,SKU087,Health & Wellness,Vitamins,2,15.9,15.9,8.7,3.54,Ambient,Medium,60,616.2,7,0.74,5.18,49,38.8,Z1,A2,R5,50,22.0,20.56,15.57,29,22,B,Z,BZ
ORD00054,1,2026-01-25,Web,Standard,2,SKU052,Grocery,Staples,3,29.7,5.0,35.4,3.75,Ambient,Medium,180,1135.1,36,0.23,8.28,252,281.7,Z8,A5,R5,50,90.0,76.95,41.36,56,20,A,X,AX
ORD00054,2,2026-01-25,Web,Standard,2,SKU081,Grocery,Breakfast,1,28.0,20.5,28.6,4.5,Ambient,Medium,30,345.24,7,0.68,4.76,49,53.2,Z5,A4,R5,50,62.0,72.09,29.94,14,10,C,Z,CZ
ORD00055,1,2026-01-15,App,Standard,3,SKU022,Grocery,Staples,1,26.9,12.8,26.2,4.14,Ambient,Low,730,799.0,14,0.38,5.32,98,96.6,Z7,A5,R5,50,82.0,89.98,34.66,21,10,C,Y,CY
ORD00055,2,2026-01-15,App,Standard,3,SKU111,Grocery,Snacks,3,15.9,28.7,6.1,1.31,Ambient,Low,30,1043.71,25,0.28,7.0,175,173.5,Z8,A2,R2,50,73.5,74.11,25.39,52,19,A,Y,AY
ORD00055,3,2026-01-15,App,Standard,3,SKU120,Grocery,Staples,2,18.2,17.1,12.1,4.89,Ambient,Medium,90,1756.29,6,0.43,2.58,42,32.4,Z6,A2,R3,30,59.0,51.31,24.42,12,9,B,Y,BY
ORD00056,1,2026-03-02,App,Standard,6,SKU111,Grocery,Snacks,3,15.9,28.7,6.1,1.31,Ambient,Low,30,1043.71,25,0.28,7.0,175,173.5,Z8,A2,R2,50,73.5,84.8,26.57,52,19,A,Y,AY
ORD00056,2,2026-03-02,App,Standard,6,SKU009,Grocery,Snacks,2,31.2,6.9,33.3,6.86,Ambient,Medium,30,1744.97,3,0.63,1.89,21,25.4,Z3,A2,R3,30,35.0,36.96,21.86,13,10,B,Z,BZ
ORD00056,3,2026-03-02,App,Standard,6,SKU054,Grocery,Staples,1,24.4,8.8,37.6,2.41,Ambient,Medium,180,457.62,4,0.87,3.48,28,28.1,Z4,A4,R3,30,51.0,53.69,25.39,24,16,C,Z,CZ
ORD00056,4,2026-03-02,App,Standard,6,SKU052,Grocery,Staples,2,29.7,5.0,35.4,3.75,Ambient,Medium,180,1135.1,36,0.23,8.28,252,281.7,Z8,A5,R5,50,90.0,108.16,41.13,56,20,A,X,AX
ORD00056,5,2026-03-02,App,Standard,6,SKU085,Grocery,Snacks,1,13.7,8.0,22.4,3.5,Ambient,Low,365,1504.2,28,0.21,5.88,196,224.1,Z5,A5,R5,50,66.0,78.09,34.15,65,22,A,X,AX
ORD00056,6,2026-03-02,App,Standard,6,SKU021,Grocery,Staples,4,20.3,22.0,34.5,2.72,Fragile,High,90,341.96,32,0.15,4.8,224,275.4,Z7,A5,R3,30,79.0,81.57,36.85,58,21,B,X,BX
ORD00057,1,2026-02-16,App,Standard,4,SKU036,Grocery,Cooking,4,22.3,27.7,18.1,7.54,Ambient,Medium,60,205.87,13,0.34,4.42,91,102.4,Z6,A4,R5,50,70.0,78.79,35.52,36,16,C,Y,CY
ORD00057,2,2026-02-16,App,Standard,4,SKU083,Grocery,Beverages,1,33.2,19.9,35.9,1.33,Ambient,Low,180,1199.94,6,0.56,3.36,42,40.6,Z2,A4,R3,30,35.0,32.03,23.07,13,11,C,Z,CZ
ORD00057,3,2026-02-16,App,Standard,4,SKU090,Grocery,Breakfast,2,23.9,24.9,25.7,2.88,Ambient,Low,90,1501.26,6,0.39,2.34,42,31.2,Z7,A1,R3,30,63.0,75.15,22.74,36,19,A,Y,AY
ORD00057,4,2026-02-16,App,Standard,4,SKU022,Grocery,Staples,2,26.9,12.8,26.2,4.14,Ambient,Low,730,799.0,14,0.38,5.32,98,96.6,Z7,A5,R5,50,82.0,78.53,35.62,21,10,C,Y,CY
ORD00058,1,2026-02-22,Web,Express,4,SKU107,Grocery,Breakfast,3,6.1,21.2,15.0,6.91,Fragile,Medium,90,245.94,41,0.17,6.97,287,259.0,Z8,A5,R4,40,88.5,85.92,38.55,61,19,C,X,CX
ORD00058,2,2026-02-22,Web,Express,4,SKU005,Grocery,Breakfast,1,20.8,20.2,38.8,7.44,Ambient,Medium,180,1791.39,5,0.48,2.4,35,37.0,Z3,A4,R4,40,44.5,48.23,27.2,23,19,A,Y,AY
ORD00058,3,2026-02-22,Web,Express,4,SKU083,Grocery,Beverages,1,33.2,19.9,35.9,1.33,Ambient,Low,180,1199.94,6,0.56,3.36,42,40.6,Z2,A4,R3,30,35.0,43.28,24.05,13,11,C,Z,CZ
ORD00058,4,2026-02-22,Web,Express,4,SKU024,Grocery,Breakfast,2,13.9,8.2,19.7,7.53,Ambient,Medium,90,745.78,3,0.6,1.8,21,24.3,Z8,A5,R6,30,91.5,99.51,36.48,13,11,C,Z,CZ
ORD00059,1,2026-02-06,Web,Express,3,SKU018,Grocery,Beverages,2,28.9,26.5,36.5,1.76,Ambient,Medium,180,1753.56,3,0.85,2.55,21,23.4,Z6,A2,R2,50,57.5,64.07,21.66,20,13,A,Z,AZ
ORD00059,2,2026-02-06,Web,Express,3,SKU008,Personal Care,Bath & Body,1,26.9,21.8,39.4,0.88,Ambient,High,60,365.07,4,0.63,2.52,28,27.9,Z2,A1,R2,50,21.5,23.91,13.18,20,19,C,Z,CZ
ORD00059,3,2026-02-06,Web,Express,3,SKU091,Pet Care,Dog Food,2,16.5,19.5,38.4,5.94,Fragile,High,365,1182.01,5,0.7,3.5,35,30.7,Z3,A5,R2,50,45.5,46.29,27.6,30,23,A,Z,AZ
ORD00060,1,2026-02-19,App,Standard,4,SKU069,Grocery,Cooking,1,24.1,16.6,29.5,5.23,Ambient,Low,180,231.11,8,0.44,3.52,56,46.4,Z7,A3,R4,40,72.5,82.66,29.77,36,23,C,Y,CY
ORD00060,2,2026-02-19,App,Standard,4,SKU044,Pet Care,Cat Food,2,22.2,16.7,20.4,1.56,Ambient,Medium,30,736.26,14,0.33,4.62,98,72.6,Z7,A3,R5,50,74.0,90.93,30.02,79,32,A,Y,AY
ORD00060,3,2026-02-19,App,Standard,4,SKU070,Household,Laundry,5,33.5,22.4,23.9,4.74,Ambient,Medium,180,1117.78,38,0.16,6.08,266,323.6,Z6,A5,R5,50,74.0,69.48,39.15,89,29,A,X,AX
ORD00060,4,2026-02-19,App,Standard,4,SKU046,Pet Care,Cat Food,1,14.2,20.5,26.3,5.95,Ambient,Low,730,169.11,14,0.55,7.7,98,81.5,Z6,A1,R3,30,55.0,56.0,22.36,34,22,C,Z,CZ
ORD00061,1,2026-02-12,App,Standard,3,SKU070,Household,Laundry,4,33.5,22.4,23.9,4.74,Ambient,Medium,180,1117.78,38,0.16,6.08,266,323.6,Z6,A5,R5,50,74.0,68.83,37.34,89,29,A,X,AX
ORD00061,2,2026-02-12,App,Standard,3,SKU044,Pet Care,Cat Food,2,22.2,16.7,20.4,1.56,Ambient,Medium,30,736.26,14,0.33,4.62,98,72.6,Z7,A3,R5,50,74.0,89.74,28.82,79,32,A,Y,AY
ORD00061,3,2026-02-12,App,Standard,3,SKU087,Health & Wellness,Vitamins,1,15.9,15.9,8.7,3.54,Ambient,Medium,60,616.2,7,0.74,5.18,49,38.8,Z1,A2,R5,50,22.0,25.0,16.09,29,22,B,Z,BZ
ORD00062,1,2026-01-11,App,Standard,3,SKU073,Household,Home Care,2,12.0,24.4,32.6,4.81,Ambient,High,365,469.91,8,0.49,3.92,56,44.6,Z6,A5,R1,40,68.0,74.51,31.53,26,15,C,Y,CY
ORD00062,2,2026-01-11,App,Standard,3,SKU026,Household,Home Care,3,29.6,23.8,28.5,1.87,Frozen,Low,180,1110.01,43,0.15,6.45,301,337.9,Z6,A1,R6,30,59.5,73.55,22.07,80,26,A,X,AX
ORD00062,3,2026-01-11,App,Standard,3,SKU045,Household,Cleaning,1,21.9,12.6,39.8,1.04,Ambient,Medium,60,1401.86,7,0.29,2.03,49,44.6,Z5,A2,R1,40,48.0,44.63,18.04,18,14,B,Y,BY
ORD00063,1,2026-02-17,App,Standard,6,SKU111,Grocery,Snacks,2,15.9,28.7,6.1,1.31,Ambient,Low,30,1043.71,25,0.28,7.0,175,173.5,Z8,A2,R2,50,73.5,88.58,25.16,52,19,A,Y,AY
ORD00063,2,2026-02-17,App,Standard,6,SKU090,Grocery,Breakfast,3,23.9,24.9,25.7,2.88,Ambient,Low,90,1501.26,6,0.39,2.34,42,31.2,Z7,A1,R3,30,63.0,76.26,20.56,36,19,A,Y,AY
ORD00063,3,2026-02-17,App,Standard,6,SKU035,Grocery,Snacks,1,21.9,10.4,29.5,6.16,Ambient,Medium,30,1405.58,12,0.45,5.4,84,66.4,Z1,A1,R6,30,19.5,23.97,14.08,14,10,B,Y,BY
ORD00063,4,2026-02-17,App,Standard,6,SKU009,Grocery,Snacks,2,31.2,6.9,33.3,6.86,Ambient,Medium,30,1744.97,3,0.63,1.89,21,25.4,Z3,A2,R3,30,35.0,32.95,20.4,13,10,B,Z,BZ
ORD00063,5,2026-02-17,App,Standard,6,SKU005,Grocery,Breakfast,1,20.8,20.2,38.8,7.44,Ambient,Medium,180,1791.39,5,0.48,2.4,35,37.0,Z3,A4,R4,40,44.5,50.89,26.88,23,19,A,Y,AY
ORD00063,6,2026-02-17,App,Standard,6,SKU039,Grocery,Staples,2,12.3,16.6,26.4,3.09,Fragile,High,60,890.4,9,0.51,4.59,63,56.4,Z3,A1,R2,50,29.5,29.4,13.89,22,14,B,Z,BZ
ORD00064,1,2026-03-25,App,Standard,5,SKU047,Household,Cleaning,2,25.7,16.7,6.1,2.38,Ambient,Low,60,1664.94,13,0.24,3.12,91,103.1,Z4,A5,R3,30,55.0,62.04,30.11,42,20,A,X,AX
ORD00064,2,2026-03-25,App,Standard,5,SKU088,Household,Cleaning,2,32.2,13.7,30.5,6.57,Ambient,Low,60,332.96,13,0.4,5.2,91,71.4,Z1,A2,R4,40,20.5,22.85,17.81,63,34,B,Y,BY
ORD00064,3,2026-03-25,App,Standard,5,SKU043,Household,Cleaning,2,15.8,12.6,29.8,1.1,Fragile,Low,90,1262.92,8,0.34,2.72,56,43.1,Z1,A3,R1,40,20.0,21.85,16.71,28,17,A,Y,AY
ORD00064,4,2026-03-25,App,Standard,5,SKU099,Household,Laundry,1,29.0,8.5,13.8,5.17,Ambient,Low,365,1535.82,7,0.5,3.5,49,42.0,Z8,A1,R6,30,75.5,67.34,25.11,38,24,A,Y,AY
ORD00064,5,2026-03-25,App,Standard,5,SKU073,Household,Home Care,2,12.0,24.4,32.6,4.81,Ambient,High,365,469.91,8,0.49,3.92,56,44.6,Z6,A5,R1,40,68.0,60.9,31.64,26,15,C,Y,CY
ORD00065,1,2026-01-14,App,Standard,3,SKU071,Grocery,Beverages,1,33.5,26.4,8.5,5.52,Ambient,Low,180,514.69,16,0.24,3.84,112,138.0,Z4,A4,R6,30,55.5,49.63,29.88,35,15,B,X,BX
ORD00065,2,2026-01-14,App,Standard,3,SKU042,Grocery,Beverages,2,10.8,8.0,23.8,6.12,Ambient,Medium,730,1071.52,8,0.29,2.32,56,62.6,Z4,A1,R1,40,36.0,44.27,17.66,43,26,A,Y,AY
ORD00065,3,2026-01-14,App,Standard,3,SKU035,Grocery,Snacks,2,21.9,10.4,29.5,6.16,Ambient,Medium,30,1405.58,12,0.45,5.4,84,66.4,Z1,A1,R6,30,19.5,22.22,13.69,14,10,B,Y,BY
ORD00066,1,2026-02-02,Web,Standard,4,SKU057,Grocery,Breakfast,2,16.4,29.7,32.7,5.25,Ambient,Low,365,614.29,6,0.86,5.16,42,31.7,Z7,A2,R1,40,64.0,57.94,23.35,30,24,B,Z,BZ
ORD00066,2,2026-02-02,Web,Standard,4,SKU015,Health & Wellness,Wellness,2,29.5,12.5,28.2,7.52,HighValue,Low,30,1342.79,21,0.16,3.36,147,115.5,Z8,A1,R5,50,74.0,89.38,26.08,78,32,A,X,AX
ORD00066,3,2026-02-02,Web,Standard,4,SKU025,Grocery,Snacks,5,23.2,13.1,20.5,5.44,Ambient,High,730,326.2,37,0.22,8.14,259,193.4,Z6,A4,R1,40,64.0,73.17,32.72,80,27,B,X,BX
ORD00066,4,2026-02-02,Web,Standard,4,SKU003,Household,Cleaning,1,31.1,12.5,27.4,4.91,Ambient,Medium,365,1655.33,5,0.86,4.3,35,36.0,Z5,A4,R6,30,63.5,56.87,29.28,52,40,A,Z,AZ
ORD00067,1,2026-02-21,App,Standard,6,SKU036,Grocery,Cooking,3,22.3,27.7,18.1,7.54,Ambient,Medium,60,205.87,13,0.34,4.42,91,102.4,Z6,A4,R5,50,70.0,79.86,35.98,36,16,C,Y,CY
ORD00067,2,2026-02-21,App,Standard,6,SKU071,Grocery,Beverages,4,33.5,26.4,8.5,5.52,Ambient,Low,180,514.69,16,0.24,3.84,112,138.0,Z4,A4,R6,30,55.5,58.01,31.26,35,15,B,X,BX
ORD00067,3,2026-02-21,App,Standard,6,SKU078,Grocery,Breakfast,2,7.9,15.7,28.3,3.06,Ambient,Low,30,190.48,4,0.61,2.44,28,21.1,Z4,A1,R6,30,43.5,38.08,17.02,12,9,C,Z,CZ
ORD00067,4,2026-02-21,App,Standard,6,SKU030,Grocery,Beverages,1,7.4,8.8,18.4,1.31,Ambient,Low,180,763.0,3,0.85,2.55,21,17.1,Z2,A2,R5,50,30.0,35.92,14.79,12,10,C,Z,CZ
ORD00067,5,2026-02-21,App,Standard,6,SKU022,Grocery,Staples,2,26.9,12.8,26.2,4.14,Ambient,Low,730,799.0,14,0.38,5.32,98,96.6,Z7,A5,R5,50,82.0,93.44,35.85,21,10,C,Y,CY
ORD00067,6,2026-02-21,App,Standard,6,SKU024,Grocery,Breakfast,1,13.9,8.2,19.7,7.53,Ambient,Medium,90,745.78,3,0.6,1.8,21,24.3,Z8,A5,R6,30,91.5,109.73,39.76,13,11,C,Z,CZ
ORD00068,1,2026-03-08,App,Standard,4,SKU085,Grocery,Snacks,4,13.7,8.0,22.4,3.5,Ambient,Low,365,1504.2,28,0.21,5.88,196,224.1,Z5,A5,R5,50,66.0,64.84,34.6,65,22,A,X,AX
ORD00068,2,2026-03-08,App,Standard,4,SKU072,Health & Wellness,Vitamins,1,24.3,19.9,5.7,6.32,HighValue,Low,365,389.24,6,0.45,2.7,42,48.6,Z6,A2,R4,40,60.5,64.75,25.11,54,33,B,Y,BY
ORD00068,3,2026-03-08,App,Standard,4,SKU062,Personal Care,Hair Care,1,25.3,8.9,20.5,2.83,Ambient,Low,90,835.88,12,0.52,6.24,84,72.8,Z1,A3,R2,50,21.5,18.95,19.91,40,22,A,Z,AZ
ORD00068,4,2026-03-08,App,Standard,4,SKU068,Grocery,Cooking,2,25.2,21.8,25.5,6.6,Ambient,Low,30,1124.7,14,0.25,3.5,98,119.4,Z8,A1,R3,30,71.0,62.85,26.15,35,16,A,X,AX
ORD00069,1,2026-03-05,App,Express,3,SKU020,Grocery,Staples,2,30.8,10.6,33.6,3.74,Ambient,Low,30,1196.56,11,0.51,5.61,77,70.8,Z8,A4,R3,30,83.0,81.87,30.55,37,19,A,Z,AZ
ORD00069,2,2026-03-05,App,Express,3,SKU054,Grocery,Staples,2,24.4,8.8,37.6,2.41,Ambient,Medium,180,457.62,4,0.87,3.48,28,28.1,Z4,A4,R3,30,51.0,60.57,25.87,24,16,C,Z,CZ
ORD00069,3,2026-03-05,App,Express,3,SKU089,Baby Care,Diapers,1,23.8,16.6,24.7,4.68,Ambient,Medium,365,598.69,2,0.88,1.76,14,17.3,Z2,A1,R6,30,27.5,29.97,16.07,18,14,C,Z,CZ
ORD00070,1,2026-03-26,App,Standard,3,SKU056,Pet Care,Cat Food,2,15.0,24.1,18.2,7.47,Ambient,Low,180,439.57,13,0.4,5.2,91,102.5,Z3,A2,R2,50,33.5,29.91,21.84,9,7,C,Y,CY
ORD00070,2,2026-03-26,App,Standard,3,SKU007,Pet Care,Dog Food,1,25.1,10.4,9.6,7.49,Ambient,Medium,180,362.98,5,0.52,2.6,35,26.4,Z4,A5,R6,30,59.5,72.71,31.95,7,6,C,Z,CZ
ORD00070,3,2026-03-26,App,Standard,3,SKU029,Pet Care,Cat Food,2,19.2,11.5,13.7,5.14,Ambient,Medium,90,805.77,15,0.3,4.5,105,114.7,Z6,A1,R5,50,58.0,67.43,22.03,35,17,A,Y,AY
ORD00071,1,2026-02-13,Web,Standard,2,SKU052,Grocery,Staples,4,29.7,5.0,35.4,3.75,Ambient,Medium,180,1135.1,36,0.23,8.28,252,281.7,Z8,A5,R5,50,90.0,94.8,39.85,56,20,A,X,AX
ORD00071,2,2026-02-13,Web,Standard,2,SKU111,Grocery,Snacks,4,15.9,28.7,6.1,1.31,Ambient,Low,30,1043.71,25,0.28,7.0,175,173.5,Z8,A2,R2,50,73.5,79.48,24.6,52,19,A,Y,AY
ORD00072,1,2026-01-17,App,Standard,2,SKU078,Grocery,Breakfast,1,7.9,15.7,28.3,3.06,Ambient,Low,30,190.48,4,0.61,2.44,28,21.1,Z4,A1,R6,30,43.5,42.18,18.1,12,9,C,Z,CZ
ORD00072,2,2026-01-17,App,Standard,2,SKU090,Grocery,Breakfast,2,23.9,24.9,25.7,2.88,Ambient,Low,90,1501.26,6,0.39,2.34,42,31.2,Z7,A1,R3,30,63.0,71.49,22.37,36,19,A,Y,AY
ORD00073,1,2026-03-12,App,Standard,4,SKU027,Personal Care,Skin Care,2,12.3,21.4,5.2,6.03,Ambient,Low,60,1452.29,11,0.4,4.4,77,83.4,Z3,A4,R3,30,43.0,49.41,26.58,25,13,A,Y,AY
ORD00073,2,2026-03-12,App,Standard,4,SKU054,Grocery,Staples,2,24.4,8.8,37.6,2.41,Ambient,Medium,180,457.62,4,0.87,3.48,28,28.1,Z4,A4,R3,30,51.0,60.63,25.3,24,16,C,Z,CZ
ORD00073,3,2026-03-12,App,Standard,4,SKU020,Grocery,Staples,2,30.8,10.6,33.6,3.74,Ambient,Low,30,1196.56,11,0.51,5.61,77,70.8,Z8,A4,R3,30,83.0,71.39,32.39,37,19,A,Z,AZ
ORD00073,4,2026-03-12,App,Standard,4,SKU053,Grocery,Cooking,1,18.1,22.5,9.2,7.79,Ambient,Low,365,49.27,7,0.53,3.71,49,45.3,Z8,A2,R1,40,72.0,66.96,28.32,44,30,C,Z,CZ
ORD00074,1,2026-01-21,App,Standard,7,SKU082,Grocery,Beverages,2,31.1,19.2,19.0,1.22,Ambient,Medium,60,692.75,10,0.25,2.5,70,66.5,Z7,A3,R2,50,69.5,69.85,27.94,13,9,C,X,CX
ORD00074,2,2026-01-21,App,Standard,7,SKU025,Grocery,Snacks,5,23.2,13.1,20.5,5.44,Ambient,High,730,326.2,37,0.22,8.14,259,193.4,Z6,A4,R1,40,64.0,62.4,35.19,80,27,B,X,BX
ORD00074,3,2026-01-21,App,Standard,7,SKU053,Grocery,Cooking,2,18.1,22.5,9.2,7.79,Ambient,Low,365,49.27,7,0.53,3.71,49,45.3,Z8,A2,R1,40,72.0,68.44,26.02,44,30,C,Z,CZ
ORD00074,4,2026-01-21,App,Standard,7,SKU103,Grocery,Staples,1,24.2,20.6,7.2,6.71,Ambient,Medium,365,454.44,1,0.52,0.52,7,5.5,Z5,A3,R5,50,58.0,69.49,28.5,10,7,C,Z,CZ
ORD00074,5,2026-01-21,App,Standard,7,SKU016,Grocery,Snacks,3,24.0,11.6,22.1,7.25,Ambient,Low,90,103.25,10,0.31,3.1,70,61.8,Z4,A2,R3,30,43.0,48.67,23.83,26,14,C,Y,CY
ORD00074,6,2026-01-21,App,Standard,7,SKU061,Grocery,Cooking,2,28.8,9.2,7.8,6.98,Ambient,High,60,437.13,11,0.42,4.62,77,80.9,Z4,A3,R1,40,44.0,47.02,25.87,33,20,C,Y,CY
ORD00074,7,2026-01-21,App,Standard,7,SKU081,Grocery,Breakfast,1,28.0,20.5,28.6,4.5,Ambient,Medium,30,345.24,7,0.68,4.76,49,53.2,Z5,A4,R5,50,62.0,76.61,30.6,14,10,C,Z,CZ
ORD00075,1,2026-02-07,App,Standard,3,SKU118,Household,Home Care,2,33.2,8.9,28.1,5.79,Ambient,Medium,30,169.17,44,0.13,5.72,308,376.3,Z8,A3,R3,30,79.0,89.58,33.03,71,23,C,X,CX
ORD00075,2,2026-02-07,App,Standard,3,SKU053,Grocery,Cooking,1,18.1,22.5,9.2,7.79,Ambient,Low,365,49.27,7,0.53,3.71,49,45.3,Z8,A2,R1,40,72.0,70.49,26.51,44,30,C,Z,CZ
ORD00075,3,2026-02-07,App,Standard,3,SKU065,Dairy & Chilled,Dairy,1,23.8,6.0,32.6,0.36,Chilled,Low,60,184.99,23,0.18,4.14,161,138.8,Z7,A2,R6,30,71.5,78.38,25.8,54,25,C,X,CX
ORD00076,1,2026-03-26,App,Standard,3,SKU100,Baby Care,Baby Food,2,9.4,15.9,38.1,1.85,Ambient,Low,30,728.71,20,0.33,6.6,140,126.8,Z7,A4,R2,50,73.5,88.45,30.52,62,29,A,Y,AY
ORD00076,2,2026-03-26,App,Standard,3,SKU049,Personal Care,Bath & Body,1,17.1,11.8,23.9,3.56,Ambient,Medium,365,469.4,6,0.55,3.3,42,31.5,Z5,A1,R1,40,44.0,42.57,17.13,44,39,B,Z,BZ
ORD00076,3,2026-03-26,App,Standard,3,SKU019,Health & Wellness,OTC,3,29.3,27.0,5.9,5.92,HighValue,High,730,1558.71,7,0.54,3.78,49,56.1,Z4,A3,R6,30,51.5,53.56,26.85,41,25,A,Z,AZ
ORD00077,1,2026-03-13,Web,Standard,5,SKU118,Household,Home Care,4,33.2,8.9,28.1,5.79,Ambient,Medium,30,169.17,44,0.13,5.72,308,376.3,Z8,A3,R3,30,79.0,92.52,33.18,71,23,C,X,CX
ORD00077,2,2026-03-13,Web,Standard,5,SKU053,Grocery,Cooking,1,18.1,22.5,9.2,7.79,Ambient,Low,365,49.27,7,0.53,3.71,49,45.3,Z8,A2,R1,40,72.0,87.07,26.13,44,30,C,Z,CZ
ORD00077,3,2026-03-13,Web,Standard,5,SKU065,Dairy & Chilled,Dairy,1,23.8,6.0,32.6,0.36,Chilled,Low,60,184.99,23,0.18,4.14,161,138.8,Z7,A2,R6,30,71.5,87.89,24.34,54,25,C,X,CX
ORD00077,4,2026-03-13,Web,Standard,5,SKU003,Household,Cleaning,1,31.1,12.5,27.4,4.91,Ambient,Medium,365,1655.33,5,0.86,4.3,35,36.0,Z5,A4,R6,30,63.5,67.64,31.43,52,40,A,Z,AZ
ORD00077,5,2026-03-13,Web,Standard,5,SKU014,Household,Cleaning,1,20.2,8.3,17.2,0.64,Ambient,Low,365,1273.78,14,0.26,3.64,98,101.6,Z8,A5,R2,50,85.5,95.6,33.69,35,16,A,Y,AY
ORD00078,1,2026-01-28,App,Standard,5,SKU052,Grocery,Staples,4,29.7,5.0,35.4,3.75,Ambient,Medium,180,1135.1,36,0.23,8.28,252,281.7,Z8,A5,R5,50,90.0,91.17,41.34,56,20,A,X,AX
ORD00078,2,2026-01-28,App,Standard,5,SKU021,Grocery,Staples,3,20.3,22.0,34.5,2.72,Fragile,High,90,341.96,32,0.15,4.8,224,275.4,Z7,A5,R3,30,79.0,77.15,37.39,58,21,B,X,BX
ORD00078,3,2026-01-28,App,Standard,5,SKU036,Grocery,Cooking,2,22.3,27.7,18.1,7.54,Ambient,Medium,60,205.87,13,0.34,4.42,91,102.4,Z6,A4,R5,50,70.0,59.67,33.31,36,16,C,Y,CY
ORD00078,4,2026-01-28,App,Standard,5,SKU103,Grocery,Staples,1,24.2,20.6,7.2,6.71,Ambient,Medium,365,454.44,1,0.52,0.52,7,5.5,Z5,A3,R5,50,58.0,66.61,25.99,10,7,C,Z,CZ
ORD00078,5,2026-01-28,App,Standard,5,SKU081,Grocery,Breakfast,1,28.0,20.5,28.6,4.5,Ambient,Medium,30,345.24,7,0.68,4.76,49,53.2,Z5,A4,R5,50,62.0,61.57,30.86,14,10,C,Z,CZ
ORD00079,1,2026-03-06,App,Standard,2,SKU099,Household,Laundry,1,29.0,8.5,13.8,5.17,Ambient,Low,365,1535.82,7,0.5,3.5,49,42.0,Z8,A1,R6,30,75.5,80.66,25.0,38,24,A,Y,AY
ORD00079,2,2026-03-06,App,Standard,2,SKU112,Personal Care,Oral Care,2,5.8,9.7,23.1,7.32,Ambient,Medium,60,1793.55,2,0.88,1.76,14,12.0,Z8,A3,R2,50,77.5,86.87,29.18,36,24,A,Z,AZ
ORD00080,1,2026-03-24,Web,Standard,3,SKU116,Health & Wellness,Wellness,2,25.4,13.6,35.7,6.26,Ambient,Low,30,1500.72,14,0.25,3.5,98,96.5,Z7,A4,R3,30,75.0,83.13,34.0,40,18,A,X,AX
ORD00080,2,2026-03-24,Web,Standard,3,SKU113,Health & Wellness,Vitamins,2,30.6,16.3,36.5,3.62,HighValue,Medium,90,1210.42,16,0.18,2.88,112,122.1,Z6,A3,R1,40,60.0,56.3,26.39,30,13,A,X,AX
ORD00080,3,2026-03-24,Web,Standard,3,SKU019,Health & Wellness,OTC,3,29.3,27.0,5.9,5.92,HighValue,High,730,1558.71,7,0.54,3.78,49,56.1,Z4,A3,R6,30,51.5,47.51,25.37,41,25,A,Z,AZ
ORD00081,1,2026-03-14,App,Standard,5,SKU106,Grocery,Snacks,1,19.4,9.6,9.7,5.76,Ambient,Low,60,1597.28,12,0.54,6.48,84,73.4,Z5,A5,R1,40,60.0,62.66,30.95,27,16,A,Z,AZ
ORD00081,2,2026-03-14,App,Standard,5,SKU100,Baby Care,Baby Food,2,9.4,15.9,38.1,1.85,Ambient,Low,30,728.71,20,0.33,6.6,140,126.8,Z7,A4,R2,50,73.5,82.86,31.61,62,29,A,Y,AY
ORD00081,3,2026-03-14,App,Standard,5,SKU108,Pet Care,Pet Hygiene,1,16.6,29.3,22.4,4.03,Ambient,Medium,730,778.49,12,0.52,6.24,84,78.7,Z4,A1,R5,50,42.0,49.27,18.34,32,20,B,Z,BZ
ORD00081,4,2026-03-14,App,Standard,5,SKU019,Health & Wellness,OTC,3,29.3,27.0,5.9,5.92,HighValue,High,730,1558.71,7,0.54,3.78,49,56.1,Z4,A3,R6,30,51.5,50.23,25.28,41,25,A,Z,AZ
ORD00081,5,2026-03-14,App,Standard,5,SKU103,Grocery,Staples,2,24.2,20.6,7.2,6.71,Ambient,Medium,365,454.44,1,0.52,0.52,7,5.5,Z5,A3,R5,50,58.0,64.17,28.26,10,7,C,Z,CZ
ORD00082,1,2026-02-05,Web,Standard,5,SKU021,Grocery,Staples,1,20.3,22.0,34.5,2.72,Fragile,High,90,341.96,32,0.15,4.8,224,275.4,Z7,A5,R3,30,79.0,67.74,36.24,58,21,B,X,BX
ORD00082,2,2026-02-05,Web,Standard,5,SKU061,Grocery,Cooking,2,28.8,9.2,7.8,6.98,Ambient,High,60,437.13,11,0.42,4.62,77,80.9,Z4,A3,R1,40,44.0,47.64,23.34,33,20,C,Y,CY
ORD00082,3,2026-02-05,Web,Standard,5,SKU085,Grocery,Snacks,3,13.7,8.0,22.4,3.5,Ambient,Low,365,1504.2,28,0.21,5.88,196,224.1,Z5,A5,R5,50,66.0,80.03,35.54,65,22,A,X,AX
ORD00082,4,2026-02-05,Web,Standard,5,SKU068,Grocery,Cooking,2,25.2,21.8,25.5,6.6,Ambient,Low,30,1124.7,14,0.25,3.5,98,119.4,Z8,A1,R3,30,71.0,88.71,26.05,35,16,A,X,AX
ORD00082,5,2026-02-05,Web,Standard,5,SKU057,Grocery,Breakfast,1,16.4,29.7,32.7,5.25,Ambient,Low,365,614.29,6,0.86,5.16,42,31.7,Z7,A2,R1,40,64.0,63.76,26.03,30,24,B,Z,BZ
ORD00083,1,2026-01-29,App,Standard,5,SKU070,Household,Laundry,2,33.5,22.4,23.9,4.74,Ambient,Medium,180,1117.78,38,0.16,6.08,266,323.6,Z6,A5,R5,50,74.0,79.65,38.85,89,29,A,X,AX
ORD00083,2,2026-01-29,App,Standard,5,SKU069,Grocery,Cooking,3,24.1,16.6,29.5,5.23,Ambient,Low,180,231.11,8,0.44,3.52,56,46.4,Z7,A3,R4,40,72.5,82.85,27.69,36,23,C,Y,CY
ORD00083,3,2026-01-29,App,Standard,5,SKU044,Pet Care,Cat Food,4,22.2,16.7,20.4,1.56,Ambient,Medium,30,736.26,14,0.33,4.62,98,72.6,Z7,A3,R5,50,74.0,85.44,26.97,79,32,A,Y,AY
ORD00083,4,2026-01-29,App,Standard,5,SKU046,Pet Care,Cat Food,1,14.2,20.5,26.3,5.95,Ambient,Low,730,169.11,14,0.55,7.7,98,81.5,Z6,A1,R3,30,55.0,51.9,20.23,34,22,C,Z,CZ
ORD00083,5,2026-01-29,App,Standard,5,SKU043,Household,Cleaning,2,15.8,12.6,29.8,1.1,Fragile,Low,90,1262.92,8,0.34,2.72,56,43.1,Z1,A3,R1,40,20.0,23.33,17.58,28,17,A,Y,AY
ORD00084,1,2026-02-19,App,Standard,3,SKU056,Pet Care,Cat Food,2,15.0,24.1,18.2,7.47,Ambient,Low,180,439.57,13,0.4,5.2,91,102.5,Z3,A2,R2,50,33.5,29.52,22.45,9,7,C,Y,CY
ORD00084,2,2026-02-19,App,Standard,3,SKU002,Pet Care,Dog Food,1,25.5,18.4,14.3,5.16,Ambient,Medium,730,1579.64,6,0.76,4.56,42,35.5,Z5,A2,R6,30,55.5,52.12,25.22,4,4,C,Z,CZ
ORD00084,3,2026-02-19,App,Standard,3,SKU108,Pet Care,Pet Hygiene,1,16.6,29.3,22.4,4.03,Ambient,Medium,730,778.49,12,0.52,6.24,84,78.7,Z4,A1,R5,50,42.0,41.5,19.21,32,20,B,Z,BZ
ORD00085,1,2026-03-03,App,Standard,5,SKU001,Health & Wellness,OTC,4,27.7,26.5,10.3,1.36,Ambient,Medium,180,964.18,40,0.17,6.8,280,345.5,Z6,A5,R3,30,71.0,74.03,36.64,52,18,A,X,AX
ORD00085,2,2026-03-03,App,Standard,5,SKU050,Health & Wellness,Wellness,1,35.0,21.8,14.4,0.42,Ambient,High,60,1794.58,5,0.88,4.4,35,32.9,Z3,A3,R2,50,37.5,34.29,19.91,22,20,A,Z,AZ
ORD00085,3,2026-03-03,App,Standard,5,SKU109,Health & Wellness,OTC,2,8.1,13.2,15.3,3.62,Ambient,Low,730,1569.32,5,0.55,2.75,35,31.3,Z3,A5,R1,40,44.0,38.16,26.34,22,19,A,Z,AZ
ORD00085,4,2026-03-03,App,Standard,5,SKU063,Health & Wellness,Vitamins,2,22.2,19.4,39.7,2.43,Ambient,Medium,730,1406.5,14,0.21,2.94,98,121.1,Z7,A1,R4,40,64.5,71.07,20.85,31,15,A,X,AX
ORD00085,5,2026-03-03,App,Standard,5,SKU038,Health & Wellness,Wellness,1,18.1,23.3,38.8,2.23,Ambient,Low,730,1076.64,20,0.29,5.8,140,122.8,Z7,A3,R1,40,68.0,59.32,28.27,56,25,A,Y,AY
ORD00086,1,2026-02-03,App,Standard,6,SKU064,Health & Wellness,Wellness,1,32.1,24.4,13.1,6.44,HighValue,Low,90,1228.03,12,0.5,6.0,84,92.1,Z2,A4,R2,50,33.5,36.39,26.17,22,14,B,Y,BY
ORD00086,2,2026-02-03,App,Standard,6,SKU001,Health & Wellness,OTC,2,27.7,26.5,10.3,1.36,Ambient,Medium,180,964.18,40,0.17,6.8,280,345.5,Z6,A5,R3,30,71.0,63.43,35.47,52,18,A,X,AX
ORD00086,3,2026-02-03,App,Standard,6,SKU012,Health & Wellness,Wellness,1,20.2,26.3,7.4,0.64,Ambient,Medium,365,1080.27,7,0.27,1.89,49,51.0,Z2,A2,R1,40,24.0,25.24,17.1,21,13,B,Y,BY
ORD00086,4,2026-02-03,App,Standard,6,SKU019,Health & Wellness,OTC,1,29.3,27.0,5.9,5.92,HighValue,High,730,1558.71,7,0.54,3.78,49,56.1,Z4,A3,R6,30,51.5,45.76,25.21,41,25,A,Z,AZ
ORD00086,5,2026-02-03,App,Standard,6,SKU110,Health & Wellness,Vitamins,1,33.4,6.9,27.3,2.97,Ambient,Low,365,1228.61,6,0.89,5.34,42,39.5,Z1,A5,R5,50,34.0,29.43,26.57,15,13,B,Z,BZ
ORD00086,6,2026-02-03,App,Standard,6,SKU116,Health & Wellness,Wellness,3,25.4,13.6,35.7,6.26,Ambient,Low,30,1500.72,14,0.25,3.5,98,96.5,Z7,A4,R3,30,75.0,67.28,34.32,40,18,A,X,AX
ORD00087,1,2026-03-03,App,Standard,4,SKU112,Personal Care,Oral Care,1,5.8,9.7,23.1,7.32,Ambient,Medium,60,1793.55,2,0.88,1.76,14,12.0,Z8,A3,R2,50,77.5,89.48,31.27,36,24,A,Z,AZ
ORD00087,2,2026-03-03,App,Standard,4,SKU061,Grocery,Cooking,2,28.8,9.2,7.8,6.98,Ambient,High,60,437.13,11,0.42,4.62,77,80.9,Z4,A3,R1,40,44.0,39.76,23.57,33,20,C,Y,CY
ORD00087,3,2026-03-03,App,Standard,4,SKU109,Health & Wellness,OTC,1,8.1,13.2,15.3,3.62,Ambient,Low,730,1569.32,5,0.55,2.75,35,31.3,Z3,A5,R1,40,44.0,52.52,27.07,22,19,A,Z,AZ
ORD00087,4,2026-03-03,App,Standard,4,SKU095,Baby Care,Diapers,1,33.4,29.9,36.9,0.84,Ambient,Low,90,344.97,23,0.29,6.67,161,131.7,Z6,A1,R2,50,53.5,54.22,21.39,43,20,C,Y,CY
ORD00088,1,2026-01-25,App,Standard,1,SKU091,Pet Care,Dog Food,1,16.5,19.5,38.4,5.94,Fragile,High,365,1182.01,5,0.7,3.5,35,30.7,Z3,A5,R2,50,45.5,50.53,28.71,30,23,A,Z,AZ
ORD00089,1,2026-02-02,App,Standard,3,SKU066,Dairy & Chilled,Dairy,2,21.2,29.3,23.6,7.32,Chilled,Medium,90,1647.44,30,0.12,3.6,210,256.1,Z5,A5,R4,40,64.5,61.37,38.46,52,17,A,X,AX
ORD00089,2,2026-02-02,App,Standard,3,SKU102,Dairy & Chilled,Beverages,1,7.4,11.4,34.2,4.44,Chilled,Medium,365,776.28,5,0.4,2.0,35,39.4,Z5,A2,R5,50,54.0,61.14,21.76,10,8,C,Y,CY
ORD00089,3,2026-02-02,App,Standard,3,SKU074,Dairy & Chilled,Dairy,3,28.7,10.9,16.3,1.48,Chilled,Low,730,772.2,15,0.16,2.4,105,80.1,Z6,A3,R3,30,63.0,70.16,27.74,53,23,A,X,AX
ORD00090,1,2026-01-30,App,Standard,3,SKU084,Personal Care,Oral Care,2,8.4,15.7,14.9,5.46,Ambient,Low,180,1772.39,16,0.3,4.8,112,81.8,Z5,A5,R3,30,63.0,74.3,35.17,28,13,A,Y,AY
ORD00090,2,2026-01-30,App,Standard,3,SKU028,Personal Care,Skin Care,1,29.0,21.7,39.6,4.8,Ambient,Medium,730,1608.34,6,0.39,2.34,42,39.3,Z2,A4,R1,40,32.0,28.33,25.25,18,9,A,Y,AY
ORD00090,3,2026-01-30,App,Standard,3,SKU013,Personal Care,Oral Care,1,26.5,11.0,18.9,5.41,Ambient,Medium,30,41.53,3,0.5,1.5,21,21.9,Z1,A5,R1,40,28.0,30.62,26.21,10,8,C,Y,CY
ORD00091,1,2026-02-19,App,Standard,6,SKU051,Baby Care,Diapers,2,15.0,21.8,35.0,2.71,Ambient,High,365,90.14,20,0.23,4.6,140,104.8,Z6,A4,R2,50,65.5,61.74,30.51,31,13,C,X,CX
ORD00091,2,2026-02-19,App,Standard,6,SKU119,Baby Care,Baby Food,1,22.2,20.5,6.1,7.12,Ambient,Low,60,1453.32,23,0.2,4.6,161,173.4,Z7,A1,R5,50,66.0,62.42,23.55,24,12,A,X,AX
ORD00091,3,2026-02-19,App,Standard,6,SKU095,Baby Care,Diapers,1,33.4,29.9,36.9,0.84,Ambient,Low,90,344.97,23,0.29,6.67,161,131.7,Z6,A1,R2,50,53.5,66.81,18.87,43,20,C,Y,CY
ORD00091,4,2026-02-19,App,Standard,6,SKU100,Baby Care,Baby Food,3,9.4,15.9,38.1,1.85,Ambient,Low,30,728.71,20,0.33,6.6,140,126.8,Z7,A4,R2,50,73.5,74.09,30.54,62,29,A,Y,AY
ORD00091,5,2026-02-19,App,Standard,6,SKU023,Baby Care,Baby Hygiene,1,27.1,9.9,20.1,7.6,Ambient,Medium,30,1302.56,6,0.87,5.22,42,36.3,Z3,A4,R6,30,47.5,54.38,28.58,20,16,B,Z,BZ
ORD00091,6,2026-02-19,App,Standard,6,SKU089,Baby Care,Diapers,1,23.8,16.6,24.7,4.68,Ambient,Medium,365,598.69,2,0.88,1.76,14,17.3,Z2,A1,R6,30,27.5,26.5,14.48,18,14,C,Z,CZ
ORD00092,1,2026-03-13,App,Standard,6,SKU044,Pet Care,Cat Food,1,22.2,16.7,20.4,1.56,Ambient,Medium,30,736.26,14,0.33,4.62,98,72.6,Z7,A3,R5,50,74.0,86.38,28.71,79,32,A,Y,AY
ORD00092,2,2026-03-13,App,Standard,6,SKU069,Grocery,Cooking,1,24.1,16.6,29.5,5.23,Ambient,Low,180,231.11,8,0.44,3.52,56,46.4,Z7,A3,R4,40,72.5,72.56,28.73,36,23,C,Y,CY
ORD00092,3,2026-03-13,App,Standard,6,SKU070,Household,Laundry,3,33.5,22.4,23.9,4.74,Ambient,Medium,180,1117.78,38,0.16,6.08,266,323.6,Z6,A5,R5,50,74.0,72.95,37.72,89,29,A,X,AX
ORD00092,4,2026-03-13,App,Standard,6,SKU046,Pet Care,Cat Food,2,14.2,20.5,26.3,5.95,Ambient,Low,730,169.11,14,0.55,7.7,98,81.5,Z6,A1,R3,30,55.0,66.47,21.7,34,22,C,Z,CZ
ORD00092,5,2026-03-13,App,Standard,6,SKU087,Health & Wellness,Vitamins,2,15.9,15.9,8.7,3.54,Ambient,Medium,60,616.2,7,0.74,5.18,49,38.8,Z1,A2,R5,50,22.0,20.97,16.67,29,22,B,Z,BZ
ORD00092,6,2026-03-13,App,Standard,6,SKU037,Pet Care,Pet Hygiene,1,22.0,6.0,23.6,5.33,Ambient,Low,180,1484.64,6,0.49,2.94,42,31.8,Z5,A2,R4,40,52.5,49.25,23.65,11,8,C,Y,CY
ORD00093,1,2026-03-31,App,Standard,2,SKU040,Grocery,Beverages,2,13.3,5.3,38.2,0.78,Ambient,Medium,730,870.07,22,0.29,6.38,154,168.1,Z8,A2,R4,40,76.5,74.63,24.18,31,16,B,Y,BY
ORD00093,2,2026-03-31,App,Standard,2,SKU068,Grocery,Cooking,1,25.2,21.8,25.5,6.6,Ambient,Low,30,1124.7,14,0.25,3.5,98,119.4,Z8,A1,R3,30,71.0,65.54,26.15,35,16,A,X,AX
ORD00094,1,2026-03-29,App,Express,6,SKU026,Household,Home Care,4,29.6,23.8,28.5,1.87,Frozen,Low,180,1110.01,43,0.15,6.45,301,337.9,Z6,A1,R6,30,59.5,68.76,21.7,80,26,A,X,AX
ORD00094,2,2026-03-29,App,Express,6,SKU097,Household,Cleaning,1,25.8,20.6,36.6,5.8,Fragile,Low,730,446.62,2,0.49,0.98,14,13.2,Z2,A2,R6,30,31.5,32.85,17.45,17,13,C,Y,CY
ORD00094,3,2026-03-29,App,Express,6,SKU043,Household,Cleaning,2,15.8,12.6,29.8,1.1,Fragile,Low,90,1262.92,8,0.34,2.72,56,43.1,Z1,A3,R1,40,20.0,24.88,16.63,28,17,A,Y,AY
ORD00094,4,2026-03-29,App,Express,6,SKU114,Household,Laundry,4,26.4,28.2,27.3,6.37,Ambient,Low,60,445.21,17,0.32,5.44,119,115.6,Z8,A4,R6,30,87.5,91.55,36.67,38,15,B,Y,BY
ORD00094,5,2026-03-29,App,Express,6,SKU118,Household,Home Care,5,33.2,8.9,28.1,5.79,Ambient,Medium,30,169.17,44,0.13,5.72,308,376.3,Z8,A3,R3,30,79.0,76.01,33.41,71,23,C,X,CX
ORD00094,6,2026-03-29,App,Express,6,SKU099,Household,Laundry,1,29.0,8.5,13.8,5.17,Ambient,Low,365,1535.82,7,0.5,3.5,49,42.0,Z8,A1,R6,30,75.5,65.81,23.04,38,24,A,Y,AY
ORD00095,1,2026-02-24,App,Standard,3,SKU066,Dairy & Chilled,Dairy,2,21.2,29.3,23.6,7.32,Chilled,Medium,90,1647.44,30,0.12,3.6,210,256.1,Z5,A5,R4,40,64.5,63.22,38.56,52,17,A,X,AX
ORD00095,2,2026-02-24,App,Standard,3,SKU074,Dairy & Chilled,Dairy,2,28.7,10.9,16.3,1.48,Chilled,Low,730,772.2,15,0.16,2.4,105,80.1,Z6,A3,R3,30,63.0,67.37,25.66,53,23,A,X,AX
ORD00095,3,2026-02-24,App,Standard,3,SKU065,Dairy & Chilled,Dairy,1,23.8,6.0,32.6,0.36,Chilled,Low,60,184.99,23,0.18,4.14,161,138.8,Z7,A2,R6,30,71.5,78.31,24.19,54,25,C,X,CX
ORD00096,1,2026-02-16,App,Standard,2,SKU052,Grocery,Staples,4,29.7,5.0,35.4,3.75,Ambient,Medium,180,1135.1,36,0.23,8.28,252,281.7,Z8,A5,R5,50,90.0,107.33,40.1,56,20,A,X,AX
ORD00096,2,2026-02-16,App,Standard,2,SKU069,Grocery,Cooking,1,24.1,16.6,29.5,5.23,Ambient,Low,180,231.11,8,0.44,3.52,56,46.4,Z7,A3,R4,40,72.5,83.04,29.98,36,23,C,Y,CY
ORD00097,1,2026-03-02,Web,Standard,5,SKU025,Grocery,Snacks,3,23.2,13.1,20.5,5.44,Ambient,High,730,326.2,37,0.22,8.14,259,193.4,Z6,A4,R1,40,64.0,65.92,33.98,80,27,B,X,BX
ORD00097,2,2026-03-02,Web,Standard,5,SKU015,Health & Wellness,Wellness,2,29.5,12.5,28.2,7.52,HighValue,Low,30,1342.79,21,0.16,3.36,147,115.5,Z8,A1,R5,50,74.0,79.49,26.2,78,32,A,X,AX
ORD00097,3,2026-03-02,Web,Standard,5,SKU003,Household,Cleaning,2,31.1,12.5,27.4,4.91,Ambient,Medium,365,1655.33,5,0.86,4.3,35,36.0,Z5,A4,R6,30,63.5,54.48,28.98,52,40,A,Z,AZ
ORD00097,4,2026-03-02,Web,Standard,5,SKU057,Grocery,Breakfast,1,16.4,29.7,32.7,5.25,Ambient,Low,365,614.29,6,0.86,5.16,42,31.7,Z7,A2,R1,40,64.0,79.06,26.35,30,24,B,Z,BZ
ORD00097,5,2026-03-02,Web,Standard,5,SKU041,Personal Care,Hair Care,1,17.1,11.1,28.2,3.02,Ambient,High,365,612.15,6,0.34,2.04,42,45.6,Z5,A5,R6,30,67.5,74.9,31.97,43,26,B,Y,BY
ORD00098,1,2026-01-23,App,Standard,7,SKU037,Pet Care,Pet Hygiene,1,22.0,6.0,23.6,5.33,Ambient,Low,180,1484.64,6,0.49,2.94,42,31.8,Z5,A2,R4,40,52.5,59.54,23.18,11,8,C,Y,CY
ORD00098,2,2026-01-23,App,Standard,7,SKU046,Pet Care,Cat Food,2,14.2,20.5,26.3,5.95,Ambient,Low,730,169.11,14,0.55,7.7,98,81.5,Z6,A1,R3,30,55.0,66.28,20.69,34,22,C,Z,CZ
ORD00098,3,2026-01-23,App,Standard,7,SKU091,Pet Care,Dog Food,2,16.5,19.5,38.4,5.94,Fragile,High,365,1182.01,5,0.7,3.5,35,30.7,Z3,A5,R2,50,45.5,52.29,31.46,30,23,A,Z,AZ
ORD00098,4,2026-01-23,App,Standard,7,SKU029,Pet Care,Cat Food,2,19.2,11.5,13.7,5.14,Ambient,Medium,90,805.77,15,0.3,4.5,105,114.7,Z6,A1,R5,50,58.0,53.18,22.01,35,17,A,Y,AY
ORD00098,5,2026-01-23,App,Standard,7,SKU044,Pet Care,Cat Food,3,22.2,16.7,20.4,1.56,Ambient,Medium,30,736.26,14,0.33,4.62,98,72.6,Z7,A3,R5,50,74.0,69.84,27.27,79,32,A,Y,AY
ORD00098,6,2026-01-23,App,Standard,7,SKU010,Pet Care,Dog Food,1,11.4,15.0,7.1,3.09,Ambient,Medium,180,531.32,4,0.64,2.56,28,30.3,Z4,A5,R2,50,53.5,61.52,30.24,17,13,C,Z,CZ
ORD00098,7,2026-01-23,App,Standard,7,SKU113,Health & Wellness,Vitamins,1,30.6,16.3,36.5,3.62,HighValue,Medium,90,1210.42,16,0.18,2.88,112,122.1,Z6,A3,R1,40,60.0,53.29,27.21,30,13,A,X,AX
ORD00099,1,2026-03-02,App,Standard,4,SKU003,Household,Cleaning,1,31.1,12.5,27.4,4.91,Ambient,Medium,365,1655.33,5,0.86,4.3,35,36.0,Z5,A4,R6,30,63.5,54.7,31.02,52,40,A,Z,AZ
ORD00099,2,2026-03-02,App,Standard,4,SKU015,Health & Wellness,Wellness,3,29.5,12.5,28.2,7.52,HighValue,Low,30,1342.79,21,0.16,3.36,147,115.5,Z8,A1,R5,50,74.0,72.53,27.94,78,32,A,X,AX
ORD00099,3,2026-03-02,App,Standard,4,SKU057,Grocery,Breakfast,1,16.4,29.7,32.7,5.25,Ambient,Low,365,614.29,6,0.86,5.16,42,31.7,Z7,A2,R1,40,64.0,68.24,26.72,30,24,B,Z,BZ
ORD00099,4,2026-03-02,App,Standard,4,SKU041,Personal Care,Hair Care,1,17.1,11.1,28.2,3.02,Ambient,High,365,612.15,6,0.34,2.04,42,45.6,Z5,A5,R6,30,67.5,83.55,31.51,43,26,B,Y,BY
ORD00100,1,2026-03-31,App,Standard,4,SKU070,Household,Laundry,2,33.5,22.4,23.9,4.74,Ambient,Medium,180,1117.78,38,0.16,6.08,266,323.6,Z6,A5,R5,50,74.0,78.39,36.9,89,29,A,X,AX
ORD00100,2,2026-03-31,App,Standard,4,SKU044,Pet Care,Cat Food,3,22.2,16.7,20.4,1.56,Ambient,Medium,30,736.26,14,0.33,4.62,98,72.6,Z7,A3,R5,50,74.0,71.39,27.31,79,32,A,Y,AY
ORD00100,3,2026-03-31,App,Standard,4,SKU046,Pet Care,Cat Food,2,14.2,20.5,26.3,5.95,Ambient,Low,730,169.11,14,0.55,7.7,98,81.5,Z6,A1,R3,30,55.0,57.57,21.72,34,22,C,Z,CZ
ORD00100,4,2026-03-31,App,Standard,4,SKU087,Health & Wellness,Vitamins,2,15.9,15.9,8.7,3.54,Ambient,Medium,60,616.2,7,0.74,5.18,49,38.8,Z1,A2,R5,50,22.0,25.44,16.03,29,22,B,Z,BZ
ORD00101,1,2026-02-07,App,Standard,4,SKU100,Baby Care,Baby Food,1,9.4,15.9,38.1,1.85,Ambient,Low,30,728.71,20,0.33,6.6,140,126.8,Z7,A4,R2,50,73.5,69.52,30.78,62,29,A,Y,AY
ORD00101,2,2026-02-07,App,Standard,4,SKU108,Pet Care,Pet Hygiene,2,16.6,29.3,22.4,4.03,Ambient,Medium,730,778.49,12,0.52,6.24,84,78.7,Z4,A1,R5,50,42.0,49.27,19.54,32,20,B,Z,BZ
ORD00101,3,2026-02-07,App,Standard,4,SKU049,Personal Care,Bath & Body,1,17.1,11.8,23.9,3.56,Ambient,Medium,365,469.4,6,0.55,3.3,42,31.5,Z5,A1,R1,40,44.0,50.48,16.97,44,39,B,Z,BZ
ORD00101,4,2026-02-07,App,Standard,4,SKU019,Health & Wellness,OTC,2,29.3,27.0,5.9,5.92,HighValue,High,730,1558.71,7,0.54,3.78,49,56.1,Z4,A3,R6,30,51.5,61.36,26.14,41,25,A,Z,AZ
ORD00102,1,2026-01-24,App,Standard,2,SKU019,Health & Wellness,OTC,1,29.3,27.0,5.9,5.92,HighValue,High,730,1558.71,7,0.54,3.78,49,56.1,Z4,A3,R6,30,51.5,49.32,25.05,41,25,A,Z,AZ
ORD00102,2,2026-01-24,App,Standard,2,SKU100,Baby Care,Baby Food,3,9.4,15.9,38.1,1.85,Ambient,Low,30,728.71,20,0.33,6.6,140,126.8,Z7,A4,R2,50,73.5,69.32,31.85,62,29,A,Y,AY
ORD00103,1,2026-01-20,App,Standard,1,SKU029,Pet Care,Cat Food,1,19.2,11.5,13.7,5.14,Ambient,Medium,90,805.77,15,0.3,4.5,105,114.7,Z6,A1,R5,50,58.0,58.4,21.36,35,17,A,Y,AY
ORD00104,1,2026-03-11,App,Standard,3,SKU026,Household,Home Care,4,29.6,23.8,28.5,1.87,Frozen,Low,180,1110.01,43,0.15,6.45,301,337.9,Z6,A1,R6,30,59.5,59.84,21.39,80,26,A,X,AX
ORD00104,2,2026-03-11,App,Standard,3,SKU114,Household,Laundry,4,26.4,28.2,27.3,6.37,Ambient,Low,60,445.21,17,0.32,5.44,119,115.6,Z8,A4,R6,30,87.5,79.93,38.76,38,15,B,Y,BY
ORD00104,3,2026-03-11,App,Standard,3,SKU048,Household,Home Care,2,21.3,21.2,36.8,6.63,Ambient,Low,730,1488.03,8,0.38,3.04,56,67.6,Z6,A3,R6,30,67.5,72.21,29.84,35,15,A,Y,AY
ORD00105,1,2026-01-16,Web,Standard,3,SKU074,Dairy & Chilled,Dairy,2,28.7,10.9,16.3,1.48,Chilled,Low,730,772.2,15,0.16,2.4,105,80.1,Z6,A3,R3,30,63.0,59.68,26.13,53,23,A,X,AX
ORD00105,2,2026-01-16,Web,Standard,3,SKU088,Household,Cleaning,3,32.2,13.7,30.5,6.57,Ambient,Low,60,332.96,13,0.4,5.2,91,71.4,Z1,A2,R4,40,20.5,23.09,18.79,63,34,B,Y,BY
ORD00105,3,2026-01-16,Web,Standard,3,SKU032,Grocery,Snacks,2,5.9,13.4,28.8,3.29,Ambient,Low,365,973.07,9,0.38,3.42,63,75.5,Z5,A2,R2,50,49.5,57.34,19.68,47,27,A,Y,AY
ORD00106,1,2026-02-01,App,Standard,2,SKU015,Health & Wellness,Wellness,4,29.5,12.5,28.2,7.52,HighValue,Low,30,1342.79,21,0.16,3.36,147,115.5,Z8,A1,R5,50,74.0,85.3,27.69,78,32,A,X,AX
ORD00106,2,2026-02-01,App,Standard,2,SKU025,Grocery,Snacks,4,23.2,13.1,20.5,5.44,Ambient,High,730,326.2,37,0.22,8.14,259,193.4,Z6,A4,R1,40,64.0,59.34,33.31,80,27,B,X,BX
ORD00107,1,2026-03-30,App,Standard,3,SKU086,Grocery,Staples,2,32.6,26.6,25.2,4.63,Ambient,Low,30,1740.0,4,0.41,1.64,28,22.2,Z5,A2,R3,30,51.0,60.91,23.48,16,12,B,Y,BY
ORD00107,2,2026-03-30,App,Standard,3,SKU042,Grocery,Beverages,1,10.8,8.0,23.8,6.12,Ambient,Medium,730,1071.52,8,0.29,2.32,56,62.6,Z4,A1,R1,40,36.0,37.07,17.78,43,26,A,Y,AY
ORD00107,3,2026-03-30,App,Standard,3,SKU016,Grocery,Snacks,2,24.0,11.6,22.1,7.25,Ambient,Low,90,103.25,10,0.31,3.1,70,61.8,Z4,A2,R3,30,43.0,44.36,22.53,26,14,C,Y,CY
ORD00108,1,2026-03-23,App,Standard,3,SKU088,Household,Cleaning,1,32.2,13.7,30.5,6.57,Ambient,Low,60,332.96,13,0.4,5.2,91,71.4,Z1,A2,R4,40,20.5,22.45,18.69,63,34,B,Y,BY
ORD00108,2,2026-03-23,App,Standard,3,SKU032,Grocery,Snacks,1,5.9,13.4,28.8,3.29,Ambient,Low,365,973.07,9,0.38,3.42,63,75.5,Z5,A2,R2,50,49.5,44.26,21.39,47,27,A,Y,AY
ORD00108,3,2026-03-23,App,Standard,3,SKU005,Grocery,Breakfast,1,20.8,20.2,38.8,7.44,Ambient,Medium,180,1791.39,5,0.48,2.4,35,37.0,Z3,A4,R4,40,44.5,52.69,26.65,23,19,A,Y,AY
ORD00109,1,2026-01-17,App,Standard,2,SKU005,Grocery,Breakfast,1,20.8,20.2,38.8,7.44,Ambient,Medium,180,1791.39,5,0.48,2.4,35,37.0,Z3,A4,R4,40,44.5,49.5,29.64,23,19,A,Y,AY
ORD00109,2,2026-01-17,App,Standard,2,SKU088,Household,Cleaning,3,32.2,13.7,30.5,6.57,Ambient,Low,60,332.96,13,0.4,5.2,91,71.4,Z1,A2,R4,40,20.5,21.26,19.67,63,34,B,Y,BY
ORD00110,1,2026-03-23,App,Express,2,SKU067,Health & Wellness,Vitamins,1,19.0,6.9,31.4,1.88,Ambient,Medium,365,674.25,10,0.49,4.9,70,79.4,Z1,A4,R1,40,24.0,21.37,20.15,28,20,B,Y,BY
ORD00110,2,2026-03-23,App,Express,2,SKU008,Personal Care,Bath & Body,1,26.9,21.8,39.4,0.88,Ambient,High,60,365.07,4,0.63,2.52,28,27.9,Z2,A1,R2,50,21.5,19.94,12.0,20,19,C,Z,CZ
ORD00111,1,2026-03-26,App,Express,3,SKU072,Health & Wellness,Vitamins,1,24.3,19.9,5.7,6.32,HighValue,Low,365,389.24,6,0.45,2.7,42,48.6,Z6,A2,R4,40,60.5,59.59,23.5,54,33,B,Y,BY
ORD00111,2,2026-03-26,App,Express,3,SKU042,Grocery,Beverages,1,10.8,8.0,23.8,6.12,Ambient,Medium,730,1071.52,8,0.29,2.32,56,62.6,Z4,A1,R1,40,36.0,36.98,18.55,43,26,A,Y,AY
ORD00111,3,2026-03-26,App,Express,3,SKU085,Grocery,Snacks,2,13.7,8.0,22.4,3.5,Ambient,Low,365,1504.2,28,0.21,5.88,196,224.1,Z5,A5,R5,50,66.0,82.27,32.83,65,22,A,X,AX
ORD00112,1,2026-02-11,App,Standard,5,SKU052,Grocery,Staples,2,29.7,5.0,35.4,3.75,Ambient,Medium,180,1135.1,36,0.23,8.28,252,281.7,Z8,A5,R5,50,90.0,76.74,41.27,56,20,A,X,AX
ORD00112,2,2026-02-11,App,Standard,5,SKU081,Grocery,Breakfast,2,28.0,20.5,28.6,4.5,Ambient,Medium,30,345.24,7,0.68,4.76,49,53.2,Z5,A4,R5,50,62.0,60.51,28.64,14,10,C,Z,CZ
ORD00112,3,2026-02-11,App,Standard,5,SKU060,Grocery,Staples,2,27.8,22.6,8.5,1.41,Frozen,Low,30,545.73,4,0.89,3.56,28,25.4,Z1,A2,R6,30,23.5,27.7,17.9,12,10,C,Z,CZ
ORD00112,4,2026-02-11,App,Standard,5,SKU107,Grocery,Breakfast,5,6.1,21.2,15.0,6.91,Fragile,Medium,90,245.94,41,0.17,6.97,287,259.0,Z8,A5,R4,40,88.5,95.43,41.65,61,19,C,X,CX
ORD00112,5,2026-02-11,App,Standard,5,SKU103,Grocery,Staples,1,24.2,20.6,7.2,6.71,Ambient,Medium,365,454.44,1,0.52,0.52,7,5.5,Z5,A3,R5,50,58.0,59.98,26.1,10,7,C,Z,CZ
ORD00113,1,2026-01-20,Web,Standard,2,SKU047,Household,Cleaning,1,25.7,16.7,6.1,2.38,Ambient,Low,60,1664.94,13,0.24,3.12,91,103.1,Z4,A5,R3,30,55.0,61.92,32.47,42,20,A,X,AX
ORD00113,2,2026-01-20,Web,Standard,2,SKU077,Household,Laundry,1,17.9,24.8,9.0,5.27,Ambient,High,180,826.51,4,0.65,2.6,28,23.1,Z4,A2,R5,50,46.0,50.05,23.44,16,13,C,Z,CZ
ORD00114,1,2026-02-08,App,Express,1,SKU101,Personal Care,Hair Care,3,14.6,7.5,30.0,2.75,Ambient,High,180,1260.53,18,0.2,3.6,126,97.8,Z7,A2,R3,30,67.0,79.72,24.52,22,11,B,X,BX
ORD00115,1,2026-01-02,App,Standard,4,SKU074,Dairy & Chilled,Dairy,3,28.7,10.9,16.3,1.48,Chilled,Low,730,772.2,15,0.16,2.4,105,80.1,Z6,A3,R3,30,63.0,64.78,26.12,53,23,A,X,AX
ORD00115,2,2026-01-02,App,Standard,4,SKU088,Household,Cleaning,2,32.2,13.7,30.5,6.57,Ambient,Low,60,332.96,13,0.4,5.2,91,71.4,Z1,A2,R4,40,20.5,19.25,18.52,63,34,B,Y,BY
ORD00115,3,2026-01-02,App,Standard,4,SKU032,Grocery,Snacks,1,5.9,13.4,28.8,3.29,Ambient,Low,365,973.07,9,0.38,3.42,63,75.5,Z5,A2,R2,50,49.5,44.69,20.52,47,27,A,Y,AY
ORD00115,4,2026-01-02,App,Standard,4,SKU005,Grocery,Breakfast,1,20.8,20.2,38.8,7.44,Ambient,Medium,180,1791.39,5,0.48,2.4,35,37.0,Z3,A4,R4,40,44.5,38.7,28.42,23,19,A,Y,AY
ORD00116,1,2026-02-21,App,Standard,3,SKU051,Baby Care,Diapers,3,15.0,21.8,35.0,2.71,Ambient,High,365,90.14,20,0.23,4.6,140,104.8,Z6,A4,R2,50,65.5,57.55,29.57,31,13,C,X,CX
ORD00116,2,2026-02-21,App,Standard,3,SKU100,Baby Care,Baby Food,3,9.4,15.9,38.1,1.85,Ambient,Low,30,728.71,20,0.33,6.6,140,126.8,Z7,A4,R2,50,73.5,89.64,30.43,62,29,A,Y,AY
ORD00116,3,2026-02-21,App,Standard,3,SKU089,Baby Care,Diapers,1,23.8,16.6,24.7,4.68,Ambient,Medium,365,598.69,2,0.88,1.76,14,17.3,Z2,A1,R6,30,27.5,28.03,16.52,18,14,C,Z,CZ
ORD00117,1,2026-02-14,App,Express,2,SKU044,Pet Care,Cat Food,3,22.2,16.7,20.4,1.56,Ambient,Medium,30,736.26,14,0.33,4.62,98,72.6,Z7,A3,R5,50,74.0,84.46,25.96,79,32,A,Y,AY
ORD00117,2,2026-02-14,App,Express,2,SKU069,Grocery,Cooking,1,24.1,16.6,29.5,5.23,Ambient,Low,180,231.11,8,0.44,3.52,56,46.4,Z7,A3,R4,40,72.5,68.67,28.33,36,23,C,Y,CY
ORD00118,1,2026-03-21,App,Standard,6,SKU107,Grocery,Breakfast,5,6.1,21.2,15.0,6.91,Fragile,Medium,90,245.94,41,0.17,6.97,287,259.0,Z8,A5,R4,40,88.5,98.88,42.29,61,19,C,X,CX
ORD00118,2,2026-03-21,App,Standard,6,SKU053,Grocery,Cooking,1,18.1,22.5,9.2,7.79,Ambient,Low,365,49.27,7,0.53,3.71,49,45.3,Z8,A2,R1,40,72.0,76.37,29.14,44,30,C,Z,CZ
ORD00118,3,2026-03-21,App,Standard,6,SKU005,Grocery,Breakfast,1,20.8,20.2,38.8,7.44,Ambient,Medium,180,1791.39,5,0.48,2.4,35,37.0,Z3,A4,R4,40,44.5,41.4,26.63,23,19,A,Y,AY
ORD00118,4,2026-03-21,App,Standard,6,SKU060,Grocery,Staples,1,27.8,22.6,8.5,1.41,Frozen,Low,30,545.73,4,0.89,3.56,28,25.4,Z1,A2,R6,30,23.5,24.35,15.55,12,10,C,Z,CZ
ORD00118,5,2026-03-21,App,Standard,6,SKU022,Grocery,Staples,3,26.9,12.8,26.2,4.14,Ambient,Low,730,799.0,14,0.38,5.32,98,96.6,Z7,A5,R5,50,82.0,91.36,33.48,21,10,C,Y,CY
ORD00118,6,2026-03-21,App,Standard,6,SKU054,Grocery,Staples,1,24.4,8.8,37.6,2.41,Ambient,Medium,180,457.62,4,0.87,3.48,28,28.1,Z4,A4,R3,30,51.0,50.7,27.49,24,16,C,Z,CZ
ORD00119,1,2026-01-14,App,Standard,1,SKU107,Grocery,Breakfast,3,6.1,21.2,15.0,6.91,Fragile,Medium,90,245.94,41,0.17,6.97,287,259.0,Z8,A5,R4,40,88.5,75.99,43.1,61,19,C,X,CX
ORD00120,1,2026-02-01,App,Standard,6,SKU039,Grocery,Staples,1,12.3,16.6,26.4,3.09,Fragile,High,60,890.4,9,0.51,4.59,63,56.4,Z3,A1,R2,50,29.5,35.66,13.83,22,14,B,Z,BZ
ORD00120,2,2026-02-01,App,Standard,6,SKU086,Grocery,Staples,1,32.6,26.6,25.2,4.63,Ambient,Low,30,1740.0,4,0.41,1.64,28,22.2,Z5,A2,R3,30,51.0,51.15,21.69,16,12,B,Y,BY
ORD00120,3,2026-02-01,App,Standard,6,SKU030,Grocery,Beverages,2,7.4,8.8,18.4,1.31,Ambient,Low,180,763.0,3,0.85,2.55,21,17.1,Z2,A2,R5,50,30.0,33.01,16.89,12,10,C,Z,CZ
ORD00120,4,2026-02-01,App,Standard,6,SKU009,Grocery,Snacks,1,31.2,6.9,33.3,6.86,Ambient,Medium,30,1744.97,3,0.63,1.89,21,25.4,Z3,A2,R3,30,35.0,31.89,19.83,13,10,B,Z,BZ
ORD00120,5,2026-02-01,App,Standard,6,SKU068,Grocery,Cooking,4,25.2,21.8,25.5,6.6,Ambient,Low,30,1124.7,14,0.25,3.5,98,119.4,Z8,A1,R3,30,71.0,69.7,27.33,35,16,A,X,AX
ORD00120,6,2026-02-01,App,Standard,6,SKU057,Grocery,Breakfast,1,16.4,29.7,32.7,5.25,Ambient,Low,365,614.29,6,0.86,5.16,42,31.7,Z7,A2,R1,40,64.0,57.95,24.04,30,24,B,Z,BZ
ORD00121,1,2026-03-11,Web,Standard,4,SKU027,Personal Care,Skin Care,2,12.3,21.4,5.2,6.03,Ambient,Low,60,1452.29,11,0.4,4.4,77,83.4,Z3,A4,R3,30,43.0,51.69,27.79,25,13,A,Y,AY
ORD00121,2,2026-03-11,Web,Standard,4,SKU053,Grocery,Cooking,1,18.1,22.5,9.2,7.79,Ambient,Low,365,49.27,7,0.53,3.71,49,45.3,Z8,A2,R1,40,72.0,73.96,27.41,44,30,C,Z,CZ
ORD00121,3,2026-03-11,Web,Standard,4,SKU089,Baby Care,Diapers,2,23.8,16.6,24.7,4.68,Ambient,Medium,365,598.69,2,0.88,1.76,14,17.3,Z2,A1,R6,30,27.5,33.64,17.3,18,14,C,Z,CZ
ORD00121,4,2026-03-11,Web,Standard,4,SKU091,Pet Care,Dog Food,1,16.5,19.5,38.4,5.94,Fragile,High,365,1182.01,5,0.7,3.5,35,30.7,Z3,A5,R2,50,45.5,40.62,30.9,30,23,A,Z,AZ
ORD00122,1,2026-01-24,App,Standard,1,SKU119,Baby Care,Baby Food,1,22.2,20.5,6.1,7.12,Ambient,Low,60,1453.32,23,0.2,4.6,161,173.4,Z7,A1,R5,50,66.0,59.64,26.15,24,12,A,X,AX
ORD00123,1,2026-03-19,App,Standard,3,SKU075,Grocery,Breakfast,1,8.3,17.6,38.1,0.44,Ambient,Medium,180,1166.93,10,0.4,4.0,70,50.2,Z2,A1,R1,40,20.0,24.91,12.71,20,14,B,Y,BY
ORD00123,2,2026-03-19,App,Standard,3,SKU032,Grocery,Snacks,2,5.9,13.4,28.8,3.29,Ambient,Low,365,973.07,9,0.38,3.42,63,75.5,Z5,A2,R2,50,49.5,60.43,19.37,47,27,A,Y,AY
ORD00123,3,2026-03-19,App,Standard,3,SKU069,Grocery,Cooking,3,24.1,16.6,29.5,5.23,Ambient,Low,180,231.11,8,0.44,3.52,56,46.4,Z7,A3,R4,40,72.5,75.83,30.21,36,23,C,Y,CY
ORD00124,1,2026-02-11,App,Standard,5,SKU110,Health & Wellness,Vitamins,1,33.4,6.9,27.3,2.97,Ambient,Low,365,1228.61,6,0.89,5.34,42,39.5,Z1,A5,R5,50,34.0,40.84,26.02,15,13,B,Z,BZ
ORD00124,2,2026-02-11,App,Standard,5,SKU094,Health & Wellness,Wellness,2,7.4,21.6,37.1,2.55,Ambient,Medium,30,574.51,7,0.48,3.36,49,44.5,Z5,A3,R1,40,52.0,55.39,22.72,19,14,C,Y,CY
ORD00124,3,2026-02-11,App,Standard,5,SKU012,Health & Wellness,Wellness,3,20.2,26.3,7.4,0.64,Ambient,Medium,365,1080.27,7,0.27,1.89,49,51.0,Z2,A2,R1,40,24.0,24.12,14.23,21,13,B,Y,BY
ORD00124,4,2026-02-11,App,Standard,5,SKU072,Health & Wellness,Vitamins,2,24.3,19.9,5.7,6.32,HighValue,Low,365,389.24,6,0.45,2.7,42,48.6,Z6,A2,R4,40,60.5,56.02,26.71,54,33,B,Y,BY
ORD00124,5,2026-02-11,App,Standard,5,SKU080,Health & Wellness,Wellness,2,22.3,10.3,28.0,1.87,HighValue,Medium,90,228.92,17,0.23,3.91,119,101.5,Z7,A4,R1,40,72.0,83.48,32.28,25,11,C,X,CX
ORD00125,1,2026-02-06,App,Express,3,SKU052,Grocery,Staples,2,29.7,5.0,35.4,3.75,Ambient,Medium,180,1135.1,36,0.23,8.28,252,281.7,Z8,A5,R5,50,90.0,92.73,37.62,56,20,A,X,AX
ORD00125,2,2026-02-06,App,Express,3,SKU120,Grocery,Staples,1,18.2,17.1,12.1,4.89,Ambient,Medium,90,1756.29,6,0.43,2.58,42,32.4,Z6,A2,R3,30,59.0,66.97,22.89,12,9,B,Y,BY
ORD00125,3,2026-02-06,App,Express,3,SKU017,Grocery,Beverages,1,21.6,15.7,5.3,0.69,Ambient,Medium,90,1058.95,2,0.77,1.54,14,10.9,Z8,A2,R6,30,79.5,75.53,23.42,9,7,C,Z,CZ
ORD00126,1,2026-03-30,App,Standard,4,SKU085,Grocery,Snacks,2,13.7,8.0,22.4,3.5,Ambient,Low,365,1504.2,28,0.21,5.88,196,224.1,Z5,A5,R5,50,66.0,79.1,34.65,65,22,A,X,AX
ORD00126,2,2026-03-30,App,Standard,4,SKU072,Health & Wellness,Vitamins,3,24.3,19.9,5.7,6.32,HighValue,Low,365,389.24,6,0.45,2.7,42,48.6,Z6,A2,R4,40,60.5,54.92,23.9,54,33,B,Y,BY
ORD00126,3,2026-03-30,App,Standard,4,SKU062,Personal Care,Hair Care,2,25.3,8.9,20.5,2.83,Ambient,Low,90,835.88,12,0.52,6.24,84,72.8,Z1,A3,R2,50,21.5,20.92,17.23,40,22,A,Z,AZ
ORD00126,4,2026-03-30,App,Standard,4,SKU068,Grocery,Cooking,3,25.2,21.8,25.5,6.6,Ambient,Low,30,1124.7,14,0.25,3.5,98,119.4,Z8,A1,R3,30,71.0,68.55,27.51,35,16,A,X,AX
ORD00127,1,2026-01-24,App,Standard,2,SKU021,Grocery,Staples,3,20.3,22.0,34.5,2.72,Fragile,High,90,341.96,32,0.15,4.8,224,275.4,Z7,A5,R3,30,79.0,81.11,37.56,58,21,B,X,BX
ORD00127,2,2026-01-24,App,Standard,2,SKU036,Grocery,Cooking,2,22.3,27.7,18.1,7.54,Ambient,Medium,60,205.87,13,0.34,4.42,91,102.4,Z6,A4,R5,50,70.0,84.2,32.92,36,16,C,Y,CY
ORD00128,1,2026-02-05,App,Standard,4,SKU067,Health & Wellness,Vitamins,1,19.0,6.9,31.4,1.88,Ambient,Medium,365,674.25,10,0.49,4.9,70,79.4,Z1,A4,R1,40,24.0,29.94,19.75,28,20,B,Y,BY
ORD00128,2,2026-02-05,App,Standard,4,SKU008,Personal Care,Bath & Body,1,26.9,21.8,39.4,0.88,Ambient,High,60,365.07,4,0.63,2.52,28,27.9,Z2,A1,R2,50,21.5,23.96,12.29,20,19,C,Z,CZ
ORD00128,3,2026-02-05,App,Standard,4,SKU091,Pet Care,Dog Food,1,16.5,19.5,38.4,5.94,Fragile,High,365,1182.01,5,0.7,3.5,35,30.7,Z3,A5,R2,50,45.5,48.91,30.17,30,23,A,Z,AZ
ORD00128,4,2026-02-05,App,Standard,4,SKU018,Grocery,Beverages,2,28.9,26.5,36.5,1.76,Ambient,Medium,180,1753.56,3,0.85,2.55,21,23.4,Z6,A2,R2,50,57.5,57.16,23.29,20,13,A,Z,AZ
ORD00129,1,2026-01-05,Web,Standard,2,SKU038,Health & Wellness,Wellness,2,18.1,23.3,38.8,2.23,Ambient,Low,730,1076.64,20,0.29,5.8,140,122.8,Z7,A3,R1,40,68.0,63.51,27.71,56,25,A,Y,AY
ORD00129,2,2026-01-05,Web,Standard,2,SKU087,Health & Wellness,Vitamins,1,15.9,15.9,8.7,3.54,Ambient,Medium,60,616.2,7,0.74,5.18,49,38.8,Z1,A2,R5,50,22.0,23.73,15.18,29,22,B,Z,BZ
ORD00130,1,2026-03-22,Web,Standard,4,SKU015,Health & Wellness,Wellness,4,29.5,12.5,28.2,7.52,HighValue,Low,30,1342.79,21,0.16,3.36,147,115.5,Z8,A1,R5,50,74.0,71.5,25.75,78,32,A,X,AX
ORD00130,2,2026-03-22,Web,Standard,4,SKU003,Household,Cleaning,1,31.1,12.5,27.4,4.91,Ambient,Medium,365,1655.33,5,0.86,4.3,35,36.0,Z5,A4,R6,30,63.5,65.78,28.5,52,40,A,Z,AZ
ORD00130,3,2026-03-22,Web,Standard,4,SKU057,Grocery,Breakfast,2,16.4,29.7,32.7,5.25,Ambient,Low,365,614.29,6,0.86,5.16,42,31.7,Z7,A2,R1,40,64.0,59.71,25.89,30,24,B,Z,BZ
ORD00130,4,2026-03-22,Web,Standard,4,SKU041,Personal Care,Hair Care,2,17.1,11.1,28.2,3.02,Ambient,High,365,612.15,6,0.34,2.04,42,45.6,Z5,A5,R6,30,67.5,58.6,31.41,43,26,B,Y,BY
ORD00131,1,2026-02-14,App,Standard,4,SKU074,Dairy & Chilled,Dairy,3,28.7,10.9,16.3,1.48,Chilled,Low,730,772.2,15,0.16,2.4,105,80.1,Z6,A3,R3,30,63.0,71.8,25.94,53,23,A,X,AX
ORD00131,2,2026-02-14,App,Standard,4,SKU088,Household,Cleaning,2,32.2,13.7,30.5,6.57,Ambient,Low,60,332.96,13,0.4,5.2,91,71.4,Z1,A2,R4,40,20.5,18.87,16.86,63,34,B,Y,BY
ORD00131,3,2026-02-14,App,Standard,4,SKU032,Grocery,Snacks,1,5.9,13.4,28.8,3.29,Ambient,Low,365,973.07,9,0.38,3.42,63,75.5,Z5,A2,R2,50,49.5,55.39,20.32,47,27,A,Y,AY
ORD00131,4,2026-02-14,App,Standard,4,SKU005,Grocery,Breakfast,2,20.8,20.2,38.8,7.44,Ambient,Medium,180,1791.39,5,0.48,2.4,35,37.0,Z3,A4,R4,40,44.5,49.32,29.21,23,19,A,Y,AY
ORD00132,1,2026-03-03,App,Standard,2,SKU058,Pet Care,Dog Food,1,5.5,8.6,35.5,7.76,Ambient,Low,365,1254.55,13,0.52,6.76,91,96.2,Z4,A1,R4,40,40.5,39.8,19.57,14,7,B,Z,BZ
ORD00132,2,2026-03-03,App,Standard,2,SKU059,Pet Care,Pet Hygiene,5,14.5,23.0,31.6,6.99,Fragile,Low,730,1239.81,41,0.16,6.56,287,246.3,Z7,A2,R5,50,70.0,61.35,30.92,67,20,A,X,AX
ORD00133,1,2026-01-20,App,Standard,3,SKU005,Grocery,Breakfast,1,20.8,20.2,38.8,7.44,Ambient,Medium,180,1791.39,5,0.48,2.4,35,37.0,Z3,A4,R4,40,44.5,45.87,27.25,23,19,A,Y,AY
ORD00133,2,2026-01-20,App,Standard,3,SKU088,Household,Cleaning,3,32.2,13.7,30.5,6.57,Ambient,Low,60,332.96,13,0.4,5.2,91,71.4,Z1,A2,R4,40,20.5,19.9,17.51,63,34,B,Y,BY
ORD00133,3,2026-01-20,App,Standard,3,SKU032,Grocery,Snacks,1,5.9,13.4,28.8,3.29,Ambient,Low,365,973.07,9,0.38,3.42,63,75.5,Z5,A2,R2,50,49.5,57.48,21.89,47,27,A,Y,AY
ORD00134,1,2026-01-12,Web,Express,3,SKU003,Household,Cleaning,2,31.1,12.5,27.4,4.91,Ambient,Medium,365,1655.33,5,0.86,4.3,35,36.0,Z5,A4,R6,30,63.5,57.35,28.97,52,40,A,Z,AZ
ORD00134,2,2026-01-12,Web,Express,3,SKU015,Health & Wellness,Wellness,3,29.5,12.5,28.2,7.52,HighValue,Low,30,1342.79,21,0.16,3.36,147,115.5,Z8,A1,R5,50,74.0,84.02,25.22,78,32,A,X,AX
ORD00134,3,2026-01-12,Web,Express,3,SKU025,Grocery,Snacks,3,23.2,13.1,20.5,5.44,Ambient,High,730,326.2,37,0.22,8.14,259,193.4,Z6,A4,R1,40,64.0,78.27,30.13,80,27,B,X,BX
ORD00135,1,2026-03-29,App,Standard,5,SKU107,Grocery,Breakfast,4,6.1,21.2,15.0,6.91,Fragile,Medium,90,245.94,41,0.17,6.97,287,259.0,Z8,A5,R4,40,88.5,80.8,40.81,61,19,C,X,CX
ORD00135,2,2026-03-29,App,Standard,5,SKU060,Grocery,Staples,1,27.8,22.6,8.5,1.41,Frozen,Low,30,545.73,4,0.89,3.56,28,25.4,Z1,A2,R6,30,23.5,25.24,17.95,12,10,C,Z,CZ
ORD00135,3,2026-03-29,App,Standard,5,SKU082,Grocery,Beverages,1,31.1,19.2,19.0,1.22,Ambient,Medium,60,692.75,10,0.25,2.5,70,66.5,Z7,A3,R2,50,69.5,74.35,26.59,13,9,C,X,CX
ORD00135,4,2026-03-29,App,Standard,5,SKU016,Grocery,Snacks,1,24.0,11.6,22.1,7.25,Ambient,Low,90,103.25,10,0.31,3.1,70,61.8,Z4,A2,R3,30,43.0,50.38,23.94,26,14,C,Y,CY
ORD00135,5,2026-03-29,App,Standard,5,SKU021,Grocery,Staples,3,20.3,22.0,34.5,2.72,Fragile,High,90,341.96,32,0.15,4.8,224,275.4,Z7,A5,R3,30,79.0,76.99,36.57,58,21,B,X,BX
ORD00136,1,2026-02-13,App,Standard,4,SKU008,Personal Care,Bath & Body,1,26.9,21.8,39.4,0.88,Ambient,High,60,365.07,4,0.63,2.52,28,27.9,Z2,A1,R2,50,21.5,19.98,12.46,20,19,C,Z,CZ
ORD00136,2,2026-02-13,App,Standard,4,SKU091,Pet Care,Dog Food,2,16.5,19.5,38.4,5.94,Fragile,High,365,1182.01,5,0.7,3.5,35,30.7,Z3,A5,R2,50,45.5,40.1,31.0,30,23,A,Z,AZ
ORD00136,3,2026-02-13,App,Standard,4,SKU018,Grocery,Beverages,2,28.9,26.5,36.5,1.76,Ambient,Medium,180,1753.56,3,0.85,2.55,21,23.4,Z6,A2,R2,50,57.5,61.93,23.34,20,13,A,Z,AZ
ORD00136,4,2026-02-13,App,Standard,4,SKU027,Personal Care,Skin Care,1,12.3,21.4,5.2,6.03,Ambient,Low,60,1452.29,11,0.4,4.4,77,83.4,Z3,A4,R3,30,43.0,48.57,27.92,25,13,A,Y,AY
ORD00137,1,2026-01-13,App,Express,3,SKU083,Grocery,Beverages,1,33.2,19.9,35.9,1.33,Ambient,Low,180,1199.94,6,0.56,3.36,42,40.6,Z2,A4,R3,30,35.0,31.33,20.78,13,11,C,Z,CZ
ORD00137,2,2026-01-13,App,Express,3,SKU099,Household,Laundry,1,29.0,8.5,13.8,5.17,Ambient,Low,365,1535.82,7,0.5,3.5,49,42.0,Z8,A1,R6,30,75.5,72.7,23.98,38,24,A,Y,AY
ORD00137,3,2026-01-13,App,Express,3,SKU093,Personal Care,Oral Care,1,15.2,19.9,32.6,5.21,Ambient,Medium,90,472.29,4,0.6,2.4,28,32.7,Z5,A1,R2,50,45.5,47.92,18.39,11,10,C,Z,CZ
ORD00138,1,2026-02-21,App,Standard,5,SKU100,Baby Care,Baby Food,1,9.4,15.9,38.1,1.85,Ambient,Low,30,728.71,20,0.33,6.6,140,126.8,Z7,A4,R2,50,73.5,75.15,31.73,62,29,A,Y,AY
ORD00138,2,2026-02-21,App,Standard,5,SKU108,Pet Care,Pet Hygiene,3,16.6,29.3,22.4,4.03,Ambient,Medium,730,778.49,12,0.52,6.24,84,78.7,Z4,A1,R5,50,42.0,41.45,18.34,32,20,B,Z,BZ
ORD00138,3,2026-02-21,App,Standard,5,SKU049,Personal Care,Bath & Body,1,17.1,11.8,23.9,3.56,Ambient,Medium,365,469.4,6,0.55,3.3,42,31.5,Z5,A1,R1,40,44.0,49.19,16.58,44,39,B,Z,BZ
ORD00138,4,2026-02-21,App,Standard,5,SKU019,Health & Wellness,OTC,2,29.3,27.0,5.9,5.92,HighValue,High,730,1558.71,7,0.54,3.78,49,56.1,Z4,A3,R6,30,51.5,61.01,27.18,41,25,A,Z,AZ
ORD00138,5,2026-02-21,App,Standard,5,SKU106,Grocery,Snacks,1,19.4,9.6,9.7,5.76,Ambient,Low,60,1597.28,12,0.54,6.48,84,73.4,Z5,A5,R1,40,60.0,58.81,32.36,27,16,A,Z,AZ
ORD00139,1,2026-01-13,App,Standard,5,SKU025,Grocery,Snacks,4,23.2,13.1,20.5,5.44,Ambient,High,730,326.2,37,0.22,8.14,259,193.4,Z6,A4,R1,40,64.0,61.86,33.36,80,27,B,X,BX
ORD00139,2,2026-01-13,App,Standard,5,SKU015,Health & Wellness,Wellness,2,29.5,12.5,28.2,7.52,HighValue,Low,30,1342.79,21,0.16,3.36,147,115.5,Z8,A1,R5,50,74.0,68.99,26.5,78,32,A,X,AX
ORD00139,3,2026-01-13,App,Standard,5,SKU003,Household,Cleaning,2,31.1,12.5,27.4,4.91,Ambient,Medium,365,1655.33,5,0.86,4.3,35,36.0,Z5,A4,R6,30,63.5,74.15,29.13,52,40,A,Z,AZ
ORD00139,4,2026-01-13,App,Standard,5,SKU057,Grocery,Breakfast,1,16.4,29.7,32.7,5.25,Ambient,Low,365,614.29,6,0.86,5.16,42,31.7,Z7,A2,R1,40,64.0,78.38,26.53,30,24,B,Z,BZ
ORD00139,5,2026-01-13,App,Standard,5,SKU041,Personal Care,Hair Care,2,17.1,11.1,28.2,3.02,Ambient,High,365,612.15,6,0.34,2.04,42,45.6,Z5,A5,R6,30,67.5,84.11,33.16,43,26,B,Y,BY
ORD00140,1,2026-03-16,Web,Express,1,SKU119,Baby Care,Baby Food,1,22.2,20.5,6.1,7.12,Ambient,Low,60,1453.32,23,0.2,4.6,161,173.4,Z7,A1,R5,50,66.0,81.94,24.14,24,12,A,X,AX
ORD00141,1,2026-01-15,Web,Standard,5,SKU107,Grocery,Breakfast,2,6.1,21.2,15.0,6.91,Fragile,Medium,90,245.94,41,0.17,6.97,287,259.0,Z8,A5,R4,40,88.5,85.44,41.32,61,19,C,X,CX
ORD00141,2,2026-01-15,Web,Standard,5,SKU040,Grocery,Beverages,3,13.3,5.3,38.2,0.78,Ambient,Medium,730,870.07,22,0.29,6.38,154,168.1,Z8,A2,R4,40,76.5,65.38,23.99,31,16,B,Y,BY
ORD00141,3,2026-01-15,Web,Standard,5,SKU078,Grocery,Breakfast,1,7.9,15.7,28.3,3.06,Ambient,Low,30,190.48,4,0.61,2.44,28,21.1,Z4,A1,R6,30,43.5,52.37,15.99,12,9,C,Z,CZ
ORD00141,4,2026-01-15,Web,Standard,5,SKU111,Grocery,Snacks,3,15.9,28.7,6.1,1.31,Ambient,Low,30,1043.71,25,0.28,7.0,175,173.5,Z8,A2,R2,50,73.5,66.47,27.39,52,19,A,Y,AY
ORD00141,5,2026-01-15,Web,Standard,5,SKU071,Grocery,Beverages,1,33.5,26.4,8.5,5.52,Ambient,Low,180,514.69,16,0.24,3.84,112,138.0,Z4,A4,R6,30,55.5,66.27,32.39,35,15,B,X,BX
ORD00142,1,2026-03-31,App,Standard,4,SKU052,Grocery,Staples,4,29.7,5.0,35.4,3.75,Ambient,Medium,180,1135.1,36,0.23,8.28,252,281.7,Z8,A5,R5,50,90.0,109.86,39.1,56,20,A,X,AX
ORD00142,2,2026-03-31,App,Standard,4,SKU032,Grocery,Snacks,2,5.9,13.4,28.8,3.29,Ambient,Low,365,973.07,9,0.38,3.42,63,75.5,Z5,A2,R2,50,49.5,42.82,19.26,47,27,A,Y,AY
ORD00142,3,2026-03-31,App,Standard,4,SKU083,Grocery,Beverages,1,33.2,19.9,35.9,1.33,Ambient,Low,180,1199.94,6,0.56,3.36,42,40.6,Z2,A4,R3,30,35.0,37.87,23.01,13,11,C,Z,CZ
ORD00142,4,2026-03-31,App,Standard,4,SKU090,Grocery,Breakfast,3,23.9,24.9,25.7,2.88,Ambient,Low,90,1501.26,6,0.39,2.34,42,31.2,Z7,A1,R3,30,63.0,71.95,19.64,36,19,A,Y,AY
ORD00143,1,2026-03-09,App,Standard,7,SKU118,Household,Home Care,4,33.2,8.9,28.1,5.79,Ambient,Medium,30,169.17,44,0.13,5.72,308,376.3,Z8,A3,R3,30,79.0,83.35,33.51,71,23,C,X,CX
ORD00143,2,2026-03-09,App,Standard,7,SKU053,Grocery,Cooking,1,18.1,22.5,9.2,7.79,Ambient,Low,365,49.27,7,0.53,3.71,49,45.3,Z8,A2,R1,40,72.0,73.33,28.54,44,30,C,Z,CZ
ORD00143,3,2026-03-09,App,Standard,7,SKU065,Dairy & Chilled,Dairy,4,23.8,6.0,32.6,0.36,Chilled,Low,60,184.99,23,0.18,4.14,161,138.8,Z7,A2,R6,30,71.5,69.05,25.33,54,25,C,X,CX
ORD00143,4,2026-03-09,App,Standard,7,SKU079,Dairy & Chilled,Dairy,1,33.7,19.0,28.5,3.35,Chilled,High,180,1565.86,5,0.43,2.15,35,38.4,Z7,A4,R6,30,79.5,91.41,33.47,18,16,B,Y,BY
ORD00143,5,2026-03-09,App,Standard,7,SKU097,Household,Cleaning,1,25.8,20.6,36.6,5.8,Fragile,Low,730,446.62,2,0.49,0.98,14,13.2,Z2,A2,R6,30,31.5,27.55,20.26,17,13,C,Y,CY
ORD00143,6,2026-03-09,App,Standard,7,SKU043,Household,Cleaning,1,15.8,12.6,29.8,1.1,Fragile,Low,90,1262.92,8,0.34,2.72,56,43.1,Z1,A3,R1,40,20.0,17.41,16.36,28,17,A,Y,AY
ORD00143,7,2026-03-09,App,Standard,7,SKU048,Household,Home Care,3,21.3,21.2,36.8,6.63,Ambient,Low,730,1488.03,8,0.38,3.04,56,67.6,Z6,A3,R6,30,67.5,74.23,30.06,35,15,A,Y,AY
ORD00144,1,2026-02-06,App,Express,3,SKU021,Grocery,Staples,3,20.3,22.0,34.5,2.72,Fragile,High,90,341.96,32,0.15,4.8,224,275.4,Z7,A5,R3,30,79.0,72.69,35.4,58,21,B,X,BX
ORD00144,2,2026-02-06,App,Express,3,SKU018,Grocery,Beverages,2,28.9,26.5,36.5,1.76,Ambient,Medium,180,1753.56,3,0.85,2.55,21,23.4,Z6,A2,R2,50,57.5,53.03,20.39,20,13,A,Z,AZ
ORD00144,3,2026-02-06,App,Express,3,SKU053,Grocery,Cooking,2,18.1,22.5,9.2,7.79,Ambient,Low,365,49.27,7,0.53,3.71,49,45.3,Z8,A2,R1,40,72.0,89.54,24.71,44,30,C,Z,CZ
ORD00145,1,2026-01-19,Web,Standard,4,SKU104,Personal Care,Oral Care,1,10.6,21.7,23.3,2.95,Ambient,Medium,365,1008.62,31,0.19,5.89,217,198.5,Z7,A1,R6,30,67.5,70.23,23.63,50,18,A,X,AX
ORD00145,2,2026-01-19,Web,Standard,4,SKU101,Personal Care,Hair Care,2,14.6,7.5,30.0,2.75,Ambient,High,180,1260.53,18,0.2,3.6,126,97.8,Z7,A2,R3,30,67.0,81.67,26.46,22,11,B,X,BX
ORD00145,3,2026-01-19,Web,Standard,4,SKU092,Personal Care,Skin Care,1,29.3,25.9,39.4,0.77,Ambient,Medium,180,955.22,1,0.63,0.63,7,7.2,Z7,A5,R2,50,77.5,77.97,33.61,8,7,C,Z,CZ
ORD00145,4,2026-01-19,Web,Standard,4,SKU034,Personal Care,Hair Care,1,21.2,30.0,17.2,5.24,Ambient,Medium,60,378.87,12,0.26,3.12,84,59.7,Z3,A4,R1,40,40.0,40.96,26.6,18,13,C,Y,CY
ORD00146,1,2026-02-06,App,Standard,6,SKU055,Personal Care,Skin Care,3,28.7,15.4,37.7,4.11,Ambient,Low,365,1054.36,14,0.21,2.94,98,104.2,Z8,A4,R1,40,80.0,86.84,34.87,38,17,A,X,AX
ORD00146,2,2026-02-06,App,Standard,6,SKU105,Personal Care,Bath & Body,1,5.5,24.7,17.1,5.89,Ambient,Medium,90,261.8,10,0.33,3.3,70,62.6,Z7,A1,R2,50,61.5,69.26,21.3,14,9,C,Y,CY
ORD00146,3,2026-02-06,App,Standard,6,SKU101,Personal Care,Hair Care,1,14.6,7.5,30.0,2.75,Ambient,High,180,1260.53,18,0.2,3.6,126,97.8,Z7,A2,R3,30,67.0,74.98,25.05,22,11,B,X,BX
ORD00146,4,2026-02-06,App,Standard,6,SKU041,Personal Care,Hair Care,3,17.1,11.1,28.2,3.02,Ambient,High,365,612.15,6,0.34,2.04,42,45.6,Z5,A5,R6,30,67.5,60.01,30.0,43,26,B,Y,BY
ORD00146,5,2026-02-06,App,Standard,6,SKU115,Personal Care,Oral Care,1,21.5,20.3,8.0,2.54,Ambient,Medium,180,1486.43,20,0.31,6.2,140,103.7,Z6,A2,R6,30,63.5,59.55,24.49,30,17,A,Y,AY
ORD00146,6,2026-02-06,App,Standard,6,SKU028,Personal Care,Skin Care,1,29.0,21.7,39.6,4.8,Ambient,Medium,730,1608.34,6,0.39,2.34,42,39.3,Z2,A4,R1,40,32.0,27.5,23.83,18,9,A,Y,AY
ORD00147,1,2026-01-12,Web,Standard,2,SKU070,Household,Laundry,3,33.5,22.4,23.9,4.74,Ambient,Medium,180,1117.78,38,0.16,6.08,266,323.6,Z6,A5,R5,50,74.0,89.42,40.25,89,29,A,X,AX
ORD00147,2,2026-01-12,Web,Standard,2,SKU044,Pet Care,Cat Food,3,22.2,16.7,20.4,1.56,Ambient,Medium,30,736.26,14,0.33,4.62,98,72.6,Z7,A3,R5,50,74.0,76.72,27.72,79,32,A,Y,AY
ORD00148,1,2026-01-10,Web,Standard,4,SKU114,Household,Laundry,1,26.4,28.2,27.3,6.37,Ambient,Low,60,445.21,17,0.32,5.44,119,115.6,Z8,A4,R6,30,87.5,80.6,38.33,38,15,B,Y,BY
ORD00148,2,2026-01-10,Web,Standard,4,SKU043,Household,Cleaning,1,15.8,12.6,29.8,1.1,Fragile,Low,90,1262.92,8,0.34,2.72,56,43.1,Z1,A3,R1,40,20.0,18.61,19.2,28,17,A,Y,AY
ORD00148,3,2026-01-10,Web,Standard,4,SKU097,Household,Cleaning,1,25.8,20.6,36.6,5.8,Fragile,Low,730,446.62,2,0.49,0.98,14,13.2,Z2,A2,R6,30,31.5,28.14,20.55,17,13,C,Y,CY
ORD00148,4,2026-01-10,Web,Standard,4,SKU047,Household,Cleaning,2,25.7,16.7,6.1,2.38,Ambient,Low,60,1664.94,13,0.24,3.12,91,103.1,Z4,A5,R3,30,55.0,60.26,31.09,42,20,A,X,AX
ORD00149,1,2026-01-14,App,Express,6,SKU085,Grocery,Snacks,3,13.7,8.0,22.4,3.5,Ambient,Low,365,1504.2,28,0.21,5.88,196,224.1,Z5,A5,R5,50,66.0,69.05,35.01,65,22,A,X,AX
ORD00149,2,2026-01-14,App,Express,6,SKU072,Health & Wellness,Vitamins,1,24.3,19.9,5.7,6.32,HighValue,Low,365,389.24,6,0.45,2.7,42,48.6,Z6,A2,R4,40,60.5,70.32,25.05,54,33,B,Y,BY
ORD00149,3,2026-01-14,App,Express,6,SKU042,Grocery,Beverages,2,10.8,8.0,23.8,6.12,Ambient,Medium,730,1071.52,8,0.29,2.32,56,62.6,Z4,A1,R1,40,36.0,30.65,16.94,43,26,A,Y,AY
ORD00149,4,2026-01-14,App,Express,6,SKU068,Grocery,Cooking,4,25.2,21.8,25.5,6.6,Ambient,Low,30,1124.7,14,0.25,3.5,98,119.4,Z8,A1,R3,30,71.0,74.04,25.73,35,16,A,X,AX
ORD00149,5,2026-01-14,App,Express,6,SKU021,Grocery,Staples,3,20.3,22.0,34.5,2.72,Fragile,High,90,341.96,32,0.15,4.8,224,275.4,Z7,A5,R3,30,79.0,78.49,37.37,58,21,B,X,BX
ORD00149,6,2026-01-14,App,Express,6,SKU016,Grocery,Snacks,2,24.0,11.6,22.1,7.25,Ambient,Low,90,103.25,10,0.31,3.1,70,61.8,Z4,A2,R3,30,43.0,47.43,20.93,26,14,C,Y,CY
ORD00150,1,2026-03-24,App,Standard,2,SKU065,Dairy & Chilled,Dairy,1,23.8,6.0,32.6,0.36,Chilled,Low,60,184.99,23,0.18,4.14,161,138.8,Z7,A2,R6,30,71.5,86.41,24.97,54,25,C,X,CX
ORD00150,2,2026-03-24,App,Standard,2,SKU053,Grocery,Cooking,2,18.1,22.5,9.2,7.79,Ambient,Low,365,49.27,7,0.53,3.71,49,45.3,Z8,A2,R1,40,72.0,63.64,27.23,44,30,C,Z,CZ
ORD00151,1,2026-03-22,App,Standard,3,SKU026,Household,Home Care,4,29.6,23.8,28.5,1.87,Frozen,Low,180,1110.01,43,0.15,6.45,301,337.9,Z6,A1,R6,30,59.5,74.28,22.23,80,26,A,X,AX
ORD00151,2,2026-03-22,App,Standard,3,SKU003,Household,Cleaning,1,31.1,12.5,27.4,4.91,Ambient,Medium,365,1655.33,5,0.86,4.3,35,36.0,Z5,A4,R6,30,63.5,73.98,28.28,52,40,A,Z,AZ
ORD00151,3,2026-03-22,App,Standard,3,SKU043,Household,Cleaning,1,15.8,12.6,29.8,1.1,Fragile,Low,90,1262.92,8,0.34,2.72,56,43.1,Z1,A3,R1,40,20.0,23.46,16.18,28,17,A,Y,AY
ORD00152,1,2026-03-27,App,Standard,4,SKU115,Personal Care,Oral Care,1,21.5,20.3,8.0,2.54,Ambient,Medium,180,1486.43,20,0.31,6.2,140,103.7,Z6,A2,R6,30,63.5,61.78,23.11,30,17,A,Y,AY
ORD00152,2,2026-03-27,App,Standard,4,SKU105,Personal Care,Bath & Body,2,5.5,24.7,17.1,5.89,Ambient,Medium,90,261.8,10,0.33,3.3,70,62.6,Z7,A1,R2,50,61.5,56.47,21.71,14,9,C,Y,CY
ORD00152,3,2026-03-27,App,Standard,4,SKU027,Personal Care,Skin Care,2,12.3,21.4,5.2,6.03,Ambient,Low,60,1452.29,11,0.4,4.4,77,83.4,Z3,A4,R3,30,43.0,38.38,27.98,25,13,A,Y,AY
ORD00152,4,2026-03-27,App,Standard,4,SKU008,Personal Care,Bath & Body,1,26.9,21.8,39.4,0.88,Ambient,High,60,365.07,4,0.63,2.52,28,27.9,Z2,A1,R2,50,21.5,20.17,14.09,20,19,C,Z,CZ
ORD00153,1,2026-01-26,App,Standard,3,SKU101,Personal Care,Hair Care,1,14.6,7.5,30.0,2.75,Ambient,High,180,1260.53,18,0.2,3.6,126,97.8,Z7,A2,R3,30,67.0,75.61,24.59,22,11,B,X,BX
ORD00153,2,2026-01-26,App,Standard,3,SKU084,Personal Care,Oral Care,2,8.4,15.7,14.9,5.46,Ambient,Low,180,1772.39,16,0.3,4.8,112,81.8,Z5,A5,R3,30,63.0,76.88,33.89,28,13,A,Y,AY
ORD00153,3,2026-01-26,App,Standard,3,SKU055,Personal Care,Skin Care,1,28.7,15.4,37.7,4.11,Ambient,Low,365,1054.36,14,0.21,2.94,98,104.2,Z8,A4,R1,40,80.0,95.12,32.65,38,17,A,X,AX
ORD00154,1,2026-03-20,App,Standard,3,SKU025,Grocery,Snacks,2,23.2,13.1,20.5,5.44,Ambient,High,730,326.2,37,0.22,8.14,259,193.4,Z6,A4,R1,40,64.0,65.93,32.73,80,27,B,X,BX
ORD00154,2,2026-03-20,App,Standard,3,SKU015,Health & Wellness,Wellness,1,29.5,12.5,28.2,7.52,HighValue,Low,30,1342.79,21,0.16,3.36,147,115.5,Z8,A1,R5,50,74.0,83.37,25.54,78,32,A,X,AX
ORD00154,3,2026-03-20,App,Standard,3,SKU003,Household,Cleaning,1,31.1,12.5,27.4,4.91,Ambient,Medium,365,1655.33,5,0.86,4.3,35,36.0,Z5,A4,R6,30,63.5,69.52,30.59,52,40,A,Z,AZ
ORD00155,1,2026-01-12,App,Standard,4,SKU099,Household,Laundry,1,29.0,8.5,13.8,5.17,Ambient,Low,365,1535.82,7,0.5,3.5,49,42.0,Z8,A1,R6,30,75.5,68.68,22.6,38,24,A,Y,AY
ORD00155,2,2026-01-12,App,Standard,4,SKU112,Personal Care,Oral Care,2,5.8,9.7,23.1,7.32,Ambient,Medium,60,1793.55,2,0.88,1.76,14,12.0,Z8,A3,R2,50,77.5,81.3,31.86,36,24,A,Z,AZ
ORD00155,3,2026-01-12,App,Standard,4,SKU083,Grocery,Beverages,1,33.2,19.9,35.9,1.33,Ambient,Low,180,1199.94,6,0.56,3.36,42,40.6,Z2,A4,R3,30,35.0,30.51,24.94,13,11,C,Z,CZ
ORD00155,4,2026-01-12,App,Standard,4,SKU045,Household,Cleaning,1,21.9,12.6,39.8,1.04,Ambient,Medium,60,1401.86,7,0.29,2.03,49,44.6,Z5,A2,R1,40,48.0,45.63,18.65,18,14,B,Y,BY
ORD00156,1,2026-03-20,App,Standard,5,SKU095,Baby Care,Diapers,2,33.4,29.9,36.9,0.84,Ambient,Low,90,344.97,23,0.29,6.67,161,131.7,Z6,A1,R2,50,53.5,61.46,19.79,43,20,C,Y,CY
ORD00156,2,2026-03-20,App,Standard,5,SKU061,Grocery,Cooking,3,28.8,9.2,7.8,6.98,Ambient,High,60,437.13,11,0.42,4.62,77,80.9,Z4,A3,R1,40,44.0,39.34,24.03,33,20,C,Y,CY
ORD00156,3,2026-03-20,App,Standard,5,SKU112,Personal Care,Oral Care,1,5.8,9.7,23.1,7.32,Ambient,Medium,60,1793.55,2,0.88,1.76,14,12.0,Z8,A3,R2,50,77.5,78.67,29.5,36,24,A,Z,AZ
ORD00156,4,2026-03-20,App,Standard,5,SKU109,Health & Wellness,OTC,1,8.1,13.2,15.3,3.62,Ambient,Low,730,1569.32,5,0.55,2.75,35,31.3,Z3,A5,R1,40,44.0,38.69,29.38,22,19,A,Z,AZ
ORD00156,5,2026-03-20,App,Standard,5,SKU094,Health & Wellness,Wellness,1,7.4,21.6,37.1,2.55,Ambient,Medium,30,574.51,7,0.48,3.36,49,44.5,Z5,A3,R1,40,52.0,53.27,22.05,19,14,C,Y,CY
ORD00157,1,2026-01-28,App,Express,6,SKU056,Pet Care,Cat Food,1,15.0,24.1,18.2,7.47,Ambient,Low,180,439.57,13,0.4,5.2,91,102.5,Z3,A2,R2,50,33.5,40.35,19.47,9,7,C,Y,CY
ORD00157,2,2026-01-28,App,Express,6,SKU046,Pet Care,Cat Food,2,14.2,20.5,26.3,5.95,Ambient,Low,730,169.11,14,0.55,7.7,98,81.5,Z6,A1,R3,30,55.0,60.79,21.03,34,22,C,Z,CZ
ORD00157,3,2026-01-28,App,Express,6,SKU044,Pet Care,Cat Food,2,22.2,16.7,20.4,1.56,Ambient,Medium,30,736.26,14,0.33,4.62,98,72.6,Z7,A3,R5,50,74.0,91.62,26.01,79,32,A,Y,AY
ORD00157,4,2026-01-28,App,Express,6,SKU010,Pet Care,Dog Food,2,11.4,15.0,7.1,3.09,Ambient,Medium,180,531.32,4,0.64,2.56,28,30.3,Z4,A5,R2,50,53.5,63.81,26.48,17,13,C,Z,CZ
ORD00157,5,2026-01-28,App,Express,6,SKU058,Pet Care,Dog Food,1,5.5,8.6,35.5,7.76,Ambient,Low,365,1254.55,13,0.52,6.76,91,96.2,Z4,A1,R4,40,40.5,44.01,20.08,14,7,B,Z,BZ
ORD00157,6,2026-01-28,App,Express,6,SKU091,Pet Care,Dog Food,2,16.5,19.5,38.4,5.94,Fragile,High,365,1182.01,5,0.7,3.5,35,30.7,Z3,A5,R2,50,45.5,51.96,27.66,30,23,A,Z,AZ
ORD00158,1,2026-02-01,App,Standard,3,SKU054,Grocery,Staples,2,24.4,8.8,37.6,2.41,Ambient,Medium,180,457.62,4,0.87,3.48,28,28.1,Z4,A4,R3,30,51.0,45.35,26.74,24,16,C,Z,CZ
ORD00158,2,2026-02-01,App,Standard,3,SKU053,Grocery,Cooking,1,18.1,22.5,9.2,7.79,Ambient,Low,365,49.27,7,0.53,3.71,49,45.3,Z8,A2,R1,40,72.0,82.89,26.26,44,30,C,Z,CZ
ORD00158,3,2026-02-01,App,Standard,3,SKU089,Baby Care,Diapers,1,23.8,16.6,24.7,4.68,Ambient,Medium,365,598.69,2,0.88,1.76,14,17.3,Z2,A1,R6,30,27.5,25.77,15.59,18,14,C,Z,CZ
ORD00159,1,2026-02-15,App,Standard,3,SKU075,Grocery,Breakfast,3,8.3,17.6,38.1,0.44,Ambient,Medium,180,1166.93,10,0.4,4.0,70,50.2,Z2,A1,R1,40,20.0,22.63,12.3,20,14,B,Y,BY
ORD00159,2,2026-02-15,App,Standard,3,SKU020,Grocery,Staples,1,30.8,10.6,33.6,3.74,Ambient,Low,30,1196.56,11,0.51,5.61,77,70.8,Z8,A4,R3,30,83.0,83.33,32.76,37,19,A,Z,AZ
ORD00159,3,2026-02-15,App,Standard,3,SKU009,Grocery,Snacks,1,31.2,6.9,33.3,6.86,Ambient,Medium,30,1744.97,3,0.63,1.89,21,25.4,Z3,A2,R3,30,35.0,33.9,20.84,13,10,B,Z,BZ
ORD00160,1,2026-02-04,App,Standard,4,SKU071,Grocery,Beverages,2,33.5,26.4,8.5,5.52,Ambient,Low,180,514.69,16,0.24,3.84,112,138.0,Z4,A4,R6,30,55.5,62.92,29.8,35,15,B,X,BX
ORD00160,2,2026-02-04,App,Standard,4,SKU107,Grocery,Breakfast,2,6.1,21.2,15.0,6.91,Fragile,Medium,90,245.94,41,0.17,6.97,287,259.0,Z8,A5,R4,40,88.5,83.67,43.29,61,19,C,X,CX
ORD00160,3,2026-02-04,App,Standard,4,SKU036,Grocery,Cooking,1,22.3,27.7,18.1,7.54,Ambient,Medium,60,205.87,13,0.34,4.42,91,102.4,Z6,A4,R5,50,70.0,85.8,34.58,36,16,C,Y,CY
ORD00160,4,2026-02-04,App,Standard,4,SKU020,Grocery,Staples,2,30.8,10.6,33.6,3.74,Ambient,Low,30,1196.56,11,0.51,5.61,77,70.8,Z8,A4,R3,30,83.0,77.52,33.92,37,19,A,Z,AZ
ORD00161,1,2026-01-29,App,Standard,3,SKU111,Grocery,Snacks,3,15.9,28.7,6.1,1.31,Ambient,Low,30,1043.71,25,0.28,7.0,175,173.5,Z8,A2,R2,50,73.5,71.07,25.85,52,19,A,Y,AY
ORD00161,2,2026-01-29,App,Standard,3,SKU086,Grocery,Staples,1,32.6,26.6,25.2,4.63,Ambient,Low,30,1740.0,4,0.41,1.64,28,22.2,Z5,A2,R3,30,51.0,62.64,24.19,16,12,B,Y,BY
ORD00161,3,2026-01-29,App,Standard,3,SKU078,Grocery,Breakfast,2,7.9,15.7,28.3,3.06,Ambient,Low,30,190.48,4,0.61,2.44,28,21.1,Z4,A1,R6,30,43.5,38.12,18.78,12,9,C,Z,CZ
ORD00162,1,2026-02-28,App,Standard,2,SKU051,Baby Care,Diapers,3,15.0,21.8,35.0,2.71,Ambient,High,365,90.14,20,0.23,4.6,140,104.8,Z6,A4,R2,50,65.5,72.11,30.53,31,13,C,X,CX
ORD00162,2,2026-02-28,App,Standard,2,SKU089,Baby Care,Diapers,1,23.8,16.6,24.7,4.68,Ambient,Medium,365,598.69,2,0.88,1.76,14,17.3,Z2,A1,R6,30,27.5,29.33,17.56,18,14,C,Z,CZ
ORD00163,1,2026-01-17,App,Standard,3,SKU052,Grocery,Staples,3,29.7,5.0,35.4,3.75,Ambient,Medium,180,1135.1,36,0.23,8.28,252,281.7,Z8,A5,R5,50,90.0,106.81,40.59,56,20,A,X,AX
ORD00163,2,2026-01-17,App,Standard,3,SKU009,Grocery,Snacks,1,31.2,6.9,33.3,6.86,Ambient,Medium,30,1744.97,3,0.63,1.89,21,25.4,Z3,A2,R3,30,35.0,31.6,20.05,13,10,B,Z,BZ
ORD00163,3,2026-01-17,App,Standard,3,SKU054,Grocery,Staples,2,24.4,8.8,37.6,2.41,Ambient,Medium,180,457.62,4,0.87,3.48,28,28.1,Z4,A4,R3,30,51.0,48.65,24.9,24,16,C,Z,CZ
ORD00164,1,2026-03-03,Web,Express,3,SKU038,Health & Wellness,Wellness,3,18.1,23.3,38.8,2.23,Ambient,Low,730,1076.64,20,0.29,5.8,140,122.8,Z7,A3,R1,40,68.0,61.97,27.21,56,25,A,Y,AY
ORD00164,2,2026-03-03,Web,Express,3,SKU012,Health & Wellness,Wellness,1,20.2,26.3,7.4,0.64,Ambient,Medium,365,1080.27,7,0.27,1.89,49,51.0,Z2,A2,R1,40,24.0,23.44,13.45,21,13,B,Y,BY
ORD00164,3,2026-03-03,Web,Express,3,SKU050,Health & Wellness,Wellness,1,35.0,21.8,14.4,0.42,Ambient,High,60,1794.58,5,0.88,4.4,35,32.9,Z3,A3,R2,50,37.5,34.64,19.05,22,20,A,Z,AZ
ORD00165,1,2026-03-13,Web,Express,4,SKU080,Health & Wellness,Wellness,1,22.3,10.3,28.0,1.87,HighValue,Medium,90,228.92,17,0.23,3.91,119,101.5,Z7,A4,R1,40,72.0,76.93,31.04,25,11,C,X,CX
ORD00165,2,2026-03-13,Web,Express,4,SKU087,Health & Wellness,Vitamins,1,15.9,15.9,8.7,3.54,Ambient,Medium,60,616.2,7,0.74,5.18,49,38.8,Z1,A2,R5,50,22.0,21.3,16.42,29,22,B,Z,BZ
ORD00165,3,2026-03-13,Web,Express,4,SKU038,Health & Wellness,Wellness,4,18.1,23.3,38.8,2.23,Ambient,Low,730,1076.64,20,0.29,5.8,140,122.8,Z7,A3,R1,40,68.0,78.31,28.27,56,25,A,Y,AY
ORD00165,4,2026-03-13,Web,Express,4,SKU064,Health & Wellness,Wellness,3,32.1,24.4,13.1,6.44,HighValue,Low,90,1228.03,12,0.5,6.0,84,92.1,Z2,A4,R2,50,33.5,39.19,25.61,22,14,B,Y,BY
ORD00166,1,2026-02-26,App,Standard,3,SKU019,Health & Wellness,OTC,2,29.3,27.0,5.9,5.92,HighValue,High,730,1558.71,7,0.54,3.78,49,56.1,Z4,A3,R6,30,51.5,48.35,26.73,41,25,A,Z,AZ
ORD00166,2,2026-02-26,App,Standard,3,SKU100,Baby Care,Baby Food,4,9.4,15.9,38.1,1.85,Ambient,Low,30,728.71,20,0.33,6.6,140,126.8,Z7,A4,R2,50,73.5,63.14,30.27,62,29,A,Y,AY
ORD00166,3,2026-02-26,App,Standard,3,SKU049,Personal Care,Bath & Body,1,17.1,11.8,23.9,3.56,Ambient,Medium,365,469.4,6,0.55,3.3,42,31.5,Z5,A1,R1,40,44.0,49.22,17.53,44,39,B,Z,BZ
ORD00167,1,2026-01-12,App,Standard,7,SKU051,Baby Care,Diapers,2,15.0,21.8,35.0,2.71,Ambient,High,365,90.14,20,0.23,4.6,140,104.8,Z6,A4,R2,50,65.5,78.94,29.46,31,13,C,X,CX
ORD00167,2,2026-01-12,App,Standard,7,SKU100,Baby Care,Baby Food,3,9.4,15.9,38.1,1.85,Ambient,Low,30,728.71,20,0.33,6.6,140,126.8,Z7,A4,R2,50,73.5,75.48,30.76,62,29,A,Y,AY
ORD00167,3,2026-01-12,App,Standard,7,SKU095,Baby Care,Diapers,1,33.4,29.9,36.9,0.84,Ambient,Low,90,344.97,23,0.29,6.67,161,131.7,Z6,A1,R2,50,53.5,64.69,20.87,43,20,C,Y,CY
ORD00167,4,2026-01-12,App,Standard,7,SKU119,Baby Care,Baby Food,3,22.2,20.5,6.1,7.12,Ambient,Low,60,1453.32,23,0.2,4.6,161,173.4,Z7,A1,R5,50,66.0,78.16,24.87,24,12,A,X,AX
ORD00167,5,2026-01-12,App,Standard,7,SKU023,Baby Care,Baby Hygiene,1,27.1,9.9,20.1,7.6,Ambient,Medium,30,1302.56,6,0.87,5.22,42,36.3,Z3,A4,R6,30,47.5,46.14,27.27,20,16,B,Z,BZ
ORD00167,6,2026-01-12,App,Standard,7,SKU089,Baby Care,Diapers,2,23.8,16.6,24.7,4.68,Ambient,Medium,365,598.69,2,0.88,1.76,14,17.3,Z2,A1,R6,30,27.5,27.06,16.01,18,14,C,Z,CZ
ORD00167,7,2026-01-12,App,Standard,7,SKU044,Pet Care,Cat Food,4,22.2,16.7,20.4,1.56,Ambient,Medium,30,736.26,14,0.33,4.62,98,72.6,Z7,A3,R5,50,74.0,74.02,28.9,79,32,A,Y,AY
ORD00168,1,2026-01-01,App,Standard,3,SKU113,Health & Wellness,Vitamins,3,30.6,16.3,36.5,3.62,HighValue,Medium,90,1210.42,16,0.18,2.88,112,122.1,Z6,A3,R1,40,60.0,58.29,28.74,30,13,A,X,AX
ORD00168,2,2026-01-01,App,Standard,3,SKU094,Health & Wellness,Wellness,1,7.4,21.6,37.1,2.55,Ambient,Medium,30,574.51,7,0.48,3.36,49,44.5,Z5,A3,R1,40,52.0,44.76,23.48,19,14,C,Y,CY
ORD00168,3,2026-01-01,App,Standard,3,SKU050,Health & Wellness,Wellness,1,35.0,21.8,14.4,0.42,Ambient,High,60,1794.58,5,0.88,4.4,35,32.9,Z3,A3,R2,50,37.5,46.22,20.09,22,20,A,Z,AZ
ORD00169,1,2026-03-23,App,Express,3,SKU076,Health & Wellness,Vitamins,1,19.7,27.7,7.6,0.74,Ambient,Medium,365,1289.07,4,0.74,2.96,28,25.5,Z2,A1,R3,30,23.0,24.75,12.79,11,10,C,Z,CZ
ORD00169,2,2026-03-23,App,Express,3,SKU072,Health & Wellness,Vitamins,3,24.3,19.9,5.7,6.32,HighValue,Low,365,389.24,6,0.45,2.7,42,48.6,Z6,A2,R4,40,60.5,62.95,24.29,54,33,B,Y,BY
ORD00169,3,2026-03-23,App,Express,3,SKU096,Health & Wellness,Vitamins,2,9.1,6.9,34.6,0.9,Ambient,Low,90,1580.6,8,0.32,2.56,56,58.2,Z6,A2,R1,40,56.0,59.08,18.23,13,7,B,Y,BY
ORD00170,1,2026-03-15,App,Standard,1,SKU034,Personal Care,Hair Care,1,21.2,30.0,17.2,5.24,Ambient,Medium,60,378.87,12,0.26,3.12,84,59.7,Z3,A4,R1,40,40.0,39.7,27.94,18,13,C,Y,CY
ORD00171,1,2026-02-07,App,Standard,3,SKU074,Dairy & Chilled,Dairy,3,28.7,10.9,16.3,1.48,Chilled,Low,730,772.2,15,0.16,2.4,105,80.1,Z6,A3,R3,30,63.0,60.39,27.55,53,23,A,X,AX
ORD00171,2,2026-02-07,App,Standard,3,SKU088,Household,Cleaning,2,32.2,13.7,30.5,6.57,Ambient,Low,60,332.96,13,0.4,5.2,91,71.4,Z1,A2,R4,40,20.5,21.81,18.03,63,34,B,Y,BY
ORD00171,3,2026-02-07,App,Standard,3,SKU032,Grocery,Snacks,1,5.9,13.4,28.8,3.29,Ambient,Low,365,973.07,9,0.38,3.42,63,75.5,Z5,A2,R2,50,49.5,44.79,19.65,47,27,A,Y,AY
ORD00172,1,2026-02-06,Web,Standard,3,SKU059,Pet Care,Pet Hygiene,4,14.5,23.0,31.6,6.99,Fragile,Low,730,1239.81,41,0.16,6.56,287,246.3,Z7,A2,R5,50,70.0,79.16,30.63,67,20,A,X,AX
ORD00172,2,2026-02-06,Web,Standard,3,SKU049,Personal Care,Bath & Body,2,17.1,11.8,23.9,3.56,Ambient,Medium,365,469.4,6,0.55,3.3,42,31.5,Z5,A1,R1,40,44.0,53.52,17.43,44,39,B,Z,BZ
ORD00172,3,2026-02-06,Web,Standard,3,SKU041,Personal Care,Hair Care,1,17.1,11.1,28.2,3.02,Ambient,High,365,612.15,6,0.34,2.04,42,45.6,Z5,A5,R6,30,67.5,57.84,30.41,43,26,B,Y,BY
ORD00173,1,2026-02-14,App,Standard,3,SKU046,Pet Care,Cat Food,2,14.2,20.5,26.3,5.95,Ambient,Low,730,169.11,14,0.55,7.7,98,81.5,Z6,A1,R3,30,55.0,51.37,20.39,34,22,C,Z,CZ
ORD00173,2,2026-02-14,App,Standard,3,SKU069,Grocery,Cooking,3,24.1,16.6,29.5,5.23,Ambient,Low,180,231.11,8,0.44,3.52,56,46.4,Z7,A3,R4,40,72.5,83.75,28.67,36,23,C,Y,CY
ORD00173,3,2026-02-14,App,Standard,3,SKU044,Pet Care,Cat Food,1,22.2,16.7,20.4,1.56,Ambient,Medium,30,736.26,14,0.33,4.62,98,72.6,Z7,A3,R5,50,74.0,77.23,26.9,79,32,A,Y,AY
ORD00174,1,2026-02-25,App,Standard,1,SKU018,Grocery,Beverages,1,28.9,26.5,36.5,1.76,Ambient,Medium,180,1753.56,3,0.85,2.55,21,23.4,Z6,A2,R2,50,57.5,62.72,21.1,20,13,A,Z,AZ
ORD00175,1,2026-03-17,App,Standard,6,SKU026,Household,Home Care,1,29.6,23.8,28.5,1.87,Frozen,Low,180,1110.01,43,0.15,6.45,301,337.9,Z6,A1,R6,30,59.5,55.13,21.42,80,26,A,X,AX
ORD00175,2,2026-03-17,App,Standard,6,SKU047,Household,Cleaning,1,25.7,16.7,6.1,2.38,Ambient,Low,60,1664.94,13,0.24,3.12,91,103.1,Z4,A5,R3,30,55.0,58.57,32.73,42,20,A,X,AX
ORD00175,3,2026-03-17,App,Standard,6,SKU003,Household,Cleaning,2,31.1,12.5,27.4,4.91,Ambient,Medium,365,1655.33,5,0.86,4.3,35,36.0,Z5,A4,R6,30,63.5,59.41,28.43,52,40,A,Z,AZ
ORD00175,4,2026-03-17,App,Standard,6,SKU014,Household,Cleaning,2,20.2,8.3,17.2,0.64,Ambient,Low,365,1273.78,14,0.26,3.64,98,101.6,Z8,A5,R2,50,85.5,85.21,35.94,35,16,A,Y,AY
ORD00175,5,2026-03-17,App,Standard,6,SKU033,Household,Home Care,2,17.9,26.7,11.4,2.16,Ambient,Low,180,518.91,5,0.28,1.4,35,42.8,Z8,A3,R4,40,80.5,99.26,28.42,17,10,C,Y,CY
ORD00175,6,2026-03-17,App,Standard,6,SKU045,Household,Cleaning,1,21.9,12.6,39.8,1.04,Ambient,Medium,60,1401.86,7,0.29,2.03,49,44.6,Z5,A2,R1,40,48.0,48.09,19.15,18,14,B,Y,BY
ORD00176,1,2026-01-28,App,Standard,4,SKU052,Grocery,Staples,2,29.7,5.0,35.4,3.75,Ambient,Medium,180,1135.1,36,0.23,8.28,252,281.7,Z8,A5,R5,50,90.0,87.73,40.26,56,20,A,X,AX
ORD00176,2,2026-01-28,App,Standard,4,SKU060,Grocery,Staples,2,27.8,22.6,8.5,1.41,Frozen,Low,30,545.73,4,0.89,3.56,28,25.4,Z1,A2,R6,30,23.5,25.18,16.15,12,10,C,Z,CZ
ORD00176,3,2026-01-28,App,Standard,4,SKU022,Grocery,Staples,1,26.9,12.8,26.2,4.14,Ambient,Low,730,799.0,14,0.38,5.32,98,96.6,Z7,A5,R5,50,82.0,75.89,36.24,21,10,C,Y,CY
ORD00176,4,2026-01-28,App,Standard,4,SKU083,Grocery,Beverages,1,33.2,19.9,35.9,1.33,Ambient,Low,180,1199.94,6,0.56,3.36,42,40.6,Z2,A4,R3,30,35.0,36.41,24.66,13,11,C,Z,CZ
ORD00177,1,2026-03-28,Web,Standard,3,SKU001,Health & Wellness,OTC,4,27.7,26.5,10.3,1.36,Ambient,Medium,180,964.18,40,0.17,6.8,280,345.5,Z6,A5,R3,30,71.0,65.14,37.25,52,18,A,X,AX
ORD00177,2,2026-03-28,Web,Standard,3,SKU110,Health & Wellness,Vitamins,1,33.4,6.9,27.3,2.97,Ambient,Low,365,1228.61,6,0.89,5.34,42,39.5,Z1,A5,R5,50,34.0,31.62,25.11,15,13,B,Z,BZ
ORD00177,3,2026-03-28,Web,Standard,3,SKU038,Health & Wellness,Wellness,3,18.1,23.3,38.8,2.23,Ambient,Low,730,1076.64,20,0.29,5.8,140,122.8,Z7,A3,R1,40,68.0,64.13,27.68,56,25,A,Y,AY
ORD00178,1,2026-02-24,App,Standard,4,SKU036,Grocery,Cooking,1,22.3,27.7,18.1,7.54,Ambient,Medium,60,205.87,13,0.34,4.42,91,102.4,Z6,A4,R5,50,70.0,60.33,36.2,36,16,C,Y,CY
ORD00178,2,2026-02-24,App,Standard,4,SKU111,Grocery,Snacks,3,15.9,28.7,6.1,1.31,Ambient,Low,30,1043.71,25,0.28,7.0,175,173.5,Z8,A2,R2,50,73.5,77.12,26.89,52,19,A,Y,AY
ORD00178,3,2026-02-24,App,Standard,4,SKU120,Grocery,Staples,1,18.2,17.1,12.1,4.89,Ambient,Medium,90,1756.29,6,0.43,2.58,42,32.4,Z6,A2,R3,30,59.0,64.42,22.63,12,9,B,Y,BY
ORD00178,4,2026-02-24,App,Standard,4,SKU053,Grocery,Cooking,1,18.1,22.5,9.2,7.79,Ambient,Low,365,49.27,7,0.53,3.71,49,45.3,Z8,A2,R1,40,72.0,79.15,27.03,44,30,C,Z,CZ
ORD00179,1,2026-01-10,App,Express,4,SKU064,Health & Wellness,Wellness,1,32.1,24.4,13.1,6.44,HighValue,Low,90,1228.03,12,0.5,6.0,84,92.1,Z2,A4,R2,50,33.5,33.62,26.48,22,14,B,Y,BY
ORD00179,2,2026-01-10,App,Express,4,SKU110,Health & Wellness,Vitamins,1,33.4,6.9,27.3,2.97,Ambient,Low,365,1228.61,6,0.89,5.34,42,39.5,Z1,A5,R5,50,34.0,35.15,24.44,15,13,B,Z,BZ
ORD00179,3,2026-01-10,App,Express,4,SKU109,Health & Wellness,OTC,1,8.1,13.2,15.3,3.62,Ambient,Low,730,1569.32,5,0.55,2.75,35,31.3,Z3,A5,R1,40,44.0,52.54,26.82,22,19,A,Z,AZ
ORD00179,4,2026-01-10,App,Express,4,SKU038,Health & Wellness,Wellness,2,18.1,23.3,38.8,2.23,Ambient,Low,730,1076.64,20,0.29,5.8,140,122.8,Z7,A3,R1,40,68.0,71.17,27.35,56,25,A,Y,AY
ORD00180,1,2026-01-18,App,Express,3,SKU050,Health & Wellness,Wellness,1,35.0,21.8,14.4,0.42,Ambient,High,60,1794.58,5,0.88,4.4,35,32.9,Z3,A3,R2,50,37.5,36.68,21.56,22,20,A,Z,AZ
ORD00180,2,2026-01-18,App,Express,3,SKU019,Health & Wellness,OTC,1,29.3,27.0,5.9,5.92,HighValue,High,730,1558.71,7,0.54,3.78,49,56.1,Z4,A3,R6,30,51.5,61.02,23.54,41,25,A,Z,AZ
ORD00180,3,2026-01-18,App,Express,3,SKU110,Health & Wellness,Vitamins,1,33.4,6.9,27.3,2.97,Ambient,Low,365,1228.61,6,0.89,5.34,42,39.5,Z1,A5,R5,50,34.0,29.27,25.72,15,13,B,Z,BZ
ORD00181,1,2026-03-22,App,Standard,3,SKU015,Health & Wellness,Wellness,3,29.5,12.5,28.2,7.52,HighValue,Low,30,1342.79,21,0.16,3.36,147,115.5,Z8,A1,R5,50,74.0,67.93,25.33,78,32,A,X,AX
ORD00181,2,2026-03-22,App,Standard,3,SKU025,Grocery,Snacks,3,23.2,13.1,20.5,5.44,Ambient,High,730,326.2,37,0.22,8.14,259,193.4,Z6,A4,R1,40,64.0,71.24,31.91,80,27,B,X,BX
ORD00181,3,2026-03-22,App,Standard,3,SKU003,Household,Cleaning,1,31.1,12.5,27.4,4.91,Ambient,Medium,365,1655.33,5,0.86,4.3,35,36.0,Z5,A4,R6,30,63.5,64.67,29.88,52,40,A,Z,AZ
ORD00182,1,2026-01-03,App,Standard,4,SKU070,Household,Laundry,2,33.5,22.4,23.9,4.74,Ambient,Medium,180,1117.78,38,0.16,6.08,266,323.6,Z6,A5,R5,50,74.0,73.65,39.02,89,29,A,X,AX
ORD00182,2,2026-01-03,App,Standard,4,SKU069,Grocery,Cooking,1,24.1,16.6,29.5,5.23,Ambient,Low,180,231.11,8,0.44,3.52,56,46.4,Z7,A3,R4,40,72.5,86.2,28.92,36,23,C,Y,CY
ORD00182,3,2026-01-03,App,Standard,4,SKU044,Pet Care,Cat Food,3,22.2,16.7,20.4,1.56,Ambient,Medium,30,736.26,14,0.33,4.62,98,72.6,Z7,A3,R5,50,74.0,78.76,29.77,79,32,A,Y,AY
ORD00182,4,2026-01-03,App,Standard,4,SKU046,Pet Care,Cat Food,1,14.2,20.5,26.3,5.95,Ambient,Low,730,169.11,14,0.55,7.7,98,81.5,Z6,A1,R3,30,55.0,68.67,19.48,34,22,C,Z,CZ
ORD00183,1,2026-02-21,App,Standard,5,SKU072,Health & Wellness,Vitamins,1,24.3,19.9,5.7,6.32,HighValue,Low,365,389.24,6,0.45,2.7,42,48.6,Z6,A2,R4,40,60.5,57.51,24.79,54,33,B,Y,BY
ORD00183,2,2026-02-21,App,Standard,5,SKU042,Grocery,Beverages,2,10.8,8.0,23.8,6.12,Ambient,Medium,730,1071.52,8,0.29,2.32,56,62.6,Z4,A1,R1,40,36.0,38.48,18.28,43,26,A,Y,AY
ORD00183,3,2026-02-21,App,Standard,5,SKU085,Grocery,Snacks,5,13.7,8.0,22.4,3.5,Ambient,Low,365,1504.2,28,0.21,5.88,196,224.1,Z5,A5,R5,50,66.0,69.73,35.67,65,22,A,X,AX
ORD00183,4,2026-02-21,App,Standard,5,SKU062,Personal Care,Hair Care,1,25.3,8.9,20.5,2.83,Ambient,Low,90,835.88,12,0.52,6.24,84,72.8,Z1,A3,R2,50,21.5,23.96,18.79,40,22,A,Z,AZ
ORD00183,5,2026-02-21,App,Standard,5,SKU015,Health & Wellness,Wellness,3,29.5,12.5,28.2,7.52,HighValue,Low,30,1342.79,21,0.16,3.36,147,115.5,Z8,A1,R5,50,74.0,70.83,28.22,78,32,A,X,AX
ORD00184,1,2026-03-23,App,Express,4,SKU071,Grocery,Beverages,3,33.5,26.4,8.5,5.52,Ambient,Low,180,514.69,16,0.24,3.84,112,138.0,Z4,A4,R6,30,55.5,61.25,31.2,35,15,B,X,BX
ORD00184,2,2026-03-23,App,Express,4,SKU081,Grocery,Breakfast,2,28.0,20.5,28.6,4.5,Ambient,Medium,30,345.24,7,0.68,4.76,49,53.2,Z5,A4,R5,50,62.0,59.82,27.35,14,10,C,Z,CZ
ORD00184,3,2026-03-23,App,Express,4,SKU107,Grocery,Breakfast,2,6.1,21.2,15.0,6.91,Fragile,Medium,90,245.94,41,0.17,6.97,287,259.0,Z8,A5,R4,40,88.5,83.58,40.2,61,19,C,X,CX
ORD00184,4,2026-03-23,App,Express,4,SKU017,Grocery,Beverages,1,21.6,15.7,5.3,0.69,Ambient,Medium,90,1058.95,2,0.77,1.54,14,10.9,Z8,A2,R6,30,79.5,68.46,22.35,9,7,C,Z,CZ
ORD00185,1,2026-02-09,App,Standard,3,SKU067,Health & Wellness,Vitamins,3,19.0,6.9,31.4,1.88,Ambient,Medium,365,674.25,10,0.49,4.9,70,79.4,Z1,A4,R1,40,24.0,25.06,22.75,28,20,B,Y,BY
ORD00185,2,2026-02-09,App,Standard,3,SKU008,Personal Care,Bath & Body,1,26.9,21.8,39.4,0.88,Ambient,High,60,365.07,4,0.63,2.52,28,27.9,Z2,A1,R2,50,21.5,19.0,14.3,20,19,C,Z,CZ
ORD00185,3,2026-02-09,App,Standard,3,SKU091,Pet Care,Dog Food,1,16.5,19.5,38.4,5.94,Fragile,High,365,1182.01,5,0.7,3.5,35,30.7,Z3,A5,R2,50,45.5,55.07,31.21,30,23,A,Z,AZ
ORD00186,1,2026-02-22,App,Standard,5,SKU080,Health & Wellness,Wellness,2,22.3,10.3,28.0,1.87,HighValue,Medium,90,228.92,17,0.23,3.91,119,101.5,Z7,A4,R1,40,72.0,82.75,30.55,25,11,C,X,CX
ORD00186,2,2026-02-22,App,Standard,5,SKU094,Health & Wellness,Wellness,1,7.4,21.6,37.1,2.55,Ambient,Medium,30,574.51,7,0.48,3.36,49,44.5,Z5,A3,R1,40,52.0,47.2,23.34,19,14,C,Y,CY
ORD00186,3,2026-02-22,App,Standard,5,SKU072,Health & Wellness,Vitamins,1,24.3,19.9,5.7,6.32,HighValue,Low,365,389.24,6,0.45,2.7,42,48.6,Z6,A2,R4,40,60.5,62.06,26.73,54,33,B,Y,BY
ORD00186,4,2026-02-22,App,Standard,5,SKU067,Health & Wellness,Vitamins,1,19.0,6.9,31.4,1.88,Ambient,Medium,365,674.25,10,0.49,4.9,70,79.4,Z1,A4,R1,40,24.0,25.11,21.44,28,20,B,Y,BY
ORD00186,5,2026-02-22,App,Standard,5,SKU021,Grocery,Staples,2,20.3,22.0,34.5,2.72,Fragile,High,90,341.96,32,0.15,4.8,224,275.4,Z7,A5,R3,30,79.0,77.15,39.3,58,21,B,X,BX
ORD00187,1,2026-02-24,App,Standard,3,SKU032,Grocery,Snacks,2,5.9,13.4,28.8,3.29,Ambient,Low,365,973.07,9,0.38,3.42,63,75.5,Z5,A2,R2,50,49.5,61.05,20.22,47,27,A,Y,AY
ORD00187,2,2026-02-24,App,Standard,3,SKU005,Grocery,Breakfast,1,20.8,20.2,38.8,7.44,Ambient,Medium,180,1791.39,5,0.48,2.4,35,37.0,Z3,A4,R4,40,44.5,40.0,29.26,23,19,A,Y,AY
ORD00187,3,2026-02-24,App,Standard,3,SKU090,Grocery,Breakfast,3,23.9,24.9,25.7,2.88,Ambient,Low,90,1501.26,6,0.39,2.34,42,31.2,Z7,A1,R3,30,63.0,63.34,22.36,36,19,A,Y,AY
ORD00188,1,2026-02-20,Web,Standard,6,SKU114,Household,Laundry,3,26.4,28.2,27.3,6.37,Ambient,Low,60,445.21,17,0.32,5.44,119,115.6,Z8,A4,R6,30,87.5,103.08,38.55,38,15,B,Y,BY
ORD00188,2,2026-02-20,Web,Standard,6,SKU043,Household,Cleaning,3,15.8,12.6,29.8,1.1,Fragile,Low,90,1262.92,8,0.34,2.72,56,43.1,Z1,A3,R1,40,20.0,21.05,18.21,28,17,A,Y,AY
ORD00188,3,2026-02-20,Web,Standard,6,SKU097,Household,Cleaning,1,25.8,20.6,36.6,5.8,Fragile,Low,730,446.62,2,0.49,0.98,14,13.2,Z2,A2,R6,30,31.5,37.02,20.4,17,13,C,Y,CY
ORD00188,4,2026-02-20,Web,Standard,6,SKU033,Household,Home Care,2,17.9,26.7,11.4,2.16,Ambient,Low,180,518.91,5,0.28,1.4,35,42.8,Z8,A3,R4,40,80.5,69.31,28.46,17,10,C,Y,CY
ORD00188,5,2026-02-20,Web,Standard,6,SKU118,Household,Home Care,1,33.2,8.9,28.1,5.79,Ambient,Medium,30,169.17,44,0.13,5.72,308,376.3,Z8,A3,R3,30,79.0,87.06,34.12,71,23,C,X,CX
ORD00188,6,2026-02-20,Web,Standard,6,SKU059,Pet Care,Pet Hygiene,4,14.5,23.0,31.6,6.99,Fragile,Low,730,1239.81,41,0.16,6.56,287,246.3,Z7,A2,R5,50,70.0,70.72,28.61,67,20,A,X,AX
ORD00189,1,2026-03-22,App,Standard,3,SKU068,Grocery,Cooking,3,25.2,21.8,25.5,6.6,Ambient,Low,30,1124.7,14,0.25,3.5,98,119.4,Z8,A1,R3,30,71.0,65.99,26.94,35,16,A,X,AX
ORD00189,2,2026-03-22,App,Standard,3,SKU072,Health & Wellness,Vitamins,1,24.3,19.9,5.7,6.32,HighValue,Low,365,389.24,6,0.45,2.7,42,48.6,Z6,A2,R4,40,60.5,72.63,23.97,54,33,B,Y,BY
ORD00189,3,2026-03-22,App,Standard,3,SKU042,Grocery,Beverages,3,10.8,8.0,23.8,6.12,Ambient,Medium,730,1071.52,8,0.29,2.32,56,62.6,Z4,A1,R1,40,36.0,33.83,19.02,43,26,A,Y,AY
ORD00190,1,2026-01-03,App,Standard,6,SKU075,Grocery,Breakfast,2,8.3,17.6,38.1,0.44,Ambient,Medium,180,1166.93,10,0.4,4.0,70,50.2,Z2,A1,R1,40,20.0,23.62,13.36,20,14,B,Y,BY
ORD00190,2,2026-01-03,App,Standard,6,SKU039,Grocery,Staples,1,12.3,16.6,26.4,3.09,Fragile,High,60,890.4,9,0.51,4.59,63,56.4,Z3,A1,R2,50,29.5,27.47,14.08,22,14,B,Z,BZ
ORD00190,3,2026-01-03,App,Standard,6,SKU020,Grocery,Staples,3,30.8,10.6,33.6,3.74,Ambient,Low,30,1196.56,11,0.51,5.61,77,70.8,Z8,A4,R3,30,83.0,79.39,33.41,37,19,A,Z,AZ
ORD00190,4,2026-01-03,App,Standard,6,SKU083,Grocery,Beverages,1,33.2,19.9,35.9,1.33,Ambient,Low,180,1199.94,6,0.56,3.36,42,40.6,Z2,A4,R3,30,35.0,35.79,23.05,13,11,C,Z,CZ
ORD00190,5,2026-01-03,App,Standard,6,SKU042,Grocery,Beverages,1,10.8,8.0,23.8,6.12,Ambient,Medium,730,1071.52,8,0.29,2.32,56,62.6,Z4,A1,R1,40,36.0,42.47,16.68,43,26,A,Y,AY
ORD00190,6,2026-01-03,App,Standard,6,SKU030,Grocery,Beverages,1,7.4,8.8,18.4,1.31,Ambient,Low,180,763.0,3,0.85,2.55,21,17.1,Z2,A2,R5,50,30.0,27.66,15.41,12,10,C,Z,CZ
ORD00191,1,2026-01-19,App,Standard,1,SKU118,Household,Home Care,2,33.2,8.9,28.1,5.79,Ambient,Medium,30,169.17,44,0.13,5.72,308,376.3,Z8,A3,R3,30,79.0,88.85,34.3,71,23,C,X,CX
ORD00192,1,2026-02-19,App,Standard,4,SKU089,Baby Care,Diapers,1,23.8,16.6,24.7,4.68,Ambient,Medium,365,598.69,2,0.88,1.76,14,17.3,Z2,A1,R6,30,27.5,26.7,16.34,18,14,C,Z,CZ
ORD00192,2,2026-02-19,App,Standard,4,SKU054,Grocery,Staples,1,24.4,8.8,37.6,2.41,Ambient,Medium,180,457.62,4,0.87,3.48,28,28.1,Z4,A4,R3,30,51.0,63.1,25.6,24,16,C,Z,CZ
ORD00192,3,2026-02-19,App,Standard,4,SKU020,Grocery,Staples,2,30.8,10.6,33.6,3.74,Ambient,Low,30,1196.56,11,0.51,5.61,77,70.8,Z8,A4,R3,30,83.0,79.19,32.59,37,19,A,Z,AZ
ORD00192,4,2026-02-19,App,Standard,4,SKU079,Dairy & Chilled,Dairy,1,33.7,19.0,28.5,3.35,Chilled,High,180,1565.86,5,0.43,2.15,35,38.4,Z7,A4,R6,30,79.5,95.49,33.5,18,16,B,Y,BY
ORD00193,1,2026-01-17,App,Express,2,SKU085,Grocery,Snacks,5,13.7,8.0,22.4,3.5,Ambient,Low,365,1504.2,28,0.21,5.88,196,224.1,Z5,A5,R5,50,66.0,76.21,33.87,65,22,A,X,AX
ORD00193,2,2026-01-17,App,Express,2,SKU062,Personal Care,Hair Care,1,25.3,8.9,20.5,2.83,Ambient,Low,90,835.88,12,0.52,6.24,84,72.8,Z1,A3,R2,50,21.5,25.95,17.22,40,22,A,Z,AZ
ORD00194,1,2026-02-10,App,Standard,4,SKU061,Grocery,Cooking,3,28.8,9.2,7.8,6.98,Ambient,High,60,437.13,11,0.42,4.62,77,80.9,Z4,A3,R1,40,44.0,45.17,24.96,33,20,C,Y,CY
ORD00194,2,2026-02-10,App,Standard,4,SKU112,Personal Care,Oral Care,2,5.8,9.7,23.1,7.32,Ambient,Medium,60,1793.55,2,0.88,1.76,14,12.0,Z8,A3,R2,50,77.5,80.07,30.63,36,24,A,Z,AZ
ORD00194,3,2026-02-10,App,Standard,4,SKU109,Health & Wellness,OTC,1,8.1,13.2,15.3,3.62,Ambient,Low,730,1569.32,5,0.55,2.75,35,31.3,Z3,A5,R1,40,44.0,40.01,28.78,22,19,A,Z,AZ
ORD00194,4,2026-02-10,App,Standard,4,SKU095,Baby Care,Diapers,2,33.4,29.9,36.9,0.84,Ambient,Low,90,344.97,23,0.29,6.67,161,131.7,Z6,A1,R2,50,53.5,51.56,19.04,43,20,C,Y,CY
ORD00195,1,2026-01-22,App,Standard,4,SKU104,Personal Care,Oral Care,3,10.6,21.7,23.3,2.95,Ambient,Medium,365,1008.62,31,0.19,5.89,217,198.5,Z7,A1,R6,30,67.5,79.97,25.34,50,18,A,X,AX
ORD00195,2,2026-01-22,App,Standard,4,SKU115,Personal Care,Oral Care,1,21.5,20.3,8.0,2.54,Ambient,Medium,180,1486.43,20,0.31,6.2,140,103.7,Z6,A2,R6,30,63.5,75.07,23.22,30,17,A,Y,AY
ORD00195,3,2026-01-22,App,Standard,4,SKU004,Personal Care,Hair Care,1,29.9,12.7,7.0,7.04,Ambient,Medium,30,1760.92,3,0.84,2.52,21,20.9,Z1,A5,R4,40,32.5,40.04,28.32,10,8,B,Z,BZ
ORD00195,4,2026-01-22,App,Standard,4,SKU028,Personal Care,Skin Care,2,29.0,21.7,39.6,4.8,Ambient,Medium,730,1608.34,6,0.39,2.34,42,39.3,Z2,A4,R1,40,32.0,39.61,23.17,18,9,A,Y,AY
ORD00196,1,2026-03-25,App,Standard,4,SKU056,Pet Care,Cat Food,1,15.0,24.1,18.2,7.47,Ambient,Low,180,439.57,13,0.4,5.2,91,102.5,Z3,A2,R2,50,33.5,38.8,20.15,9,7,C,Y,CY
ORD00196,2,2026-03-25,App,Standard,4,SKU091,Pet Care,Dog Food,1,16.5,19.5,38.4,5.94,Fragile,High,365,1182.01,5,0.7,3.5,35,30.7,Z3,A5,R2,50,45.5,42.46,28.24,30,23,A,Z,AZ
ORD00196,3,2026-03-25,App,Standard,4,SKU010,Pet Care,Dog Food,1,11.4,15.0,7.1,3.09,Ambient,Medium,180,531.32,4,0.64,2.56,28,30.3,Z4,A5,R2,50,53.5,59.32,29.05,17,13,C,Z,CZ
ORD00196,4,2026-03-25,App,Standard,4,SKU029,Pet Care,Cat Food,4,19.2,11.5,13.7,5.14,Ambient,Medium,90,805.77,15,0.3,4.5,105,114.7,Z6,A1,R5,50,58.0,56.23,20.97,35,17,A,Y,AY
ORD00197,1,2026-02-25,App,Standard,4,SKU114,Household,Laundry,3,26.4,28.2,27.3,6.37,Ambient,Low,60,445.21,17,0.32,5.44,119,115.6,Z8,A4,R6,30,87.5,89.57,37.63,38,15,B,Y,BY
ORD00197,2,2026-02-25,App,Standard,4,SKU118,Household,Home Care,3,33.2,8.9,28.1,5.79,Ambient,Medium,30,169.17,44,0.13,5.72,308,376.3,Z8,A3,R3,30,79.0,77.95,32.01,71,23,C,X,CX
ORD00197,3,2026-02-25,App,Standard,4,SKU073,Household,Home Care,1,12.0,24.4,32.6,4.81,Ambient,High,365,469.91,8,0.49,3.92,56,44.6,Z6,A5,R1,40,68.0,76.47,32.01,26,15,C,Y,CY
ORD00197,4,2026-02-25,App,Standard,4,SKU026,Household,Home Care,2,29.6,23.8,28.5,1.87,Frozen,Low,180,1110.01,43,0.15,6.45,301,337.9,Z6,A1,R6,30,59.5,65.56,22.4,80,26,A,X,AX
ORD00198,1,2026-03-09,App,Standard,2,SKU059,Pet Care,Pet Hygiene,1,14.5,23.0,31.6,6.99,Fragile,Low,730,1239.81,41,0.16,6.56,287,246.3,Z7,A2,R5,50,70.0,62.51,28.29,67,20,A,X,AX
ORD00198,2,2026-03-09,App,Standard,2,SKU049,Personal Care,Bath & Body,1,17.1,11.8,23.9,3.56,Ambient,Medium,365,469.4,6,0.55,3.3,42,31.5,Z5,A1,R1,40,44.0,49.03,16.3,44,39,B,Z,BZ
ORD00199,1,2026-03-14,App,Standard,5,SKU045,Household,Cleaning,2,21.9,12.6,39.8,1.04,Ambient,Medium,60,1401.86,7,0.29,2.03,49,44.6,Z5,A2,R1,40,48.0,56.31,19.49,18,14,B,Y,BY
ORD00199,2,2026-03-14,App,Standard,5,SKU077,Household,Laundry,1,17.9,24.8,9.0,5.27,Ambient,High,180,826.51,4,0.65,2.6,28,23.1,Z4,A2,R5,50,46.0,54.0,23.47,16,13,C,Z,CZ
ORD00199,3,2026-03-14,App,Standard,5,SKU099,Household,Laundry,1,29.0,8.5,13.8,5.17,Ambient,Low,365,1535.82,7,0.5,3.5,49,42.0,Z8,A1,R6,30,75.5,93.84,22.48,38,24,A,Y,AY
ORD00199,4,2026-03-14,App,Standard,5,SKU073,Household,Home Care,1,12.0,24.4,32.6,4.81,Ambient,High,365,469.91,8,0.49,3.92,56,44.6,Z6,A5,R1,40,68.0,69.6,33.58,26,15,C,Y,CY
ORD00199,5,2026-03-14,App,Standard,5,SKU003,Household,Cleaning,1,31.1,12.5,27.4,4.91,Ambient,Medium,365,1655.33,5,0.86,4.3,35,36.0,Z5,A4,R6,30,63.5,54.31,29.46,52,40,A,Z,AZ
ORD00200,1,2026-03-25,App,Standard,3,SKU084,Personal Care,Oral Care,1,8.4,15.7,14.9,5.46,Ambient,Low,180,1772.39,16,0.3,4.8,112,81.8,Z5,A5,R3,30,63.0,65.67,32.45,28,13,A,Y,AY
ORD00200,2,2026-03-25,App,Standard,3,SKU104,Personal Care,Oral Care,2,10.6,21.7,23.3,2.95,Ambient,Medium,365,1008.62,31,0.19,5.89,217,198.5,Z7,A1,R6,30,67.5,80.11,22.86,50,18,A,X,AX
ORD00200,3,2026-03-25,App,Standard,3,SKU049,Personal Care,Bath & Body,2,17.1,11.8,23.9,3.56,Ambient,Medium,365,469.4,6,0.55,3.3,42,31.5,Z5,A1,R1,40,44.0,38.92,17.86,44,39,B,Z,BZ
ORD00201,1,2026-03-01,App,Standard,2,SKU052,Grocery,Staples,4,29.7,5.0,35.4,3.75,Ambient,Medium,180,1135.1,36,0.23,8.28,252,281.7,Z8,A5,R5,50,90.0,76.78,38.33,56,20,A,X,AX
ORD00201,2,2026-03-01,App,Standard,2,SKU022,Grocery,Staples,2,26.9,12.8,26.2,4.14,Ambient,Low,730,799.0,14,0.38,5.32,98,96.6,Z7,A5,R5,50,82.0,101.83,35.75,21,10,C,Y,CY
ORD00202,1,2026-03-05,App,Standard,4,SKU070,Household,Laundry,2,33.5,22.4,23.9,4.74,Ambient,Medium,180,1117.78,38,0.16,6.08,266,323.6,Z6,A5,R5,50,74.0,89.22,39.13,89,29,A,X,AX
ORD00202,2,2026-03-05,App,Standard,4,SKU069,Grocery,Cooking,1,24.1,16.6,29.5,5.23,Ambient,Low,180,231.11,8,0.44,3.52,56,46.4,Z7,A3,R4,40,72.5,80.36,29.36,36,23,C,Y,CY
ORD00202,3,2026-03-05,App,Standard,4,SKU044,Pet Care,Cat Food,2,22.2,16.7,20.4,1.56,Ambient,Medium,30,736.26,14,0.33,4.62,98,72.6,Z7,A3,R5,50,74.0,67.68,28.36,79,32,A,Y,AY
ORD00202,4,2026-03-05,App,Standard,4,SKU046,Pet Care,Cat Food,2,14.2,20.5,26.3,5.95,Ambient,Low,730,169.11,14,0.55,7.7,98,81.5,Z6,A1,R3,30,55.0,56.39,20.95,34,22,C,Z,CZ
ORD00203,1,2026-03-06,Web,Standard,2,SKU113,Health & Wellness,Vitamins,3,30.6,16.3,36.5,3.62,HighValue,Medium,90,1210.42,16,0.18,2.88,112,122.1,Z6,A3,R1,40,60.0,65.92,28.78,30,13,A,X,AX
ORD00203,2,2026-03-06,Web,Standard,2,SKU038,Health & Wellness,Wellness,1,18.1,23.3,38.8,2.23,Ambient,Low,730,1076.64,20,0.29,5.8,140,122.8,Z7,A3,R1,40,68.0,75.94,28.89,56,25,A,Y,AY
ORD00204,1,2026-01-17,App,Standard,2,SKU025,Grocery,Snacks,2,23.2,13.1,20.5,5.44,Ambient,High,730,326.2,37,0.22,8.14,259,193.4,Z6,A4,R1,40,64.0,67.29,34.79,80,27,B,X,BX
ORD00204,2,2026-01-17,App,Standard,2,SKU003,Household,Cleaning,2,31.1,12.5,27.4,4.91,Ambient,Medium,365,1655.33,5,0.86,4.3,35,36.0,Z5,A4,R6,30,63.5,56.87,29.26,52,40,A,Z,AZ
ORD00205,1,2026-01-30,App,Standard,2,SKU029,Pet Care,Cat Food,4,19.2,11.5,13.7,5.14,Ambient,Medium,90,805.77,15,0.3,4.5,105,114.7,Z6,A1,R5,50,58.0,71.63,23.23,35,17,A,Y,AY
ORD00205,2,2026-01-30,App,Standard,2,SKU091,Pet Care,Dog Food,2,16.5,19.5,38.4,5.94,Fragile,High,365,1182.01,5,0.7,3.5,35,30.7,Z3,A5,R2,50,45.5,52.9,31.58,30,23,A,Z,AZ
ORD00206,1,2026-03-20,App,Standard,5,SKU116,Health & Wellness,Wellness,2,25.4,13.6,35.7,6.26,Ambient,Low,30,1500.72,14,0.25,3.5,98,96.5,Z7,A4,R3,30,75.0,67.88,33.73,40,18,A,X,AX
ORD00206,2,2026-03-20,App,Standard,5,SKU113,Health & Wellness,Vitamins,3,30.6,16.3,36.5,3.62,HighValue,Medium,90,1210.42,16,0.18,2.88,112,122.1,Z6,A3,R1,40,60.0,60.98,27.36,30,13,A,X,AX
ORD00206,3,2026-03-20,App,Standard,5,SKU012,Health & Wellness,Wellness,2,20.2,26.3,7.4,0.64,Ambient,Medium,365,1080.27,7,0.27,1.89,49,51.0,Z2,A2,R1,40,24.0,28.17,14.95,21,13,B,Y,BY
ORD00206,4,2026-03-20,App,Standard,5,SKU019,Health & Wellness,OTC,1,29.3,27.0,5.9,5.92,HighValue,High,730,1558.71,7,0.54,3.78,49,56.1,Z4,A3,R6,30,51.5,45.53,26.46,41,25,A,Z,AZ
ORD00206,5,2026-03-20,App,Standard,5,SKU015,Health & Wellness,Wellness,2,29.5,12.5,28.2,7.52,HighValue,Low,30,1342.79,21,0.16,3.36,147,115.5,Z8,A1,R5,50,74.0,73.58,27.57,78,32,A,X,AX
ORD00207,1,2026-03-27,Web,Standard,3,SKU095,Baby Care,Diapers,3,33.4,29.9,36.9,0.84,Ambient,Low,90,344.97,23,0.29,6.67,161,131.7,Z6,A1,R2,50,53.5,46.11,19.59,43,20,C,Y,CY
ORD00207,2,2026-03-27,Web,Standard,3,SKU061,Grocery,Cooking,1,28.8,9.2,7.8,6.98,Ambient,High,60,437.13,11,0.42,4.62,77,80.9,Z4,A3,R1,40,44.0,51.59,23.26,33,20,C,Y,CY
ORD00207,3,2026-03-27,Web,Standard,3,SKU112,Personal Care,Oral Care,2,5.8,9.7,23.1,7.32,Ambient,Medium,60,1793.55,2,0.88,1.76,14,12.0,Z8,A3,R2,50,77.5,75.63,28.97,36,24,A,Z,AZ
ORD00208,1,2026-01-22,App,Express,3,SKU051,Baby Care,Diapers,2,15.0,21.8,35.0,2.71,Ambient,High,365,90.14,20,0.23,4.6,140,104.8,Z6,A4,R2,50,65.5,77.34,28.4,31,13,C,X,CX
ORD00208,2,2026-01-22,App,Express,3,SKU023,Baby Care,Baby Hygiene,2,27.1,9.9,20.1,7.6,Ambient,Medium,30,1302.56,6,0.87,5.22,42,36.3,Z3,A4,R6,30,47.5,43.17,27.49,20,16,B,Z,BZ
ORD00208,3,2026-01-22,App,Express,3,SKU095,Baby Care,Diapers,2,33.4,29.9,36.9,0.84,Ambient,Low,90,344.97,23,0.29,6.67,161,131.7,Z6,A1,R2,50,53.5,64.47,19.58,43,20,C,Y,CY
ORD00209,1,2026-03-21,App,Express,5,SKU076,Health & Wellness,Vitamins,1,19.7,27.7,7.6,0.74,Ambient,Medium,365,1289.07,4,0.74,2.96,28,25.5,Z2,A1,R3,30,23.0,24.35,12.69,11,10,C,Z,CZ
ORD00209,2,2026-03-21,App,Express,5,SKU087,Health & Wellness,Vitamins,2,15.9,15.9,8.7,3.54,Ambient,Medium,60,616.2,7,0.74,5.18,49,38.8,Z1,A2,R5,50,22.0,18.95,14.72,29,22,B,Z,BZ
ORD00209,3,2026-03-21,App,Express,5,SKU094,Health & Wellness,Wellness,2,7.4,21.6,37.1,2.55,Ambient,Medium,30,574.51,7,0.48,3.36,49,44.5,Z5,A3,R1,40,52.0,49.22,22.77,19,14,C,Y,CY
ORD00209,4,2026-03-21,App,Express,5,SKU063,Health & Wellness,Vitamins,3,22.2,19.4,39.7,2.43,Ambient,Medium,730,1406.5,14,0.21,2.94,98,121.1,Z7,A1,R4,40,64.5,80.29,21.74,31,15,A,X,AX
ORD00209,5,2026-03-21,App,Express,5,SKU109,Health & Wellness,OTC,1,8.1,13.2,15.3,3.62,Ambient,Low,730,1569.32,5,0.55,2.75,35,31.3,Z3,A5,R1,40,44.0,43.96,25.08,22,19,A,Z,AZ
ORD00210,1,2026-03-22,App,Express,3,SKU021,Grocery,Staples,3,20.3,22.0,34.5,2.72,Fragile,High,90,341.96,32,0.15,4.8,224,275.4,Z7,A5,R3,30,79.0,78.22,36.19,58,21,B,X,BX
ORD00210,2,2026-03-22,App,Express,3,SKU024,Grocery,Breakfast,1,13.9,8.2,19.7,7.53,Ambient,Medium,90,745.78,3,0.6,1.8,21,24.3,Z8,A5,R6,30,91.5,103.94,37.26,13,11,C,Z,CZ
ORD00210,3,2026-03-22,App,Express,3,SKU057,Grocery,Breakfast,1,16.4,29.7,32.7,5.25,Ambient,Low,365,614.29,6,0.86,5.16,42,31.7,Z7,A2,R1,40,64.0,67.7,24.57,30,24,B,Z,BZ
ORD00211,1,2026-02-01,Web,Standard,2,SKU064,Health & Wellness,Wellness,1,32.1,24.4,13.1,6.44,HighValue,Low,90,1228.03,12,0.5,6.0,84,92.1,Z2,A4,R2,50,33.5,33.42,26.14,22,14,B,Y,BY
ORD00211,2,2026-02-01,Web,Standard,2,SKU063,Health & Wellness,Vitamins,2,22.2,19.4,39.7,2.43,Ambient,Medium,730,1406.5,14,0.21,2.94,98,121.1,Z7,A1,R4,40,64.5,68.21,22.34,31,15,A,X,AX
ORD00212,1,2026-02-20,App,Standard,5,SKU070,Household,Laundry,3,33.5,22.4,23.9,4.74,Ambient,Medium,180,1117.78,38,0.16,6.08,266,323.6,Z6,A5,R5,50,74.0,67.54,36.98,89,29,A,X,AX
ORD00212,2,2026-02-20,App,Standard,5,SKU069,Grocery,Cooking,2,24.1,16.6,29.5,5.23,Ambient,Low,180,231.11,8,0.44,3.52,56,46.4,Z7,A3,R4,40,72.5,65.07,30.41,36,23,C,Y,CY
ORD00212,3,2026-02-20,App,Standard,5,SKU044,Pet Care,Cat Food,3,22.2,16.7,20.4,1.56,Ambient,Medium,30,736.26,14,0.33,4.62,98,72.6,Z7,A3,R5,50,74.0,73.84,27.22,79,32,A,Y,AY
ORD00212,4,2026-02-20,App,Standard,5,SKU046,Pet Care,Cat Food,1,14.2,20.5,26.3,5.95,Ambient,Low,730,169.11,14,0.55,7.7,98,81.5,Z6,A1,R3,30,55.0,49.34,21.14,34,22,C,Z,CZ
ORD00212,5,2026-02-20,App,Standard,5,SKU088,Household,Cleaning,1,32.2,13.7,30.5,6.57,Ambient,Low,60,332.96,13,0.4,5.2,91,71.4,Z1,A2,R4,40,20.5,19.84,18.07,63,34,B,Y,BY
ORD00213,1,2026-01-04,App,Standard,5,SKU021,Grocery,Staples,3,20.3,22.0,34.5,2.72,Fragile,High,90,341.96,32,0.15,4.8,224,275.4,Z7,A5,R3,30,79.0,79.07,37.16,58,21,B,X,BX
ORD00213,2,2026-01-04,App,Standard,5,SKU111,Grocery,Snacks,3,15.9,28.7,6.1,1.31,Ambient,Low,30,1043.71,25,0.28,7.0,175,173.5,Z8,A2,R2,50,73.5,66.38,26.9,52,19,A,Y,AY
ORD00213,3,2026-01-04,App,Standard,5,SKU078,Grocery,Breakfast,1,7.9,15.7,28.3,3.06,Ambient,Low,30,190.48,4,0.61,2.44,28,21.1,Z4,A1,R6,30,43.5,50.23,17.71,12,9,C,Z,CZ
ORD00213,4,2026-01-04,App,Standard,5,SKU017,Grocery,Beverages,1,21.6,15.7,5.3,0.69,Ambient,Medium,90,1058.95,2,0.77,1.54,14,10.9,Z8,A2,R6,30,79.5,90.72,23.57,9,7,C,Z,CZ
ORD00213,5,2026-01-04,App,Standard,5,SKU057,Grocery,Breakfast,1,16.4,29.7,32.7,5.25,Ambient,Low,365,614.29,6,0.86,5.16,42,31.7,Z7,A2,R1,40,64.0,70.36,25.5,30,24,B,Z,BZ
ORD00214,1,2026-02-19,Web,Standard,3,SKU051,Baby Care,Diapers,3,15.0,21.8,35.0,2.71,Ambient,High,365,90.14,20,0.23,4.6,140,104.8,Z6,A4,R2,50,65.5,58.92,30.67,31,13,C,X,CX
ORD00214,2,2026-02-19,Web,Standard,3,SKU119,Baby Care,Baby Food,2,22.2,20.5,6.1,7.12,Ambient,Low,60,1453.32,23,0.2,4.6,161,173.4,Z7,A1,R5,50,66.0,72.43,24.1,24,12,A,X,AX
ORD00214,3,2026-02-19,Web,Standard,3,SKU095,Baby Care,Diapers,2,33.4,29.9,36.9,0.84,Ambient,Low,90,344.97,23,0.29,6.67,161,131.7,Z6,A1,R2,50,53.5,57.68,18.51,43,20,C,Y,CY
ORD00215,1,2026-01-25,App,Standard,4,SKU063,Health & Wellness,Vitamins,2,22.2,19.4,39.7,2.43,Ambient,Medium,730,1406.5,14,0.21,2.94,98,121.1,Z7,A1,R4,40,64.5,63.6,23.55,31,15,A,X,AX
ORD00215,2,2026-01-25,App,Standard,4,SKU050,Health & Wellness,Wellness,1,35.0,21.8,14.4,0.42,Ambient,High,60,1794.58,5,0.88,4.4,35,32.9,Z3,A3,R2,50,37.5,39.79,19.25,22,20,A,Z,AZ
ORD00215,3,2026-01-25,App,Standard,4,SKU116,Health & Wellness,Wellness,2,25.4,13.6,35.7,6.26,Ambient,Low,30,1500.72,14,0.25,3.5,98,96.5,Z7,A4,R3,30,75.0,93.14,32.88,40,18,A,X,AX
ORD00215,4,2026-01-25,App,Standard,4,SKU038,Health & Wellness,Wellness,2,18.1,23.3,38.8,2.23,Ambient,Low,730,1076.64,20,0.29,5.8,140,122.8,Z7,A3,R1,40,68.0,62.77,27.26,56,25,A,Y,AY
ORD00216,1,2026-01-12,App,Standard,2,SKU116,Health & Wellness,Wellness,2,25.4,13.6,35.7,6.26,Ambient,Low,30,1500.72,14,0.25,3.5,98,96.5,Z7,A4,R3,30,75.0,88.58,33.87,40,18,A,X,AX
ORD00216,2,2026-01-12,App,Standard,2,SKU050,Health & Wellness,Wellness,1,35.0,21.8,14.4,0.42,Ambient,High,60,1794.58,5,0.88,4.4,35,32.9,Z3,A3,R2,50,37.5,43.16,19.88,22,20,A,Z,AZ
ORD00217,1,2026-03-17,App,Standard,3,SKU063,Health & Wellness,Vitamins,4,22.2,19.4,39.7,2.43,Ambient,Medium,730,1406.5,14,0.21,2.94,98,121.1,Z7,A1,R4,40,64.5,79.68,21.22,31,15,A,X,AX
ORD00217,2,2026-03-17,App,Standard,3,SKU113,Health & Wellness,Vitamins,3,30.6,16.3,36.5,3.62,HighValue,Medium,90,1210.42,16,0.18,2.88,112,122.1,Z6,A3,R1,40,60.0,64.31,26.69,30,13,A,X,AX
ORD00217,3,2026-03-17,App,Standard,3,SKU094,Health & Wellness,Wellness,2,7.4,21.6,37.1,2.55,Ambient,Medium,30,574.51,7,0.48,3.36,49,44.5,Z5,A3,R1,40,52.0,52.66,22.93,19,14,C,Y,CY
ORD00218,1,2026-01-11,App,Standard,5,SKU062,Personal Care,Hair Care,3,25.3,8.9,20.5,2.83,Ambient,Low,90,835.88,12,0.52,6.24,84,72.8,Z1,A3,R2,50,21.5,20.43,18.0,40,22,A,Z,AZ
ORD00218,2,2026-01-11,App,Standard,5,SKU072,Health & Wellness,Vitamins,2,24.3,19.9,5.7,6.32,HighValue,Low,365,389.24,6,0.45,2.7,42,48.6,Z6,A2,R4,40,60.5,71.81,26.83,54,33,B,Y,BY
ORD00218,3,2026-01-11,App,Standard,5,SKU042,Grocery,Beverages,1,10.8,8.0,23.8,6.12,Ambient,Medium,730,1071.52,8,0.29,2.32,56,62.6,Z4,A1,R1,40,36.0,34.65,18.87,43,26,A,Y,AY
ORD00218,4,2026-01-11,App,Standard,5,SKU068,Grocery,Cooking,1,25.2,21.8,25.5,6.6,Ambient,Low,30,1124.7,14,0.25,3.5,98,119.4,Z8,A1,R3,30,71.0,62.34,26.01,35,16,A,X,AX
ORD00218,5,2026-01-11,App,Standard,5,SKU103,Grocery,Staples,1,24.2,20.6,7.2,6.71,Ambient,Medium,365,454.44,1,0.52,0.52,7,5.5,Z5,A3,R5,50,58.0,68.57,28.21,10,7,C,Z,CZ
ORD00219,1,2026-03-13,App,Express,7,SKU108,Pet Care,Pet Hygiene,1,16.6,29.3,22.4,4.03,Ambient,Medium,730,778.49,12,0.52,6.24,84,78.7,Z4,A1,R5,50,42.0,38.62,15.49,32,20,B,Z,BZ
ORD00219,2,2026-03-13,App,Express,7,SKU100,Baby Care,Baby Food,2,9.4,15.9,38.1,1.85,Ambient,Low,30,728.71,20,0.33,6.6,140,126.8,Z7,A4,R2,50,73.5,76.85,30.2,62,29,A,Y,AY
ORD00219,3,2026-03-13,App,Express,7,SKU049,Personal Care,Bath & Body,1,17.1,11.8,23.9,3.56,Ambient,Medium,365,469.4,6,0.55,3.3,42,31.5,Z5,A1,R1,40,44.0,52.83,15.38,44,39,B,Z,BZ
ORD00219,4,2026-03-13,App,Express,7,SKU019,Health & Wellness,OTC,2,29.3,27.0,5.9,5.92,HighValue,High,730,1558.71,7,0.54,3.78,49,56.1,Z4,A3,R6,30,51.5,62.16,25.27,41,25,A,Z,AZ
ORD00219,5,2026-03-13,App,Express,7,SKU106,Grocery,Snacks,2,19.4,9.6,9.7,5.76,Ambient,Low,60,1597.28,12,0.54,6.48,84,73.4,Z5,A5,R1,40,60.0,53.96,30.24,27,16,A,Z,AZ
ORD00219,6,2026-03-13,App,Express,7,SKU059,Pet Care,Pet Hygiene,5,14.5,23.0,31.6,6.99,Fragile,Low,730,1239.81,41,0.16,6.56,287,246.3,Z7,A2,R5,50,70.0,76.34,27.97,67,20,A,X,AX
ORD00219,7,2026-03-13,App,Express,7,SKU044,Pet Care,Cat Food,2,22.2,16.7,20.4,1.56,Ambient,Medium,30,736.26,14,0.33,4.62,98,72.6,Z7,A3,R5,50,74.0,86.93,28.35,79,32,A,Y,AY
ORD00220,1,2026-01-02,App,Standard,2,SKU047,Household,Cleaning,3,25.7,16.7,6.1,2.38,Ambient,Low,60,1664.94,13,0.24,3.12,91,103.1,Z4,A5,R3,30,55.0,57.61,30.4,42,20,A,X,AX
ORD00220,2,2026-01-02,App,Standard,2,SKU033,Household,Home Care,1,17.9,26.7,11.4,2.16,Ambient,Low,180,518.91,5,0.28,1.4,35,42.8,Z8,A3,R4,40,80.5,97.55,27.86,17,10,C,Y,CY
ORD00221,1,2026-03-19,App,Standard,2,SKU026,Household,Home Care,4,29.6,23.8,28.5,1.87,Frozen,Low,180,1110.01,43,0.15,6.45,301,337.9,Z6,A1,R6,30,59.5,54.75,22.77,80,26,A,X,AX
ORD00221,2,2026-03-19,App,Standard,2,SKU114,Household,Laundry,2,26.4,28.2,27.3,6.37,Ambient,Low,60,445.21,17,0.32,5.44,119,115.6,Z8,A4,R6,30,87.5,78.84,38.09,38,15,B,Y,BY
ORD00222,1,2026-03-14,App,Standard,5,SKU108,Pet Care,Pet Hygiene,1,16.6,29.3,22.4,4.03,Ambient,Medium,730,778.49,12,0.52,6.24,84,78.7,Z4,A1,R5,50,42.0,50.55,19.01,32,20,B,Z,BZ
ORD00222,2,2026-03-14,App,Standard,5,SKU049,Personal Care,Bath & Body,1,17.1,11.8,23.9,3.56,Ambient,Medium,365,469.4,6,0.55,3.3,42,31.5,Z5,A1,R1,40,44.0,44.79,16.95,44,39,B,Z,BZ
ORD00222,3,2026-03-14,App,Standard,5,SKU106,Grocery,Snacks,1,19.4,9.6,9.7,5.76,Ambient,Low,60,1597.28,12,0.54,6.48,84,73.4,Z5,A5,R1,40,60.0,55.67,30.29,27,16,A,Z,AZ
ORD00222,4,2026-03-14,App,Standard,5,SKU029,Pet Care,Cat Food,1,19.2,11.5,13.7,5.14,Ambient,Medium,90,805.77,15,0.3,4.5,105,114.7,Z6,A1,R5,50,58.0,49.89,22.43,35,17,A,Y,AY
ORD00222,5,2026-03-14,App,Standard,5,SKU091,Pet Care,Dog Food,1,16.5,19.5,38.4,5.94,Fragile,High,365,1182.01,5,0.7,3.5,35,30.7,Z3,A5,R2,50,45.5,46.39,31.59,30,23,A,Z,AZ
ORD00223,1,2026-01-10,Web,Express,6,SKU026,Household,Home Care,4,29.6,23.8,28.5,1.87,Frozen,Low,180,1110.01,43,0.15,6.45,301,337.9,Z6,A1,R6,30,59.5,56.21,21.37,80,26,A,X,AX
ORD00223,2,2026-01-10,Web,Express,6,SKU047,Household,Cleaning,1,25.7,16.7,6.1,2.38,Ambient,Low,60,1664.94,13,0.24,3.12,91,103.1,Z4,A5,R3,30,55.0,56.4,30.12,42,20,A,X,AX
ORD00223,3,2026-01-10,Web,Express,6,SKU045,Household,Cleaning,1,21.9,12.6,39.8,1.04,Ambient,Medium,60,1401.86,7,0.29,2.03,49,44.6,Z5,A2,R1,40,48.0,43.2,18.5,18,14,B,Y,BY
ORD00223,4,2026-01-10,Web,Express,6,SKU014,Household,Cleaning,4,20.2,8.3,17.2,0.64,Ambient,Low,365,1273.78,14,0.26,3.64,98,101.6,Z8,A5,R2,50,85.5,85.58,34.92,35,16,A,Y,AY
ORD00223,5,2026-01-10,Web,Express,6,SKU099,Household,Laundry,3,29.0,8.5,13.8,5.17,Ambient,Low,365,1535.82,7,0.5,3.5,49,42.0,Z8,A1,R6,30,75.5,87.81,23.45,38,24,A,Y,AY
ORD00223,6,2026-01-10,Web,Express,6,SKU003,Household,Cleaning,1,31.1,12.5,27.4,4.91,Ambient,Medium,365,1655.33,5,0.86,4.3,35,36.0,Z5,A4,R6,30,63.5,55.37,29.41,52,40,A,Z,AZ
ORD00224,1,2026-03-20,App,Standard,4,SKU012,Health & Wellness,Wellness,1,20.2,26.3,7.4,0.64,Ambient,Medium,365,1080.27,7,0.27,1.89,49,51.0,Z2,A2,R1,40,24.0,28.85,16.87,21,13,B,Y,BY
ORD00224,2,2026-03-20,App,Standard,4,SKU015,Health & Wellness,Wellness,2,29.5,12.5,28.2,7.52,HighValue,Low,30,1342.79,21,0.16,3.36,147,115.5,Z8,A1,R5,50,74.0,90.65,26.12,78,32,A,X,AX
ORD00224,3,2026-03-20,App,Standard,4,SKU116,Health & Wellness,Wellness,3,25.4,13.6,35.7,6.26,Ambient,Low,30,1500.72,14,0.25,3.5,98,96.5,Z7,A4,R3,30,75.0,73.6,34.15,40,18,A,X,AX
ORD00224,4,2026-03-20,App,Standard,4,SKU076,Health & Wellness,Vitamins,1,19.7,27.7,7.6,0.74,Ambient,Medium,365,1289.07,4,0.74,2.96,28,25.5,Z2,A1,R3,30,23.0,25.03,11.76,11,10,C,Z,CZ
ORD00225,1,2026-01-09,App,Standard,4,SKU104,Personal Care,Oral Care,3,10.6,21.7,23.3,2.95,Ambient,Medium,365,1008.62,31,0.19,5.89,217,198.5,Z7,A1,R6,30,67.5,74.97,23.81,50,18,A,X,AX
ORD00225,2,2026-01-09,App,Standard,4,SKU115,Personal Care,Oral Care,2,21.5,20.3,8.0,2.54,Ambient,Medium,180,1486.43,20,0.31,6.2,140,103.7,Z6,A2,R6,30,63.5,67.72,24.98,30,17,A,Y,AY
ORD00225,3,2026-01-09,App,Standard,4,SKU027,Personal Care,Skin Care,1,12.3,21.4,5.2,6.03,Ambient,Low,60,1452.29,11,0.4,4.4,77,83.4,Z3,A4,R3,30,43.0,46.93,26.76,25,13,A,Y,AY
ORD00225,4,2026-01-09,App,Standard,4,SKU105,Personal Care,Bath & Body,1,5.5,24.7,17.1,5.89,Ambient,Medium,90,261.8,10,0.33,3.3,70,62.6,Z7,A1,R2,50,61.5,65.01,23.51,14,9,C,Y,CY
ORD00226,1,2026-03-26,App,Standard,4,SKU011,Dairy & Chilled,Ready-to-Eat,2,13.9,29.2,25.3,4.38,Chilled,Medium,30,114.0,12,0.3,3.6,84,80.8,Z3,A1,R4,40,32.5,36.63,16.48,16,12,C,Y,CY
ORD00226,2,2026-03-26,App,Standard,4,SKU065,Dairy & Chilled,Dairy,3,23.8,6.0,32.6,0.36,Chilled,Low,60,184.99,23,0.18,4.14,161,138.8,Z7,A2,R6,30,71.5,70.37,24.52,54,25,C,X,CX
ORD00226,3,2026-03-26,App,Standard,4,SKU066,Dairy & Chilled,Dairy,2,21.2,29.3,23.6,7.32,Chilled,Medium,90,1647.44,30,0.12,3.6,210,256.1,Z5,A5,R4,40,64.5,57.53,37.67,52,17,A,X,AX
ORD00226,4,2026-03-26,App,Standard,4,SKU074,Dairy & Chilled,Dairy,3,28.7,10.9,16.3,1.48,Chilled,Low,730,772.2,15,0.16,2.4,105,80.1,Z6,A3,R3,30,63.0,66.05,27.94,53,23,A,X,AX
ORD00227,1,2026-01-01,App,Standard,4,SKU084,Personal Care,Oral Care,2,8.4,15.7,14.9,5.46,Ambient,Low,180,1772.39,16,0.3,4.8,112,81.8,Z5,A5,R3,30,63.0,64.65,32.86,28,13,A,Y,AY
ORD00227,2,2026-01-01,App,Standard,4,SKU101,Personal Care,Hair Care,2,14.6,7.5,30.0,2.75,Ambient,High,180,1260.53,18,0.2,3.6,126,97.8,Z7,A2,R3,30,67.0,66.6,26.33,22,11,B,X,BX
ORD00227,3,2026-01-01,App,Standard,4,SKU031,Personal Care,Hair Care,4,19.3,28.6,15.5,3.18,Ambient,Medium,730,994.38,25,0.27,6.75,175,180.6,Z6,A4,R3,30,67.0,64.56,30.32,39,15,A,Y,AY
ORD00227,4,2026-01-01,App,Standard,4,SKU104,Personal Care,Oral Care,2,10.6,21.7,23.3,2.95,Ambient,Medium,365,1008.62,31,0.19,5.89,217,198.5,Z7,A1,R6,30,67.5,62.08,22.93,50,18,A,X,AX
ORD00228,1,2026-03-12,App,Standard,3,SKU026,Household,Home Care,2,29.6,23.8,28.5,1.87,Frozen,Low,180,1110.01,43,0.15,6.45,301,337.9,Z6,A1,R6,30,59.5,63.12,21.26,80,26,A,X,AX
ORD00228,2,2026-03-12,App,Standard,3,SKU033,Household,Home Care,2,17.9,26.7,11.4,2.16,Ambient,Low,180,518.91,5,0.28,1.4,35,42.8,Z8,A3,R4,40,80.5,82.39,29.06,17,10,C,Y,CY
ORD00228,3,2026-03-12,App,Standard,3,SKU114,Household,Laundry,3,26.4,28.2,27.3,6.37,Ambient,Low,60,445.21,17,0.32,5.44,119,115.6,Z8,A4,R6,30,87.5,105.27,35.9,38,15,B,Y,BY
ORD00229,1,2026-01-17,App,Standard,5,SKU026,Household,Home Care,2,29.6,23.8,28.5,1.87,Frozen,Low,180,1110.01,43,0.15,6.45,301,337.9,Z6,A1,R6,30,59.5,62.67,21.1,80,26,A,X,AX
ORD00229,2,2026-01-17,App,Standard,5,SKU048,Household,Home Care,2,21.3,21.2,36.8,6.63,Ambient,Low,730,1488.03,8,0.38,3.04,56,67.6,Z6,A3,R6,30,67.5,77.01,28.94,35,15,A,Y,AY
ORD00229,3,2026-01-17,App,Standard,5,SKU097,Household,Cleaning,2,25.8,20.6,36.6,5.8,Fragile,Low,730,446.62,2,0.49,0.98,14,13.2,Z2,A2,R6,30,31.5,34.52,21.06,17,13,C,Y,CY
ORD00229,4,2026-01-17,App,Standard,5,SKU099,Household,Laundry,1,29.0,8.5,13.8,5.17,Ambient,Low,365,1535.82,7,0.5,3.5,49,42.0,Z8,A1,R6,30,75.5,90.82,23.56,38,24,A,Y,AY
ORD00229,5,2026-01-17,App,Standard,5,SKU077,Household,Laundry,2,17.9,24.8,9.0,5.27,Ambient,High,180,826.51,4,0.65,2.6,28,23.1,Z4,A2,R5,50,46.0,48.65,21.57,16,13,C,Z,CZ
ORD00230,1,2026-01-23,App,Standard,3,SKU047,Household,Cleaning,2,25.7,16.7,6.1,2.38,Ambient,Low,60,1664.94,13,0.24,3.12,91,103.1,Z4,A5,R3,30,55.0,50.21,30.9,42,20,A,X,AX
ORD00230,2,2026-01-23,App,Standard,3,SKU097,Household,Cleaning,2,25.8,20.6,36.6,5.8,Fragile,Low,730,446.62,2,0.49,0.98,14,13.2,Z2,A2,R6,30,31.5,27.84,19.18,17,13,C,Y,CY
ORD00230,3,2026-01-23,App,Standard,3,SKU118,Household,Home Care,4,33.2,8.9,28.1,5.79,Ambient,Medium,30,169.17,44,0.13,5.72,308,376.3,Z8,A3,R3,30,79.0,83.54,32.9,71,23,C,X,CX
ORD00231,1,2026-01-30,App,Standard,4,SKU059,Pet Care,Pet Hygiene,3,14.5,23.0,31.6,6.99,Fragile,Low,730,1239.81,41,0.16,6.56,287,246.3,Z7,A2,R5,50,70.0,61.81,29.39,67,20,A,X,AX
ORD00231,2,2026-01-30,App,Standard,4,SKU049,Personal Care,Bath & Body,2,17.1,11.8,23.9,3.56,Ambient,Medium,365,469.4,6,0.55,3.3,42,31.5,Z5,A1,R1,40,44.0,48.73,17.77,44,39,B,Z,BZ
ORD00231,3,2026-01-30,App,Standard,4,SKU041,Personal Care,Hair Care,2,17.1,11.1,28.2,3.02,Ambient,High,365,612.15,6,0.34,2.04,42,45.6,Z5,A5,R6,30,67.5,60.03,33.2,43,26,B,Y,BY
ORD00231,4,2026-01-30,App,Standard,4,SKU023,Baby Care,Baby Hygiene,1,27.1,9.9,20.1,7.6,Ambient,Medium,30,1302.56,6,0.87,5.22,42,36.3,Z3,A4,R6,30,47.5,44.18,26.9,20,16,B,Z,BZ
ORD00232,1,2026-01-26,App,Standard,4,SKU033,Household,Home Care,2,17.9,26.7,11.4,2.16,Ambient,Low,180,518.91,5,0.28,1.4,35,42.8,Z8,A3,R4,40,80.5,83.62,29.17,17,10,C,Y,CY
ORD00232,2,2026-01-26,App,Standard,4,SKU097,Household,Cleaning,1,25.8,20.6,36.6,5.8,Fragile,Low,730,446.62,2,0.49,0.98,14,13.2,Z2,A2,R6,30,31.5,28.66,20.95,17,13,C,Y,CY
ORD00232,3,2026-01-26,App,Standard,4,SKU114,Household,Laundry,2,26.4,28.2,27.3,6.37,Ambient,Low,60,445.21,17,0.32,5.44,119,115.6,Z8,A4,R6,30,87.5,100.59,36.28,38,15,B,Y,BY
ORD00232,4,2026-01-26,App,Standard,4,SKU088,Household,Cleaning,1,32.2,13.7,30.5,6.57,Ambient,Low,60,332.96,13,0.4,5.2,91,71.4,Z1,A2,R4,40,20.5,23.87,18.56,63,34,B,Y,BY
ORD00233,1,2026-03-01,App,Express,4,SKU058,Pet Care,Dog Food,2,5.5,8.6,35.5,7.76,Ambient,Low,365,1254.55,13,0.52,6.76,91,96.2,Z4,A1,R4,40,40.5,45.1,18.35,14,7,B,Z,BZ
ORD00233,2,2026-03-01,App,Express,4,SKU007,Pet Care,Dog Food,1,25.1,10.4,9.6,7.49,Ambient,Medium,180,362.98,5,0.52,2.6,35,26.4,Z4,A5,R6,30,59.5,60.71,30.44,7,6,C,Z,CZ
ORD00233,3,2026-03-01,App,Express,4,SKU029,Pet Care,Cat Food,3,19.2,11.5,13.7,5.14,Ambient,Medium,90,805.77,15,0.3,4.5,105,114.7,Z6,A1,R5,50,58.0,65.32,22.01,35,17,A,Y,AY
ORD00233,4,2026-03-01,App,Express,4,SKU046,Pet Care,Cat Food,1,14.2,20.5,26.3,5.95,Ambient,Low,730,169.11,14,0.55,7.7,98,81.5,Z6,A1,R3,30,55.0,59.24,20.32,34,22,C,Z,CZ
ORD00234,1,2026-01-05,App,Express,6,SKU024,Grocery,Breakfast,1,13.9,8.2,19.7,7.53,Ambient,Medium,90,745.78,3,0.6,1.8,21,24.3,Z8,A5,R6,30,91.5,78.95,36.45,13,11,C,Z,CZ
ORD00234,2,2026-01-05,App,Express,6,SKU061,Grocery,Cooking,2,28.8,9.2,7.8,6.98,Ambient,High,60,437.13,11,0.42,4.62,77,80.9,Z4,A3,R1,40,44.0,40.69,23.7,33,20,C,Y,CY
ORD00234,3,2026-01-05,App,Express,6,SKU107,Grocery,Breakfast,1,6.1,21.2,15.0,6.91,Fragile,Medium,90,245.94,41,0.17,6.97,287,259.0,Z8,A5,R4,40,88.5,85.27,41.16,61,19,C,X,CX
ORD00234,4,2026-01-05,App,Express,6,SKU117,Grocery,Snacks,1,11.8,28.7,23.2,2.34,Ambient,High,90,247.18,3,0.87,2.61,21,18.2,Z2,A5,R5,50,42.0,36.88,26.51,10,8,C,Z,CZ
ORD00234,5,2026-01-05,App,Express,6,SKU075,Grocery,Breakfast,1,8.3,17.6,38.1,0.44,Ambient,Medium,180,1166.93,10,0.4,4.0,70,50.2,Z2,A1,R1,40,20.0,18.37,11.34,20,14,B,Y,BY
ORD00234,6,2026-01-05,App,Express,6,SKU071,Grocery,Beverages,3,33.5,26.4,8.5,5.52,Ambient,Low,180,514.69,16,0.24,3.84,112,138.0,Z4,A4,R6,30,55.5,50.66,29.45,35,15,B,X,BX
ORD00235,1,2026-01-15,App,Standard,2,SKU052,Grocery,Staples,2,29.7,5.0,35.4,3.75,Ambient,Medium,180,1135.1,36,0.23,8.28,252,281.7,Z8,A5,R5,50,90.0,93.02,40.66,56,20,A,X,AX
ORD00235,2,2026-01-15,App,Standard,2,SKU018,Grocery,Beverages,1,28.9,26.5,36.5,1.76,Ambient,Medium,180,1753.56,3,0.85,2.55,21,23.4,Z6,A2,R2,50,57.5,59.13,24.14,20,13,A,Z,AZ
ORD00236,1,2026-02-21,Web,Standard,4,SKU032,Grocery,Snacks,3,5.9,13.4,28.8,3.29,Ambient,Low,365,973.07,9,0.38,3.42,63,75.5,Z5,A2,R2,50,49.5,45.63,20.59,47,27,A,Y,AY
ORD00236,2,2026-02-21,Web,Standard,4,SKU088,Household,Cleaning,2,32.2,13.7,30.5,6.57,Ambient,Low,60,332.96,13,0.4,5.2,91,71.4,Z1,A2,R4,40,20.5,20.58,18.27,63,34,B,Y,BY
ORD00236,3,2026-02-21,Web,Standard,4,SKU074,Dairy & Chilled,Dairy,3,28.7,10.9,16.3,1.48,Chilled,Low,730,772.2,15,0.16,2.4,105,80.1,Z6,A3,R3,30,63.0,55.96,27.19,53,23,A,X,AX
ORD00236,4,2026-02-21,Web,Standard,4,SKU061,Grocery,Cooking,2,28.8,9.2,7.8,6.98,Ambient,High,60,437.13,11,0.42,4.62,77,80.9,Z4,A3,R1,40,44.0,52.99,23.38,33,20,C,Y,CY
ORD00237,1,2026-01-21,App,Standard,3,SKU073,Household,Home Care,1,12.0,24.4,32.6,4.81,Ambient,High,365,469.91,8,0.49,3.92,56,44.6,Z6,A5,R1,40,68.0,71.56,32.11,26,15,C,Y,CY
ORD00237,2,2026-01-21,App,Standard,3,SKU088,Household,Cleaning,1,32.2,13.7,30.5,6.57,Ambient,Low,60,332.96,13,0.4,5.2,91,71.4,Z1,A2,R4,40,20.5,23.12,17.01,63,34,B,Y,BY
ORD00237,3,2026-01-21,App,Standard,3,SKU014,Household,Cleaning,3,20.2,8.3,17.2,0.64,Ambient,Low,365,1273.78,14,0.26,3.64,98,101.6,Z8,A5,R2,50,85.5,98.19,34.8,35,16,A,Y,AY
ORD00238,1,2026-01-25,Web,Standard,3,SKU001,Health & Wellness,OTC,2,27.7,26.5,10.3,1.36,Ambient,Medium,180,964.18,40,0.17,6.8,280,345.5,Z6,A5,R3,30,71.0,84.25,36.99,52,18,A,X,AX
ORD00238,2,2026-01-25,Web,Standard,3,SKU038,Health & Wellness,Wellness,1,18.1,23.3,38.8,2.23,Ambient,Low,730,1076.64,20,0.29,5.8,140,122.8,Z7,A3,R1,40,68.0,60.53,26.33,56,25,A,Y,AY
ORD00238,3,2026-01-25,Web,Standard,3,SKU050,Health & Wellness,Wellness,1,35.0,21.8,14.4,0.42,Ambient,High,60,1794.58,5,0.88,4.4,35,32.9,Z3,A3,R2,50,37.5,37.74,21.04,22,20,A,Z,AZ
ORD00239,1,2026-01-10,App,Standard,4,SKU001,Health & Wellness,OTC,4,27.7,26.5,10.3,1.36,Ambient,Medium,180,964.18,40,0.17,6.8,280,345.5,Z6,A5,R3,30,71.0,63.27,36.43,52,18,A,X,AX
ORD00239,2,2026-01-10,App,Standard,4,SKU050,Health & Wellness,Wellness,1,35.0,21.8,14.4,0.42,Ambient,High,60,1794.58,5,0.88,4.4,35,32.9,Z3,A3,R2,50,37.5,40.85,20.72,22,20,A,Z,AZ
ORD00239,3,2026-01-10,App,Standard,4,SKU109,Health & Wellness,OTC,1,8.1,13.2,15.3,3.62,Ambient,Low,730,1569.32,5,0.55,2.75,35,31.3,Z3,A5,R1,40,44.0,40.95,27.58,22,19,A,Z,AZ
ORD00239,4,2026-01-10,App,Standard,4,SKU063,Health & Wellness,Vitamins,1,22.2,19.4,39.7,2.43,Ambient,Medium,730,1406.5,14,0.21,2.94,98,121.1,Z7,A1,R4,40,64.5,59.98,23.46,31,15,A,X,AX
ORD00240,1,2026-01-03,App,Standard,3,SKU119,Baby Care,Baby Food,2,22.2,20.5,6.1,7.12,Ambient,Low,60,1453.32,23,0.2,4.6,161,173.4,Z7,A1,R5,50,66.0,64.62,26.28,24,12,A,X,AX
ORD00240,2,2026-01-03,App,Standard,3,SKU051,Baby Care,Diapers,2,15.0,21.8,35.0,2.71,Ambient,High,365,90.14,20,0.23,4.6,140,104.8,Z6,A4,R2,50,65.5,80.15,30.89,31,13,C,X,CX
ORD00240,3,2026-01-03,App,Standard,3,SKU023,Baby Care,Baby Hygiene,1,27.1,9.9,20.1,7.6,Ambient,Medium,30,1302.56,6,0.87,5.22,42,36.3,Z3,A4,R6,30,47.5,44.79,28.27,20,16,B,Z,BZ
ORD00241,1,2026-01-14,App,Standard,3,SKU025,Grocery,Snacks,5,23.2,13.1,20.5,5.44,Ambient,High,730,326.2,37,0.22,8.14,259,193.4,Z6,A4,R1,40,64.0,74.05,33.22,80,27,B,X,BX
ORD00241,2,2026-01-14,App,Standard,3,SKU015,Health & Wellness,Wellness,2,29.5,12.5,28.2,7.52,HighValue,Low,30,1342.79,21,0.16,3.36,147,115.5,Z8,A1,R5,50,74.0,83.99,28.4,78,32,A,X,AX
ORD00241,3,2026-01-14,App,Standard,3,SKU003,Household,Cleaning,2,31.1,12.5,27.4,4.91,Ambient,Medium,365,1655.33,5,0.86,4.3,35,36.0,Z5,A4,R6,30,63.5,68.43,31.31,52,40,A,Z,AZ
ORD00242,1,2026-02-02,App,Standard,6,SKU070,Household,Laundry,4,33.5,22.4,23.9,4.74,Ambient,Medium,180,1117.78,38,0.16,6.08,266,323.6,Z6,A5,R5,50,74.0,63.53,36.91,89,29,A,X,AX
ORD00242,2,2026-02-02,App,Standard,6,SKU044,Pet Care,Cat Food,3,22.2,16.7,20.4,1.56,Ambient,Medium,30,736.26,14,0.33,4.62,98,72.6,Z7,A3,R5,50,74.0,69.9,27.26,79,32,A,Y,AY
ORD00242,3,2026-02-02,App,Standard,6,SKU046,Pet Care,Cat Food,1,14.2,20.5,26.3,5.95,Ambient,Low,730,169.11,14,0.55,7.7,98,81.5,Z6,A1,R3,30,55.0,48.5,20.16,34,22,C,Z,CZ
ORD00242,4,2026-02-02,App,Standard,6,SKU087,Health & Wellness,Vitamins,1,15.9,15.9,8.7,3.54,Ambient,Medium,60,616.2,7,0.74,5.18,49,38.8,Z1,A2,R5,50,22.0,20.48,16.73,29,22,B,Z,BZ
ORD00242,5,2026-02-02,App,Standard,6,SKU097,Household,Cleaning,1,25.8,20.6,36.6,5.8,Fragile,Low,730,446.62,2,0.49,0.98,14,13.2,Z2,A2,R6,30,31.5,29.77,20.54,17,13,C,Y,CY
ORD00242,6,2026-02-02,App,Standard,6,SKU047,Household,Cleaning,3,25.7,16.7,6.1,2.38,Ambient,Low,60,1664.94,13,0.24,3.12,91,103.1,Z4,A5,R3,30,55.0,56.51,33.04,42,20,A,X,AX
ORD00243,1,2026-02-12,Web,Standard,2,SKU040,Grocery,Beverages,3,13.3,5.3,38.2,0.78,Ambient,Medium,730,870.07,22,0.29,6.38,154,168.1,Z8,A2,R4,40,76.5,86.06,24.42,31,16,B,Y,BY
ORD00243,2,2026-02-12,Web,Standard,2,SKU016,Grocery,Snacks,2,24.0,11.6,22.1,7.25,Ambient,Low,90,103.25,10,0.31,3.1,70,61.8,Z4,A2,R3,30,43.0,43.11,22.76,26,14,C,Y,CY
ORD00244,1,2026-02-11,App,Standard,2,SKU073,Household,Home Care,2,12.0,24.4,32.6,4.81,Ambient,High,365,469.91,8,0.49,3.92,56,44.6,Z6,A5,R1,40,68.0,71.6,31.94,26,15,C,Y,CY
ORD00244,2,2026-02-11,App,Standard,2,SKU014,Household,Cleaning,2,20.2,8.3,17.2,0.64,Ambient,Low,365,1273.78,14,0.26,3.64,98,101.6,Z8,A5,R2,50,85.5,78.29,35.1,35,16,A,Y,AY
ORD00245,1,2026-01-26,App,Standard,3,SKU025,Grocery,Snacks,3,23.2,13.1,20.5,5.44,Ambient,High,730,326.2,37,0.22,8.14,259,193.4,Z6,A4,R1,40,64.0,73.86,34.35,80,27,B,X,BX
ORD00245,2,2026-01-26,App,Standard,3,SKU015,Health & Wellness,Wellness,3,29.5,12.5,28.2,7.52,HighValue,Low,30,1342.79,21,0.16,3.36,147,115.5,Z8,A1,R5,50,74.0,63.49,27.71,78,32,A,X,AX
ORD00245,3,2026-01-26,App,Standard,3,SKU057,Grocery,Breakfast,1,16.4,29.7,32.7,5.25,Ambient,Low,365,614.29,6,0.86,5.16,42,31.7,Z7,A2,R1,40,64.0,73.83,26.3,30,24,B,Z,BZ
ORD00246,1,2026-02-08,App,Standard,4,SKU023,Baby Care,Baby Hygiene,1,27.1,9.9,20.1,7.6,Ambient,Medium,30,1302.56,6,0.87,5.22,42,36.3,Z3,A4,R6,30,47.5,43.98,27.31,20,16,B,Z,BZ
ORD00246,2,2026-02-08,App,Standard,4,SKU049,Personal Care,Bath & Body,1,17.1,11.8,23.9,3.56,Ambient,Medium,365,469.4,6,0.55,3.3,42,31.5,Z5,A1,R1,40,44.0,50.17,17.73,44,39,B,Z,BZ
ORD00246,3,2026-02-08,App,Standard,4,SKU041,Personal Care,Hair Care,1,17.1,11.1,28.2,3.02,Ambient,High,365,612.15,6,0.34,2.04,42,45.6,Z5,A5,R6,30,67.5,82.76,33.2,43,26,B,Y,BY
ORD00246,4,2026-02-08,App,Standard,4,SKU059,Pet Care,Pet Hygiene,5,14.5,23.0,31.6,6.99,Fragile,Low,730,1239.81,41,0.16,6.56,287,246.3,Z7,A2,R5,50,70.0,73.21,29.44,67,20,A,X,AX
ORD00247,1,2026-03-24,App,Standard,7,SKU014,Household,Cleaning,2,20.2,8.3,17.2,0.64,Ambient,Low,365,1273.78,14,0.26,3.64,98,101.6,Z8,A5,R2,50,85.5,89.01,34.33,35,16,A,Y,AY
ORD00247,2,2026-03-24,App,Standard,7,SKU003,Household,Cleaning,2,31.1,12.5,27.4,4.91,Ambient,Medium,365,1655.33,5,0.86,4.3,35,36.0,Z5,A4,R6,30,63.5,71.92,29.35,52,40,A,Z,AZ
ORD00247,3,2026-03-24,App,Standard,7,SKU026,Household,Home Care,1,29.6,23.8,28.5,1.87,Frozen,Low,180,1110.01,43,0.15,6.45,301,337.9,Z6,A1,R6,30,59.5,54.09,22.99,80,26,A,X,AX
ORD00247,4,2026-03-24,App,Standard,7,SKU048,Household,Home Care,2,21.3,21.2,36.8,6.63,Ambient,Low,730,1488.03,8,0.38,3.04,56,67.6,Z6,A3,R6,30,67.5,61.35,30.53,35,15,A,Y,AY
ORD00247,5,2026-03-24,App,Standard,7,SKU077,Household,Laundry,1,17.9,24.8,9.0,5.27,Ambient,High,180,826.51,4,0.65,2.6,28,23.1,Z4,A2,R5,50,46.0,51.29,22.29,16,13,C,Z,CZ
ORD00247,6,2026-03-24,App,Standard,7,SKU033,Household,Home Care,1,17.9,26.7,11.4,2.16,Ambient,Low,180,518.91,5,0.28,1.4,35,42.8,Z8,A3,R4,40,80.5,71.4,27.28,17,10,C,Y,CY
ORD00247,7,2026-03-24,App,Standard,7,SKU043,Household,Cleaning,2,15.8,12.6,29.8,1.1,Fragile,Low,90,1262.92,8,0.34,2.72,56,43.1,Z1,A3,R1,40,20.0,22.65,17.11,28,17,A,Y,AY
ORD00248,1,2026-01-11,Web,Express,4,SKU026,Household,Home Care,1,29.6,23.8,28.5,1.87,Frozen,Low,180,1110.01,43,0.15,6.45,301,337.9,Z6,A1,R6,30,59.5,69.56,21.56,80,26,A,X,AX
ORD00248,2,2026-01-11,Web,Express,4,SKU048,Household,Home Care,2,21.3,21.2,36.8,6.63,Ambient,Low,730,1488.03,8,0.38,3.04,56,67.6,Z6,A3,R6,30,67.5,63.03,26.73,35,15,A,Y,AY
ORD00248,3,2026-01-11,Web,Express,4,SKU033,Household,Home Care,2,17.9,26.7,11.4,2.16,Ambient,Low,180,518.91,5,0.28,1.4,35,42.8,Z8,A3,R4,40,80.5,68.63,27.9,17,10,C,Y,CY
ORD00248,4,2026-01-11,Web,Express,4,SKU118,Household,Home Care,2,33.2,8.9,28.1,5.79,Ambient,Medium,30,169.17,44,0.13,5.72,308,376.3,Z8,A3,R3,30,79.0,70.21,31.92,71,23,C,X,CX
ORD00249,1,2026-03-31,App,Standard,3,SKU052,Grocery,Staples,2,29.7,5.0,35.4,3.75,Ambient,Medium,180,1135.1,36,0.23,8.28,252,281.7,Z8,A5,R5,50,90.0,103.5,38.86,56,20,A,X,AX
ORD00249,2,2026-03-31,App,Standard,3,SKU054,Grocery,Staples,2,24.4,8.8,37.6,2.41,Ambient,Medium,180,457.62,4,0.87,3.48,28,28.1,Z4,A4,R3,30,51.0,63.4,24.97,24,16,C,Z,CZ
ORD00249,3,2026-03-31,App,Standard,3,SKU081,Grocery,Breakfast,2,28.0,20.5,28.6,4.5,Ambient,Medium,30,345.24,7,0.68,4.76,49,53.2,Z5,A4,R5,50,62.0,75.34,29.43,14,10,C,Z,CZ
ORD00250,1,2026-01-14,App,Standard,5,SKU025,Grocery,Snacks,1,23.2,13.1,20.5,5.44,Ambient,High,730,326.2,37,0.22,8.14,259,193.4,Z6,A4,R1,40,64.0,79.68,33.82,80,27,B,X,BX
ORD00250,2,2026-01-14,App,Standard,5,SKU015,Health & Wellness,Wellness,1,29.5,12.5,28.2,7.52,HighValue,Low,30,1342.79,21,0.16,3.36,147,115.5,Z8,A1,R5,50,74.0,63.11,26.76,78,32,A,X,AX
ORD00250,3,2026-01-14,App,Standard,5,SKU003,Household,Cleaning,1,31.1,12.5,27.4,4.91,Ambient,Medium,365,1655.33,5,0.86,4.3,35,36.0,Z5,A4,R6,30,63.5,73.31,31.54,52,40,A,Z,AZ
ORD00250,4,2026-01-14,App,Standard,5,SKU057,Grocery,Breakfast,2,16.4,29.7,32.7,5.25,Ambient,Low,365,614.29,6,0.86,5.16,42,31.7,Z7,A2,R1,40,64.0,63.03,24.97,30,24,B,Z,BZ
ORD00250,5,2026-01-14,App,Standard,5,SKU041,Personal Care,Hair Care,1,17.1,11.1,28.2,3.02,Ambient,High,365,612.15,6,0.34,2.04,42,45.6,Z5,A5,R6,30,67.5,81.41,31.25,43,26,B,Y,BY
ORD00251,1,2026-02-10,Web,Standard,5,SKU115,Personal Care,Oral Care,3,21.5,20.3,8.0,2.54,Ambient,Medium,180,1486.43,20,0.31,6.2,140,103.7,Z6,A2,R6,30,63.5,65.45,23.8,30,17,A,Y,AY
ORD00251,2,2026-02-10,Web,Standard,5,SKU084,Personal Care,Oral Care,3,8.4,15.7,14.9,5.46,Ambient,Low,180,1772.39,16,0.3,4.8,112,81.8,Z5,A5,R3,30,63.0,66.53,35.4,28,13,A,Y,AY
ORD00251,3,2026-02-10,Web,Standard,5,SKU006,Personal Care,Bath & Body,3,6.9,5.5,24.4,4.75,Fragile,Medium,30,431.37,14,0.21,2.94,98,117.4,Z6,A5,R6,30,75.5,83.44,33.99,41,16,B,X,BX
ORD00251,4,2026-02-10,Web,Standard,5,SKU028,Personal Care,Skin Care,3,29.0,21.7,39.6,4.8,Ambient,Medium,730,1608.34,6,0.39,2.34,42,39.3,Z2,A4,R1,40,32.0,35.31,24.28,18,9,A,Y,AY
ORD00251,5,2026-02-10,Web,Standard,5,SKU105,Personal Care,Bath & Body,3,5.5,24.7,17.1,5.89,Ambient,Medium,90,261.8,10,0.33,3.3,70,62.6,Z7,A1,R2,50,61.5,70.38,23.51,14,9,C,Y,CY
ORD00252,1,2026-03-28,Web,Express,3,SKU071,Grocery,Beverages,3,33.5,26.4,8.5,5.52,Ambient,Low,180,514.69,16,0.24,3.84,112,138.0,Z4,A4,R6,30,55.5,47.88,30.52,35,15,B,X,BX
ORD00252,2,2026-03-28,Web,Express,3,SKU075,Grocery,Breakfast,1,8.3,17.6,38.1,0.44,Ambient,Medium,180,1166.93,10,0.4,4.0,70,50.2,Z2,A1,R1,40,20.0,23.66,9.83,20,14,B,Y,BY
ORD00252,3,2026-03-28,Web,Express,3,SKU020,Grocery,Staples,3,30.8,10.6,33.6,3.74,Ambient,Low,30,1196.56,11,0.51,5.61,77,70.8,Z8,A4,R3,30,83.0,86.05,32.41,37,19,A,Z,AZ
ORD00253,1,2026-02-27,App,Standard,6,SKU059,Pet Care,Pet Hygiene,5,14.5,23.0,31.6,6.99,Fragile,Low,730,1239.81,41,0.16,6.56,287,246.3,Z7,A2,R5,50,70.0,63.3,28.56,67,20,A,X,AX
ORD00253,2,2026-02-27,App,Standard,6,SKU049,Personal Care,Bath & Body,1,17.1,11.8,23.9,3.56,Ambient,Medium,365,469.4,6,0.55,3.3,42,31.5,Z5,A1,R1,40,44.0,38.99,18.51,44,39,B,Z,BZ
ORD00253,3,2026-02-27,App,Standard,6,SKU041,Personal Care,Hair Care,2,17.1,11.1,28.2,3.02,Ambient,High,365,612.15,6,0.34,2.04,42,45.6,Z5,A5,R6,30,67.5,82.53,33.01,43,26,B,Y,BY
ORD00253,4,2026-02-27,App,Standard,6,SKU023,Baby Care,Baby Hygiene,2,27.1,9.9,20.1,7.6,Ambient,Medium,30,1302.56,6,0.87,5.22,42,36.3,Z3,A4,R6,30,47.5,52.61,28.87,20,16,B,Z,BZ
ORD00253,5,2026-02-27,App,Standard,6,SKU029,Pet Care,Cat Food,2,19.2,11.5,13.7,5.14,Ambient,Medium,90,805.77,15,0.3,4.5,105,114.7,Z6,A1,R5,50,58.0,66.38,22.94,35,17,A,Y,AY
ORD00253,6,2026-02-27,App,Standard,6,SKU091,Pet Care,Dog Food,1,16.5,19.5,38.4,5.94,Fragile,High,365,1182.01,5,0.7,3.5,35,30.7,Z3,A5,R2,50,45.5,48.9,30.42,30,23,A,Z,AZ
ORD00254,1,2026-02-25,App,Standard,5,SKU029,Pet Care,Cat Food,2,19.2,11.5,13.7,5.14,Ambient,Medium,90,805.77,15,0.3,4.5,105,114.7,Z6,A1,R5,50,58.0,72.03,23.4,35,17,A,Y,AY
ORD00254,2,2026-02-25,App,Standard,5,SKU007,Pet Care,Dog Food,1,25.1,10.4,9.6,7.49,Ambient,Medium,180,362.98,5,0.52,2.6,35,26.4,Z4,A5,R6,30,59.5,66.74,32.57,7,6,C,Z,CZ
ORD00254,3,2026-02-25,App,Standard,5,SKU044,Pet Care,Cat Food,3,22.2,16.7,20.4,1.56,Ambient,Medium,30,736.26,14,0.33,4.62,98,72.6,Z7,A3,R5,50,74.0,80.71,28.65,79,32,A,Y,AY
ORD00254,4,2026-02-25,App,Standard,5,SKU108,Pet Care,Pet Hygiene,1,16.6,29.3,22.4,4.03,Ambient,Medium,730,778.49,12,0.52,6.24,84,78.7,Z4,A1,R5,50,42.0,44.74,17.74,32,20,B,Z,BZ
ORD00254,5,2026-02-25,App,Standard,5,SKU010,Pet Care,Dog Food,1,11.4,15.0,7.1,3.09,Ambient,Medium,180,531.32,4,0.64,2.56,28,30.3,Z4,A5,R2,50,53.5,65.65,28.14,17,13,C,Z,CZ
ORD00255,1,2026-01-29,App,Standard,3,SKU057,Grocery,Breakfast,1,16.4,29.7,32.7,5.25,Ambient,Low,365,614.29,6,0.86,5.16,42,31.7,Z7,A2,R1,40,64.0,55.91,26.7,30,24,B,Z,BZ
ORD00255,2,2026-01-29,App,Standard,3,SKU015,Health & Wellness,Wellness,3,29.5,12.5,28.2,7.52,HighValue,Low,30,1342.79,21,0.16,3.36,147,115.5,Z8,A1,R5,50,74.0,84.12,25.47,78,32,A,X,AX
ORD00255,3,2026-01-29,App,Standard,3,SKU003,Household,Cleaning,2,31.1,12.5,27.4,4.91,Ambient,Medium,365,1655.33,5,0.86,4.3,35,36.0,Z5,A4,R6,30,63.5,59.69,31.35,52,40,A,Z,AZ
ORD00256,1,2026-01-07,App,Standard,6,SKU098,Grocery,Breakfast,3,14.3,25.2,21.4,6.7,Ambient,High,180,1390.75,8,0.41,3.28,56,63.2,Z7,A2,R4,40,68.5,61.81,26.07,17,8,B,Y,BY
ORD00256,2,2026-01-07,App,Standard,6,SKU085,Grocery,Snacks,4,13.7,8.0,22.4,3.5,Ambient,Low,365,1504.2,28,0.21,5.88,196,224.1,Z5,A5,R5,50,66.0,77.35,35.5,65,22,A,X,AX
ORD00256,3,2026-01-07,App,Standard,6,SKU054,Grocery,Staples,2,24.4,8.8,37.6,2.41,Ambient,Medium,180,457.62,4,0.87,3.48,28,28.1,Z4,A4,R3,30,51.0,52.68,26.78,24,16,C,Z,CZ
ORD00256,4,2026-01-07,App,Standard,6,SKU030,Grocery,Beverages,1,7.4,8.8,18.4,1.31,Ambient,Low,180,763.0,3,0.85,2.55,21,17.1,Z2,A2,R5,50,30.0,33.85,15.22,12,10,C,Z,CZ
ORD00256,5,2026-01-07,App,Standard,6,SKU009,Grocery,Snacks,1,31.2,6.9,33.3,6.86,Ambient,Medium,30,1744.97,3,0.63,1.89,21,25.4,Z3,A2,R3,30,35.0,32.8,19.49,13,10,B,Z,BZ
ORD00256,6,2026-01-07,App,Standard,6,SKU117,Grocery,Snacks,1,11.8,28.7,23.2,2.34,Ambient,High,90,247.18,3,0.87,2.61,21,18.2,Z2,A5,R5,50,42.0,35.85,28.13,10,8,C,Z,CZ
ORD00257,1,2026-03-15,Web,Standard,2,SKU099,Household,Laundry,1,29.0,8.5,13.8,5.17,Ambient,Low,365,1535.82,7,0.5,3.5,49,42.0,Z8,A1,R6,30,75.5,74.4,24.01,38,24,A,Y,AY
ORD00257,2,2026-03-15,Web,Standard,2,SKU112,Personal Care,Oral Care,1,5.8,9.7,23.1,7.32,Ambient,Medium,60,1793.55,2,0.88,1.76,14,12.0,Z8,A3,R2,50,77.5,88.27,29.19,36,24,A,Z,AZ
ORD00258,1,2026-02-01,App,Standard,1,SKU031,Personal Care,Hair Care,3,19.3,28.6,15.5,3.18,Ambient,Medium,730,994.38,25,0.27,6.75,175,180.6,Z6,A4,R3,30,67.0,64.33,31.9,39,15,A,Y,AY
ORD00259,1,2026-03-25,App,Standard,3,SKU001,Health & Wellness,OTC,4,27.7,26.5,10.3,1.36,Ambient,Medium,180,964.18,40,0.17,6.8,280,345.5,Z6,A5,R3,30,71.0,65.49,36.9,52,18,A,X,AX
ORD00259,2,2026-03-25,App,Standard,3,SKU038,Health & Wellness,Wellness,2,18.1,23.3,38.8,2.23,Ambient,Low,730,1076.64,20,0.29,5.8,140,122.8,Z7,A3,R1,40,68.0,69.6,28.52,56,25,A,Y,AY
ORD00259,3,2026-03-25,App,Standard,3,SKU019,Health & Wellness,OTC,2,29.3,27.0,5.9,5.92,HighValue,High,730,1558.71,7,0.54,3.78,49,56.1,Z4,A3,R6,30,51.5,45.08,25.04,41,25,A,Z,AZ
ORD00260,1,2026-03-10,App,Standard,2,SKU101,Personal Care,Hair Care,3,14.6,7.5,30.0,2.75,Ambient,High,180,1260.53,18,0.2,3.6,126,97.8,Z7,A2,R3,30,67.0,81.01,26.52,22,11,B,X,BX
ORD00260,2,2026-03-10,App,Standard,2,SKU004,Personal Care,Hair Care,1,29.9,12.7,7.0,7.04,Ambient,Medium,30,1760.92,3,0.84,2.52,21,20.9,Z1,A5,R4,40,32.5,29.96,28.82,10,8,B,Z,BZ
ORD00261,1,2026-03-13,Web,Standard,3,SKU040,Grocery,Beverages,1,13.3,5.3,38.2,0.78,Ambient,Medium,730,870.07,22,0.29,6.38,154,168.1,Z8,A2,R4,40,76.5,85.16,26.97,31,16,B,Y,BY
ORD00261,2,2026-03-13,Web,Standard,3,SKU016,Grocery,Snacks,1,24.0,11.6,22.1,7.25,Ambient,Low,90,103.25,10,0.31,3.1,70,61.8,Z4,A2,R3,30,43.0,52.82,20.8,26,14,C,Y,CY
ORD00261,3,2026-03-13,Web,Standard,3,SKU024,Grocery,Breakfast,2,13.9,8.2,19.7,7.53,Ambient,Medium,90,745.78,3,0.6,1.8,21,24.3,Z8,A5,R6,30,91.5,97.32,37.44,13,11,C,Z,CZ
ORD00262,1,2026-01-18,Web,Express,4,SKU084,Personal Care,Oral Care,2,8.4,15.7,14.9,5.46,Ambient,Low,180,1772.39,16,0.3,4.8,112,81.8,Z5,A5,R3,30,63.0,62.6,31.42,28,13,A,Y,AY
ORD00262,2,2026-01-18,Web,Express,4,SKU105,Personal Care,Bath & Body,1,5.5,24.7,17.1,5.89,Ambient,Medium,90,261.8,10,0.33,3.3,70,62.6,Z7,A1,R2,50,61.5,54.1,21.21,14,9,C,Y,CY
ORD00262,3,2026-01-18,Web,Express,4,SKU062,Personal Care,Hair Care,1,25.3,8.9,20.5,2.83,Ambient,Low,90,835.88,12,0.52,6.24,84,72.8,Z1,A3,R2,50,21.5,26.05,17.46,40,22,A,Z,AZ
ORD00262,4,2026-01-18,Web,Express,4,SKU115,Personal Care,Oral Care,2,21.5,20.3,8.0,2.54,Ambient,Medium,180,1486.43,20,0.31,6.2,140,103.7,Z6,A2,R6,30,63.5,60.43,22.0,30,17,A,Y,AY
ORD00263,1,2026-02-24,App,Standard,6,SKU021,Grocery,Staples,3,20.3,22.0,34.5,2.72,Fragile,High,90,341.96,32,0.15,4.8,224,275.4,Z7,A5,R3,30,79.0,69.96,37.13,58,21,B,X,BX
ORD00263,2,2026-02-24,App,Standard,6,SKU018,Grocery,Beverages,2,28.9,26.5,36.5,1.76,Ambient,Medium,180,1753.56,3,0.85,2.55,21,23.4,Z6,A2,R2,50,57.5,52.24,23.39,20,13,A,Z,AZ
ORD00263,3,2026-02-24,App,Standard,6,SKU053,Grocery,Cooking,2,18.1,22.5,9.2,7.79,Ambient,Low,365,49.27,7,0.53,3.71,49,45.3,Z8,A2,R1,40,72.0,64.02,26.93,44,30,C,Z,CZ
ORD00263,4,2026-02-24,App,Standard,6,SKU036,Grocery,Cooking,4,22.3,27.7,18.1,7.54,Ambient,Medium,60,205.87,13,0.34,4.42,91,102.4,Z6,A4,R5,50,70.0,86.15,33.68,36,16,C,Y,CY
ORD00263,5,2026-02-24,App,Standard,6,SKU090,Grocery,Breakfast,2,23.9,24.9,25.7,2.88,Ambient,Low,90,1501.26,6,0.39,2.34,42,31.2,Z7,A1,R3,30,63.0,66.82,19.79,36,19,A,Y,AY
ORD00263,6,2026-02-24,App,Standard,6,SKU032,Grocery,Snacks,3,5.9,13.4,28.8,3.29,Ambient,Low,365,973.07,9,0.38,3.42,63,75.5,Z5,A2,R2,50,49.5,58.05,21.2,47,27,A,Y,AY
ORD00264,1,2026-01-13,App,Standard,4,SKU085,Grocery,Snacks,5,13.7,8.0,22.4,3.5,Ambient,Low,365,1504.2,28,0.21,5.88,196,224.1,Z5,A5,R5,50,66.0,71.74,34.88,65,22,A,X,AX
ORD00264,2,2026-01-13,App,Standard,4,SKU072,Health & Wellness,Vitamins,1,24.3,19.9,5.7,6.32,HighValue,Low,365,389.24,6,0.45,2.7,42,48.6,Z6,A2,R4,40,60.5,68.68,25.74,54,33,B,Y,BY
ORD00264,3,2026-01-13,App,Standard,4,SKU042,Grocery,Beverages,2,10.8,8.0,23.8,6.12,Ambient,Medium,730,1071.52,8,0.29,2.32,56,62.6,Z4,A1,R1,40,36.0,38.77,16.43,43,26,A,Y,AY
ORD00264,4,2026-01-13,App,Standard,4,SKU062,Personal Care,Hair Care,1,25.3,8.9,20.5,2.83,Ambient,Low,90,835.88,12,0.52,6.24,84,72.8,Z1,A3,R2,50,21.5,23.77,20.26,40,22,A,Z,AZ
ORD00265,1,2026-02-17,Web,Express,4,SKU033,Household,Home Care,2,17.9,26.7,11.4,2.16,Ambient,Low,180,518.91,5,0.28,1.4,35,42.8,Z8,A3,R4,40,80.5,96.05,26.53,17,10,C,Y,CY
ORD00265,2,2026-02-17,Web,Express,4,SKU077,Household,Laundry,2,17.9,24.8,9.0,5.27,Ambient,High,180,826.51,4,0.65,2.6,28,23.1,Z4,A2,R5,50,46.0,44.85,20.6,16,13,C,Z,CZ
ORD00265,3,2026-02-17,Web,Express,4,SKU048,Household,Home Care,1,21.3,21.2,36.8,6.63,Ambient,Low,730,1488.03,8,0.38,3.04,56,67.6,Z6,A3,R6,30,67.5,77.08,26.07,35,15,A,Y,AY
ORD00265,4,2026-02-17,Web,Express,4,SKU097,Household,Cleaning,2,25.8,20.6,36.6,5.8,Fragile,Low,730,446.62,2,0.49,0.98,14,13.2,Z2,A2,R6,30,31.5,27.5,17.88,17,13,C,Y,CY
ORD00266,1,2026-02-06,App,Standard,4,SKU061,Grocery,Cooking,2,28.8,9.2,7.8,6.98,Ambient,High,60,437.13,11,0.42,4.62,77,80.9,Z4,A3,R1,40,44.0,50.41,24.08,33,20,C,Y,CY
ORD00266,2,2026-02-06,App,Standard,4,SKU112,Personal Care,Oral Care,2,5.8,9.7,23.1,7.32,Ambient,Medium,60,1793.55,2,0.88,1.76,14,12.0,Z8,A3,R2,50,77.5,93.17,31.55,36,24,A,Z,AZ
ORD00266,3,2026-02-06,App,Standard,4,SKU109,Health & Wellness,OTC,1,8.1,13.2,15.3,3.62,Ambient,Low,730,1569.32,5,0.55,2.75,35,31.3,Z3,A5,R1,40,44.0,48.09,28.39,22,19,A,Z,AZ
ORD00266,4,2026-02-06,App,Standard,4,SKU094,Health & Wellness,Wellness,2,7.4,21.6,37.1,2.55,Ambient,Medium,30,574.51,7,0.48,3.36,49,44.5,Z5,A3,R1,40,52.0,62.54,24.22,19,14,C,Y,CY
ORD00267,1,2026-03-09,App,Standard,6,SKU025,Grocery,Snacks,3,23.2,13.1,20.5,5.44,Ambient,High,730,326.2,37,0.22,8.14,259,193.4,Z6,A4,R1,40,64.0,78.03,33.16,80,27,B,X,BX
ORD00267,2,2026-03-09,App,Standard,6,SKU015,Health & Wellness,Wellness,4,29.5,12.5,28.2,7.52,HighValue,Low,30,1342.79,21,0.16,3.36,147,115.5,Z8,A1,R5,50,74.0,78.16,28.29,78,32,A,X,AX
ORD00267,3,2026-03-09,App,Standard,6,SKU057,Grocery,Breakfast,2,16.4,29.7,32.7,5.25,Ambient,Low,365,614.29,6,0.86,5.16,42,31.7,Z7,A2,R1,40,64.0,77.25,26.59,30,24,B,Z,BZ
ORD00267,4,2026-03-09,App,Standard,6,SKU041,Personal Care,Hair Care,3,17.1,11.1,28.2,3.02,Ambient,High,365,612.15,6,0.34,2.04,42,45.6,Z5,A5,R6,30,67.5,57.53,30.16,43,26,B,Y,BY
ORD00267,5,2026-03-09,App,Standard,6,SKU068,Grocery,Cooking,2,25.2,21.8,25.5,6.6,Ambient,Low,30,1124.7,14,0.25,3.5,98,119.4,Z8,A1,R3,30,71.0,63.39,25.19,35,16,A,X,AX
ORD00267,6,2026-03-09,App,Standard,6,SKU059,Pet Care,Pet Hygiene,2,14.5,23.0,31.6,6.99,Fragile,Low,730,1239.81,41,0.16,6.56,287,246.3,Z7,A2,R5,50,70.0,70.76,30.66,67,20,A,X,AX
ORD00268,1,2026-01-02,App,Standard,2,SKU061,Grocery,Cooking,1,28.8,9.2,7.8,6.98,Ambient,High,60,437.13,11,0.42,4.62,77,80.9,Z4,A3,R1,40,44.0,44.94,24.27,33,20,C,Y,CY
ORD00268,2,2026-01-02,App,Standard,2,SKU112,Personal Care,Oral Care,1,5.8,9.7,23.1,7.32,Ambient,Medium,60,1793.55,2,0.88,1.76,14,12.0,Z8,A3,R2,50,77.5,69.24,31.51,36,24,A,Z,AZ
ORD00269,1,2026-02-26,App,Standard,4,SKU055,Personal Care,Skin Care,1,28.7,15.4,37.7,4.11,Ambient,Low,365,1054.36,14,0.21,2.94,98,104.2,Z8,A4,R1,40,80.0,98.35,34.63,38,17,A,X,AX
ORD00269,2,2026-02-26,App,Standard,4,SKU027,Personal Care,Skin Care,3,12.3,21.4,5.2,6.03,Ambient,Low,60,1452.29,11,0.4,4.4,77,83.4,Z3,A4,R3,30,43.0,38.59,28.56,25,13,A,Y,AY
ORD00269,3,2026-02-26,App,Standard,4,SKU084,Personal Care,Oral Care,2,8.4,15.7,14.9,5.46,Ambient,Low,180,1772.39,16,0.3,4.8,112,81.8,Z5,A5,R3,30,63.0,70.73,34.09,28,13,A,Y,AY
ORD00269,4,2026-02-26,App,Standard,4,SKU093,Personal Care,Oral Care,1,15.2,19.9,32.6,5.21,Ambient,Medium,90,472.29,4,0.6,2.4,28,32.7,Z5,A1,R2,50,45.5,52.88,19.95,11,10,C,Z,CZ
ORD00270,1,2026-02-21,App,Standard,3,SKU114,Household,Laundry,3,26.4,28.2,27.3,6.37,Ambient,Low,60,445.21,17,0.32,5.44,119,115.6,Z8,A4,R6,30,87.5,108.55,36.68,38,15,B,Y,BY
ORD00270,2,2026-02-21,App,Standard,3,SKU099,Household,Laundry,2,29.0,8.5,13.8,5.17,Ambient,Low,365,1535.82,7,0.5,3.5,49,42.0,Z8,A1,R6,30,75.5,72.92,23.73,38,24,A,Y,AY
ORD00270,3,2026-02-21,App,Standard,3,SKU118,Household,Home Care,3,33.2,8.9,28.1,5.79,Ambient,Medium,30,169.17,44,0.13,5.72,308,376.3,Z8,A3,R3,30,79.0,74.98,34.53,71,23,C,X,CX
ORD00271,1,2026-01-20,App,Standard,4,SKU026,Household,Home Care,5,29.6,23.8,28.5,1.87,Frozen,Low,180,1110.01,43,0.15,6.45,301,337.9,Z6,A1,R6,30,59.5,65.68,22.73,80,26,A,X,AX
ORD00271,2,2026-01-20,App,Standard,4,SKU045,Household,Cleaning,1,21.9,12.6,39.8,1.04,Ambient,Medium,60,1401.86,7,0.29,2.03,49,44.6,Z5,A2,R1,40,48.0,41.54,18.38,18,14,B,Y,BY
ORD00271,3,2026-01-20,App,Standard,4,SKU099,Household,Laundry,3,29.0,8.5,13.8,5.17,Ambient,Low,365,1535.82,7,0.5,3.5,49,42.0,Z8,A1,R6,30,75.5,77.05,25.46,38,24,A,Y,AY
ORD00271,4,2026-01-20,App,Standard,4,SKU014,Household,Cleaning,2,20.2,8.3,17.2,0.64,Ambient,Low,365,1273.78,14,0.26,3.64,98,101.6,Z8,A5,R2,50,85.5,74.42,33.78,35,16,A,Y,AY
ORD00272,1,2026-02-22,App,Standard,4,SKU084,Personal Care,Oral Care,2,8.4,15.7,14.9,5.46,Ambient,Low,180,1772.39,16,0.3,4.8,112,81.8,Z5,A5,R3,30,63.0,54.75,33.48,28,13,A,Y,AY
ORD00272,2,2026-02-22,App,Standard,4,SKU034,Personal Care,Hair Care,1,21.2,30.0,17.2,5.24,Ambient,Medium,60,378.87,12,0.26,3.12,84,59.7,Z3,A4,R1,40,40.0,45.92,24.93,18,13,C,Y,CY
ORD00272,3,2026-02-22,App,Standard,4,SKU115,Personal Care,Oral Care,1,21.5,20.3,8.0,2.54,Ambient,Medium,180,1486.43,20,0.31,6.2,140,103.7,Z6,A2,R6,30,63.5,77.05,24.59,30,17,A,Y,AY
ORD00272,4,2026-02-22,App,Standard,4,SKU055,Personal Care,Skin Care,1,28.7,15.4,37.7,4.11,Ambient,Low,365,1054.36,14,0.21,2.94,98,104.2,Z8,A4,R1,40,80.0,98.35,32.94,38,17,A,X,AX
ORD00273,1,2026-02-16,App,Standard,3,SKU019,Health & Wellness,OTC,1,29.3,27.0,5.9,5.92,HighValue,High,730,1558.71,7,0.54,3.78,49,56.1,Z4,A3,R6,30,51.5,46.46,27.8,41,25,A,Z,AZ
ORD00273,2,2026-02-16,App,Standard,3,SKU100,Baby Care,Baby Food,3,9.4,15.9,38.1,1.85,Ambient,Low,30,728.71,20,0.33,6.6,140,126.8,Z7,A4,R2,50,73.5,79.72,29.72,62,29,A,Y,AY
ORD00273,3,2026-02-16,App,Standard,3,SKU108,Pet Care,Pet Hygiene,3,16.6,29.3,22.4,4.03,Ambient,Medium,730,778.49,12,0.52,6.24,84,78.7,Z4,A1,R5,50,42.0,38.9,18.64,32,20,B,Z,BZ
ORD00274,1,2026-02-27,App,Standard,6,SKU014,Household,Cleaning,4,20.2,8.3,17.2,0.64,Ambient,Low,365,1273.78,14,0.26,3.64,98,101.6,Z8,A5,R2,50,85.5,87.0,33.7,35,16,A,Y,AY
ORD00274,2,2026-02-27,App,Standard,6,SKU073,Household,Home Care,3,12.0,24.4,32.6,4.81,Ambient,High,365,469.91,8,0.49,3.92,56,44.6,Z6,A5,R1,40,68.0,58.39,32.99,26,15,C,Y,CY
ORD00274,3,2026-02-27,App,Standard,6,SKU077,Household,Laundry,1,17.9,24.8,9.0,5.27,Ambient,High,180,826.51,4,0.65,2.6,28,23.1,Z4,A2,R5,50,46.0,41.47,22.7,16,13,C,Z,CZ
ORD00274,4,2026-02-27,App,Standard,6,SKU047,Household,Cleaning,1,25.7,16.7,6.1,2.38,Ambient,Low,60,1664.94,13,0.24,3.12,91,103.1,Z4,A5,R3,30,55.0,64.23,31.56,42,20,A,X,AX
ORD00274,5,2026-02-27,App,Standard,6,SKU045,Household,Cleaning,2,21.9,12.6,39.8,1.04,Ambient,Medium,60,1401.86,7,0.29,2.03,49,44.6,Z5,A2,R1,40,48.0,48.43,20.51,18,14,B,Y,BY
ORD00274,6,2026-02-27,App,Standard,6,SKU111,Grocery,Snacks,3,15.9,28.7,6.1,1.31,Ambient,Low,30,1043.71,25,0.28,7.0,175,173.5,Z8,A2,R2,50,73.5,91.04,27.03,52,19,A,Y,AY
ORD00275,1,2026-01-22,Web,Standard,3,SKU063,Health & Wellness,Vitamins,3,22.2,19.4,39.7,2.43,Ambient,Medium,730,1406.5,14,0.21,2.94,98,121.1,Z7,A1,R4,40,64.5,73.09,21.88,31,15,A,X,AX
ORD00275,2,2026-01-22,Web,Standard,3,SKU116,Health & Wellness,Wellness,2,25.4,13.6,35.7,6.26,Ambient,Low,30,1500.72,14,0.25,3.5,98,96.5,Z7,A4,R3,30,75.0,70.36,33.62,40,18,A,X,AX
ORD00275,3,2026-01-22,Web,Standard,3,SKU094,Health & Wellness,Wellness,1,7.4,21.6,37.1,2.55,Ambient,Medium,30,574.51,7,0.48,3.36,49,44.5,Z5,A3,R1,40,52.0,47.76,23.79,19,14,C,Y,CY
ORD00276,1,2026-01-06,Web,Standard,4,SKU038,Health & Wellness,Wellness,2,18.1,23.3,38.8,2.23,Ambient,Low,730,1076.64,20,0.29,5.8,140,122.8,Z7,A3,R1,40,68.0,81.84,29.58,56,25,A,Y,AY
ORD00276,2,2026-01-06,Web,Standard,4,SKU116,Health & Wellness,Wellness,1,25.4,13.6,35.7,6.26,Ambient,Low,30,1500.72,14,0.25,3.5,98,96.5,Z7,A4,R3,30,75.0,90.7,33.02,40,18,A,X,AX
ORD00276,3,2026-01-06,Web,Standard,4,SKU110,Health & Wellness,Vitamins,1,33.4,6.9,27.3,2.97,Ambient,Low,365,1228.61,6,0.89,5.34,42,39.5,Z1,A5,R5,50,34.0,37.41,27.86,15,13,B,Z,BZ
ORD00276,4,2026-01-06,Web,Standard,4,SKU096,Health & Wellness,Vitamins,1,9.1,6.9,34.6,0.9,Ambient,Low,90,1580.6,8,0.32,2.56,56,58.2,Z6,A2,R1,40,56.0,63.96,20.08,13,7,B,Y,BY
ORD00277,1,2026-02-05,App,Standard,2,SKU118,Household,Home Care,3,33.2,8.9,28.1,5.79,Ambient,Medium,30,169.17,44,0.13,5.72,308,376.3,Z8,A3,R3,30,79.0,90.94,34.7,71,23,C,X,CX
ORD00277,2,2026-02-05,App,Standard,2,SKU053,Grocery,Cooking,1,18.1,22.5,9.2,7.79,Ambient,Low,365,49.27,7,0.53,3.71,49,45.3,Z8,A2,R1,40,72.0,82.12,26.78,44,30,C,Z,CZ
ORD00278,1,2026-02-17,App,Standard,2,SKU059,Pet Care,Pet Hygiene,5,14.5,23.0,31.6,6.99,Fragile,Low,730,1239.81,41,0.16,6.56,287,246.3,Z7,A2,R5,50,70.0,78.75,30.99,67,20,A,X,AX
ORD00278,2,2026-02-17,App,Standard,2,SKU041,Personal Care,Hair Care,1,17.1,11.1,28.2,3.02,Ambient,High,365,612.15,6,0.34,2.04,42,45.6,Z5,A5,R6,30,67.5,68.89,30.46,43,26,B,Y,BY
ORD00279,1,2026-02-28,Web,Standard,6,SKU118,Household,Home Care,3,33.2,8.9,28.1,5.79,Ambient,Medium,30,169.17,44,0.13,5.72,308,376.3,Z8,A3,R3,30,79.0,67.45,34.64,71,23,C,X,CX
ORD00279,2,2026-02-28,Web,Standard,6,SKU053,Grocery,Cooking,2,18.1,22.5,9.2,7.79,Ambient,Low,365,49.27,7,0.53,3.71,49,45.3,Z8,A2,R1,40,72.0,84.77,27.87,44,30,C,Z,CZ
ORD00279,3,2026-02-28,Web,Standard,6,SKU065,Dairy & Chilled,Dairy,3,23.8,6.0,32.6,0.36,Chilled,Low,60,184.99,23,0.18,4.14,161,138.8,Z7,A2,R6,30,71.5,64.76,22.83,54,25,C,X,CX
ORD00279,4,2026-02-28,Web,Standard,6,SKU100,Baby Care,Baby Food,3,9.4,15.9,38.1,1.85,Ambient,Low,30,728.71,20,0.33,6.6,140,126.8,Z7,A4,R2,50,73.5,86.45,32.43,62,29,A,Y,AY
ORD00279,5,2026-02-28,Web,Standard,6,SKU088,Household,Cleaning,1,32.2,13.7,30.5,6.57,Ambient,Low,60,332.96,13,0.4,5.2,91,71.4,Z1,A2,R4,40,20.5,19.42,18.43,63,34,B,Y,BY
ORD00279,6,2026-02-28,Web,Standard,6,SKU070,Household,Laundry,3,33.5,22.4,23.9,4.74,Ambient,Medium,180,1117.78,38,0.16,6.08,266,323.6,Z6,A5,R5,50,74.0,78.99,37.8,89,29,A,X,AX
ORD00280,1,2026-01-03,App,Express,5,SKU016,Grocery,Snacks,2,24.0,11.6,22.1,7.25,Ambient,Low,90,103.25,10,0.31,3.1,70,61.8,Z4,A2,R3,30,43.0,52.06,22.03,26,14,C,Y,CY
ORD00280,2,2026-01-03,App,Express,5,SKU054,Grocery,Staples,1,24.4,8.8,37.6,2.41,Ambient,Medium,180,457.62,4,0.87,3.48,28,28.1,Z4,A4,R3,30,51.0,47.93,26.48,24,16,C,Z,CZ
ORD00280,3,2026-01-03,App,Express,5,SKU022,Grocery,Staples,3,26.9,12.8,26.2,4.14,Ambient,Low,730,799.0,14,0.38,5.32,98,96.6,Z7,A5,R5,50,82.0,72.2,32.5,21,10,C,Y,CY
ORD00280,4,2026-01-03,App,Express,5,SKU090,Grocery,Breakfast,1,23.9,24.9,25.7,2.88,Ambient,Low,90,1501.26,6,0.39,2.34,42,31.2,Z7,A1,R3,30,63.0,76.85,19.58,36,19,A,Y,AY
ORD00280,5,2026-01-03,App,Express,5,SKU078,Grocery,Breakfast,1,7.9,15.7,28.3,3.06,Ambient,Low,30,190.48,4,0.61,2.44,28,21.1,Z4,A1,R6,30,43.5,39.6,14.78,12,9,C,Z,CZ
ORD00281,1,2026-02-24,Web,Standard,4,SKU070,Household,Laundry,4,33.5,22.4,23.9,4.74,Ambient,Medium,180,1117.78,38,0.16,6.08,266,323.6,Z6,A5,R5,50,74.0,88.41,39.63,89,29,A,X,AX
ORD00281,2,2026-02-24,Web,Standard,4,SKU044,Pet Care,Cat Food,4,22.2,16.7,20.4,1.56,Ambient,Medium,30,736.26,14,0.33,4.62,98,72.6,Z7,A3,R5,50,74.0,67.24,29.55,79,32,A,Y,AY
ORD00281,3,2026-02-24,Web,Standard,4,SKU046,Pet Care,Cat Food,1,14.2,20.5,26.3,5.95,Ambient,Low,730,169.11,14,0.55,7.7,98,81.5,Z6,A1,R3,30,55.0,64.28,20.87,34,22,C,Z,CZ
ORD00281,4,2026-02-24,Web,Standard,4,SKU087,Health & Wellness,Vitamins,2,15.9,15.9,8.7,3.54,Ambient,Medium,60,616.2,7,0.74,5.18,49,38.8,Z1,A2,R5,50,22.0,19.7,17.83,29,22,B,Z,BZ
ORD00282,1,2026-02-24,App,Standard,6,SKU036,Grocery,Cooking,1,22.3,27.7,18.1,7.54,Ambient,Medium,60,205.87,13,0.34,4.42,91,102.4,Z6,A4,R5,50,70.0,73.42,34.37,36,16,C,Y,CY
ORD00282,2,2026-02-24,App,Standard,6,SKU020,Grocery,Staples,2,30.8,10.6,33.6,3.74,Ambient,Low,30,1196.56,11,0.51,5.61,77,70.8,Z8,A4,R3,30,83.0,97.82,32.42,37,19,A,Z,AZ
ORD00282,3,2026-02-24,App,Standard,6,SKU060,Grocery,Staples,1,27.8,22.6,8.5,1.41,Frozen,Low,30,545.73,4,0.89,3.56,28,25.4,Z1,A2,R6,30,23.5,23.94,16.63,12,10,C,Z,CZ
ORD00282,4,2026-02-24,App,Standard,6,SKU024,Grocery,Breakfast,1,13.9,8.2,19.7,7.53,Ambient,Medium,90,745.78,3,0.6,1.8,21,24.3,Z8,A5,R6,30,91.5,105.16,38.84,13,11,C,Z,CZ
ORD00282,5,2026-02-24,App,Standard,6,SKU032,Grocery,Snacks,2,5.9,13.4,28.8,3.29,Ambient,Low,365,973.07,9,0.38,3.42,63,75.5,Z5,A2,R2,50,49.5,42.13,19.97,47,27,A,Y,AY
ORD00282,6,2026-02-24,App,Standard,6,SKU071,Grocery,Beverages,4,33.5,26.4,8.5,5.52,Ambient,Low,180,514.69,16,0.24,3.84,112,138.0,Z4,A4,R6,30,55.5,59.57,29.63,35,15,B,X,BX
ORD00283,1,2026-01-18,App,Express,6,SKU011,Dairy & Chilled,Ready-to-Eat,1,13.9,29.2,25.3,4.38,Chilled,Medium,30,114.0,12,0.3,3.6,84,80.8,Z3,A1,R4,40,32.5,40.17,14.12,16,12,C,Y,CY
ORD00283,2,2026-01-18,App,Express,6,SKU074,Dairy & Chilled,Dairy,2,28.7,10.9,16.3,1.48,Chilled,Low,730,772.2,15,0.16,2.4,105,80.1,Z6,A3,R3,30,63.0,70.25,25.89,53,23,A,X,AX
ORD00283,3,2026-01-18,App,Express,6,SKU079,Dairy & Chilled,Dairy,1,33.7,19.0,28.5,3.35,Chilled,High,180,1565.86,5,0.43,2.15,35,38.4,Z7,A4,R6,30,79.5,95.26,31.59,18,16,B,Y,BY
ORD00283,4,2026-01-18,App,Express,6,SKU104,Personal Care,Oral Care,1,10.6,21.7,23.3,2.95,Ambient,Medium,365,1008.62,31,0.19,5.89,217,198.5,Z7,A1,R6,30,67.5,59.51,22.11,50,18,A,X,AX
ORD00283,5,2026-01-18,App,Express,6,SKU010,Pet Care,Dog Food,1,11.4,15.0,7.1,3.09,Ambient,Medium,180,531.32,4,0.64,2.56,28,30.3,Z4,A5,R2,50,53.5,62.89,28.17,17,13,C,Z,CZ
ORD00283,6,2026-01-18,App,Express,6,SKU021,Grocery,Staples,2,20.3,22.0,34.5,2.72,Fragile,High,90,341.96,32,0.15,4.8,224,275.4,Z7,A5,R3,30,79.0,90.65,34.74,58,21,B,X,BX
ORD00284,1,2026-03-09,App,Standard,4,SKU038,Health & Wellness,Wellness,1,18.1,23.3,38.8,2.23,Ambient,Low,730,1076.64,20,0.29,5.8,140,122.8,Z7,A3,R1,40,68.0,69.32,27.65,56,25,A,Y,AY
ORD00284,2,2026-03-09,App,Standard,4,SKU096,Health & Wellness,Vitamins,3,9.1,6.9,34.6,0.9,Ambient,Low,90,1580.6,8,0.32,2.56,56,58.2,Z6,A2,R1,40,56.0,63.54,20.42,13,7,B,Y,BY
ORD00284,3,2026-03-09,App,Standard,4,SKU080,Health & Wellness,Wellness,1,22.3,10.3,28.0,1.87,HighValue,Medium,90,228.92,17,0.23,3.91,119,101.5,Z7,A4,R1,40,72.0,70.01,31.18,25,11,C,X,CX
ORD00284,4,2026-03-09,App,Standard,4,SKU109,Health & Wellness,OTC,1,8.1,13.2,15.3,3.62,Ambient,Low,730,1569.32,5,0.55,2.75,35,31.3,Z3,A5,R1,40,44.0,42.18,29.52,22,19,A,Z,AZ
ORD00285,1,2026-01-12,Web,Express,4,SKU118,Household,Home Care,3,33.2,8.9,28.1,5.79,Ambient,Medium,30,169.17,44,0.13,5.72,308,376.3,Z8,A3,R3,30,79.0,87.43,31.3,71,23,C,X,CX
ORD00285,2,2026-01-12,Web,Express,4,SKU053,Grocery,Cooking,3,18.1,22.5,9.2,7.79,Ambient,Low,365,49.27,7,0.53,3.71,49,45.3,Z8,A2,R1,40,72.0,84.34,25.18,44,30,C,Z,CZ
ORD00285,3,2026-01-12,Web,Express,4,SKU065,Dairy & Chilled,Dairy,2,23.8,6.0,32.6,0.36,Chilled,Low,60,184.99,23,0.18,4.14,161,138.8,Z7,A2,R6,30,71.5,63.88,22.02,54,25,C,X,CX
ORD00285,4,2026-01-12,Web,Express,4,SKU100,Baby Care,Baby Food,1,9.4,15.9,38.1,1.85,Ambient,Low,30,728.71,20,0.33,6.6,140,126.8,Z7,A4,R2,50,73.5,87.37,29.87,62,29,A,Y,AY
ORD00286,1,2026-01-04,App,Standard,3,SKU025,Grocery,Snacks,5,23.2,13.1,20.5,5.44,Ambient,High,730,326.2,37,0.22,8.14,259,193.4,Z6,A4,R1,40,64.0,55.63,33.47,80,27,B,X,BX
ORD00286,2,2026-01-04,App,Standard,3,SKU015,Health & Wellness,Wellness,1,29.5,12.5,28.2,7.52,HighValue,Low,30,1342.79,21,0.16,3.36,147,115.5,Z8,A1,R5,50,74.0,91.92,26.01,78,32,A,X,AX
ORD00286,3,2026-01-04,App,Standard,3,SKU003,Household,Cleaning,2,31.1,12.5,27.4,4.91,Ambient,Medium,365,1655.33,5,0.86,4.3,35,36.0,Z5,A4,R6,30,63.5,66.68,31.44,52,40,A,Z,AZ
ORD00287,1,2026-02-10,App,Standard,4,SKU087,Health & Wellness,Vitamins,2,15.9,15.9,8.7,3.54,Ambient,Medium,60,616.2,7,0.74,5.18,49,38.8,Z1,A2,R5,50,22.0,20.03,16.0,29,22,B,Z,BZ
ORD00287,2,2026-02-10,App,Standard,4,SKU069,Grocery,Cooking,1,24.1,16.6,29.5,5.23,Ambient,Low,180,231.11,8,0.44,3.52,56,46.4,Z7,A3,R4,40,72.5,64.33,30.28,36,23,C,Y,CY
ORD00287,3,2026-02-10,App,Standard,4,SKU044,Pet Care,Cat Food,3,22.2,16.7,20.4,1.56,Ambient,Medium,30,736.26,14,0.33,4.62,98,72.6,Z7,A3,R5,50,74.0,86.8,29.92,79,32,A,Y,AY
ORD00287,4,2026-02-10,App,Standard,4,SKU070,Household,Laundry,3,33.5,22.4,23.9,4.74,Ambient,Medium,180,1117.78,38,0.16,6.08,266,323.6,Z6,A5,R5,50,74.0,67.67,39.56,89,29,A,X,AX
ORD00288,1,2026-03-06,App,Standard,4,SKU088,Household,Cleaning,2,32.2,13.7,30.5,6.57,Ambient,Low,60,332.96,13,0.4,5.2,91,71.4,Z1,A2,R4,40,20.5,18.67,17.02,63,34,B,Y,BY
ORD00288,2,2026-03-06,App,Standard,4,SKU032,Grocery,Snacks,2,5.9,13.4,28.8,3.29,Ambient,Low,365,973.07,9,0.38,3.42,63,75.5,Z5,A2,R2,50,49.5,58.01,20.88,47,27,A,Y,AY
ORD00288,3,2026-03-06,App,Standard,4,SKU074,Dairy & Chilled,Dairy,1,28.7,10.9,16.3,1.48,Chilled,Low,730,772.2,15,0.16,2.4,105,80.1,Z6,A3,R3,30,63.0,67.34,27.8,53,23,A,X,AX
ORD00288,4,2026-03-06,App,Standard,4,SKU099,Household,Laundry,3,29.0,8.5,13.8,5.17,Ambient,Low,365,1535.82,7,0.5,3.5,49,42.0,Z8,A1,R6,30,75.5,66.81,24.94,38,24,A,Y,AY
ORD00289,1,2026-01-13,App,Standard,3,SKU025,Grocery,Snacks,2,23.2,13.1,20.5,5.44,Ambient,High,730,326.2,37,0.22,8.14,259,193.4,Z6,A4,R1,40,64.0,71.05,34.85,80,27,B,X,BX
ORD00289,2,2026-01-13,App,Standard,3,SKU015,Health & Wellness,Wellness,1,29.5,12.5,28.2,7.52,HighValue,Low,30,1342.79,21,0.16,3.36,147,115.5,Z8,A1,R5,50,74.0,79.73,25.37,78,32,A,X,AX
ORD00289,3,2026-01-13,App,Standard,3,SKU003,Household,Cleaning,1,31.1,12.5,27.4,4.91,Ambient,Medium,365,1655.33,5,0.86,4.3,35,36.0,Z5,A4,R6,30,63.5,64.16,31.09,52,40,A,Z,AZ
ORD00290,1,2026-03-21,Web,Standard,6,SKU021,Grocery,Staples,1,20.3,22.0,34.5,2.72,Fragile,High,90,341.96,32,0.15,4.8,224,275.4,Z7,A5,R3,30,79.0,76.33,38.96,58,21,B,X,BX
ORD00290,2,2026-03-21,Web,Standard,6,SKU069,Grocery,Cooking,1,24.1,16.6,29.5,5.23,Ambient,Low,180,231.11,8,0.44,3.52,56,46.4,Z7,A3,R4,40,72.5,63.74,28.58,36,23,C,Y,CY
ORD00290,3,2026-03-21,Web,Standard,6,SKU060,Grocery,Staples,1,27.8,22.6,8.5,1.41,Frozen,Low,30,545.73,4,0.89,3.56,28,25.4,Z1,A2,R6,30,23.5,20.85,16.22,12,10,C,Z,CZ
ORD00290,4,2026-03-21,Web,Standard,6,SKU120,Grocery,Staples,1,18.2,17.1,12.1,4.89,Ambient,Medium,90,1756.29,6,0.43,2.58,42,32.4,Z6,A2,R3,30,59.0,71.39,24.25,12,9,B,Y,BY
ORD00290,5,2026-03-21,Web,Standard,6,SKU020,Grocery,Staples,1,30.8,10.6,33.6,3.74,Ambient,Low,30,1196.56,11,0.51,5.61,77,70.8,Z8,A4,R3,30,83.0,94.85,30.86,37,19,A,Z,AZ
ORD00290,6,2026-03-21,Web,Standard,6,SKU078,Grocery,Breakfast,2,7.9,15.7,28.3,3.06,Ambient,Low,30,190.48,4,0.61,2.44,28,21.1,Z4,A1,R6,30,43.5,50.34,18.71,12,9,C,Z,CZ
ORD00291,1,2026-01-26,App,Express,3,SKU012,Health & Wellness,Wellness,1,20.2,26.3,7.4,0.64,Ambient,Medium,365,1080.27,7,0.27,1.89,49,51.0,Z2,A2,R1,40,24.0,29.88,15.3,21,13,B,Y,BY
ORD00291,2,2026-01-26,App,Express,3,SKU080,Health & Wellness,Wellness,3,22.3,10.3,28.0,1.87,HighValue,Medium,90,228.92,17,0.23,3.91,119,101.5,Z7,A4,R1,40,72.0,84.49,27.87,25,11,C,X,CX
ORD00291,3,2026-01-26,App,Express,3,SKU110,Health & Wellness,Vitamins,2,33.4,6.9,27.3,2.97,Ambient,Low,365,1228.61,6,0.89,5.34,42,39.5,Z1,A5,R5,50,34.0,31.8,26.55,15,13,B,Z,BZ
ORD00292,1,2026-01-28,Web,Standard,5,SKU116,Health & Wellness,Wellness,1,25.4,13.6,35.7,6.26,Ambient,Low,30,1500.72,14,0.25,3.5,98,96.5,Z7,A4,R3,30,75.0,90.6,32.75,40,18,A,X,AX
ORD00292,2,2026-01-28,Web,Standard,5,SKU094,Health & Wellness,Wellness,1,7.4,21.6,37.1,2.55,Ambient,Medium,30,574.51,7,0.48,3.36,49,44.5,Z5,A3,R1,40,52.0,50.38,25.23,19,14,C,Y,CY
ORD00292,3,2026-01-28,Web,Standard,5,SKU067,Health & Wellness,Vitamins,1,19.0,6.9,31.4,1.88,Ambient,Medium,365,674.25,10,0.49,4.9,70,79.4,Z1,A4,R1,40,24.0,25.02,22.67,28,20,B,Y,BY
ORD00292,4,2026-01-28,Web,Standard,5,SKU076,Health & Wellness,Vitamins,1,19.7,27.7,7.6,0.74,Ambient,Medium,365,1289.07,4,0.74,2.96,28,25.5,Z2,A1,R3,30,23.0,28.43,14.15,11,10,C,Z,CZ
ORD00292,5,2026-01-28,Web,Standard,5,SKU015,Health & Wellness,Wellness,2,29.5,12.5,28.2,7.52,HighValue,Low,30,1342.79,21,0.16,3.36,147,115.5,Z8,A1,R5,50,74.0,79.78,28.13,78,32,A,X,AX
ORD00293,1,2026-01-02,App,Standard,4,SKU111,Grocery,Snacks,3,15.9,28.7,6.1,1.31,Ambient,Low,30,1043.71,25,0.28,7.0,175,173.5,Z8,A2,R2,50,73.5,90.21,27.44,52,19,A,Y,AY
ORD00293,2,2026-01-02,App,Standard,4,SKU107,Grocery,Breakfast,4,6.1,21.2,15.0,6.91,Fragile,Medium,90,245.94,41,0.17,6.97,287,259.0,Z8,A5,R4,40,88.5,97.84,42.08,61,19,C,X,CX
ORD00293,3,2026-01-02,App,Standard,4,SKU025,Grocery,Snacks,3,23.2,13.1,20.5,5.44,Ambient,High,730,326.2,37,0.22,8.14,259,193.4,Z6,A4,R1,40,64.0,73.49,31.91,80,27,B,X,BX
ORD00293,4,2026-01-02,App,Standard,4,SKU057,Grocery,Breakfast,1,16.4,29.7,32.7,5.25,Ambient,Low,365,614.29,6,0.86,5.16,42,31.7,Z7,A2,R1,40,64.0,74.22,25.75,30,24,B,Z,BZ
ORD00294,1,2026-03-18,App,Standard,3,SKU044,Pet Care,Cat Food,2,22.2,16.7,20.4,1.56,Ambient,Medium,30,736.26,14,0.33,4.62,98,72.6,Z7,A3,R5,50,74.0,78.96,28.06,79,32,A,Y,AY
ORD00294,2,2026-03-18,App,Standard,3,SKU070,Household,Laundry,3,33.5,22.4,23.9,4.74,Ambient,Medium,180,1117.78,38,0.16,6.08,266,323.6,Z6,A5,R5,50,74.0,66.26,39.54,89,29,A,X,AX
ORD00294,3,2026-03-18,App,Standard,3,SKU087,Health & Wellness,Vitamins,1,15.9,15.9,8.7,3.54,Ambient,Medium,60,616.2,7,0.74,5.18,49,38.8,Z1,A2,R5,50,22.0,20.26,16.48,29,22,B,Z,BZ
ORD00295,1,2026-03-18,App,Standard,2,SKU055,Personal Care,Skin Care,2,28.7,15.4,37.7,4.11,Ambient,Low,365,1054.36,14,0.21,2.94,98,104.2,Z8,A4,R1,40,80.0,97.67,34.93,38,17,A,X,AX
ORD00295,2,2026-03-18,App,Standard,2,SKU049,Personal Care,Bath & Body,1,17.1,11.8,23.9,3.56,Ambient,Medium,365,469.4,6,0.55,3.3,42,31.5,Z5,A1,R1,40,44.0,47.63,17.53,44,39,B,Z,BZ
ORD00296,1,2026-01-05,App,Express,4,SKU106,Grocery,Snacks,2,19.4,9.6,9.7,5.76,Ambient,Low,60,1597.28,12,0.54,6.48,84,73.4,Z5,A5,R1,40,60.0,73.55,30.07,27,16,A,Z,AZ
ORD00296,2,2026-01-05,App,Express,4,SKU108,Pet Care,Pet Hygiene,2,16.6,29.3,22.4,4.03,Ambient,Medium,730,778.49,12,0.52,6.24,84,78.7,Z4,A1,R5,50,42.0,40.2,17.24,32,20,B,Z,BZ
ORD00296,3,2026-01-05,App,Express,4,SKU049,Personal Care,Bath & Body,1,17.1,11.8,23.9,3.56,Ambient,Medium,365,469.4,6,0.55,3.3,42,31.5,Z5,A1,R1,40,44.0,53.29,16.17,44,39,B,Z,BZ
ORD00296,4,2026-01-05,App,Express,4,SKU019,Health & Wellness,OTC,3,29.3,27.0,5.9,5.92,HighValue,High,730,1558.71,7,0.54,3.78,49,56.1,Z4,A3,R6,30,51.5,43.86,25.74,41,25,A,Z,AZ
ORD00297,1,2026-02-23,Web,Express,1,SKU003,Household,Cleaning,1,31.1,12.5,27.4,4.91,Ambient,Medium,365,1655.33,5,0.86,4.3,35,36.0,Z5,A4,R6,30,63.5,58.87,30.01,52,40,A,Z,AZ
ORD00298,1,2026-03-24,App,Standard,3,SKU009,Grocery,Snacks,1,31.2,6.9,33.3,6.86,Ambient,Medium,30,1744.97,3,0.63,1.89,21,25.4,Z3,A2,R3,30,35.0,41.55,21.73,13,10,B,Z,BZ
ORD00298,2,2026-03-24,App,Standard,3,SKU107,Grocery,Breakfast,3,6.1,21.2,15.0,6.91,Fragile,Medium,90,245.94,41,0.17,6.97,287,259.0,Z8,A5,R4,40,88.5,94.8,40.77,61,19,C,X,CX
ORD00298,3,2026-03-24,App,Standard,3,SKU081,Grocery,Breakfast,2,28.0,20.5,28.6,4.5,Ambient,Medium,30,345.24,7,0.68,4.76,49,53.2,Z5,A4,R5,50,62.0,55.01,28.6,14,10,C,Z,CZ
ORD00299,1,2026-02-25,App,Express,1,SKU096,Health & Wellness,Vitamins,2,9.1,6.9,34.6,0.9,Ambient,Low,90,1580.6,8,0.32,2.56,56,58.2,Z6,A2,R1,40,56.0,62.22,18.47,13,7,B,Y,BY
ORD00300,1,2026-01-29,Web,Standard,3,SKU066,Dairy & Chilled,Dairy,5,21.2,29.3,23.6,7.32,Chilled,Medium,90,1647.44,30,0.12,3.6,210,256.1,Z5,A5,R4,40,64.5,78.75,36.91,52,17,A,X,AX
ORD00300,2,2026-01-29,Web,Standard,3,SKU065,Dairy & Chilled,Dairy,1,23.8,6.0,32.6,0.36,Chilled,Low,60,184.99,23,0.18,4.14,161,138.8,Z7,A2,R6,30,71.5,68.27,23.03,54,25,C,X,CX
ORD00300,3,2026-01-29,Web,Standard,3,SKU079,Dairy & Chilled,Dairy,1,33.7,19.0,28.5,3.35,Chilled,High,180,1565.86,5,0.43,2.15,35,38.4,Z7,A4,R6,30,79.5,94.43,30.51,18,16,B,Y,BY
ORD00301,1,2026-01-27,App,Standard,3,SKU061,Grocery,Cooking,3,28.8,9.2,7.8,6.98,Ambient,High,60,437.13,11,0.42,4.62,77,80.9,Z4,A3,R1,40,44.0,48.51,25.54,33,20,C,Y,CY
ORD00301,2,2026-01-27,App,Standard,3,SKU109,Health & Wellness,OTC,2,8.1,13.2,15.3,3.62,Ambient,Low,730,1569.32,5,0.55,2.75,35,31.3,Z3,A5,R1,40,44.0,43.43,26.67,22,19,A,Z,AZ
ORD00301,3,2026-01-27,App,Standard,3,SKU095,Baby Care,Diapers,2,33.4,29.9,36.9,0.84,Ambient,Low,90,344.97,23,0.29,6.67,161,131.7,Z6,A1,R2,50,53.5,58.31,21.8,43,20,C,Y,CY
ORD00302,1,2026-01-01,Web,Standard,2,SKU090,Grocery,Breakfast,1,23.9,24.9,25.7,2.88,Ambient,Low,90,1501.26,6,0.39,2.34,42,31.2,Z7,A1,R3,30,63.0,55.65,19.84,36,19,A,Y,AY
ORD00302,2,2026-01-01,Web,Standard,2,SKU088,Household,Cleaning,2,32.2,13.7,30.5,6.57,Ambient,Low,60,332.96,13,0.4,5.2,91,71.4,Z1,A2,R4,40,20.5,19.67,17.2,63,34,B,Y,BY
ORD00303,1,2026-01-26,App,Standard,6,SKU044,Pet Care,Cat Food,1,22.2,16.7,20.4,1.56,Ambient,Medium,30,736.26,14,0.33,4.62,98,72.6,Z7,A3,R5,50,74.0,75.73,29.36,79,32,A,Y,AY
ORD00303,2,2026-01-26,App,Standard,6,SKU069,Grocery,Cooking,1,24.1,16.6,29.5,5.23,Ambient,Low,180,231.11,8,0.44,3.52,56,46.4,Z7,A3,R4,40,72.5,69.5,29.27,36,23,C,Y,CY
ORD00303,3,2026-01-26,App,Standard,6,SKU070,Household,Laundry,2,33.5,22.4,23.9,4.74,Ambient,Medium,180,1117.78,38,0.16,6.08,266,323.6,Z6,A5,R5,50,74.0,74.24,37.24,89,29,A,X,AX
ORD00303,4,2026-01-26,App,Standard,6,SKU087,Health & Wellness,Vitamins,1,15.9,15.9,8.7,3.54,Ambient,Medium,60,616.2,7,0.74,5.18,49,38.8,Z1,A2,R5,50,22.0,26.6,16.22,29,22,B,Z,BZ
ORD00303,5,2026-01-26,App,Standard,6,SKU037,Pet Care,Pet Hygiene,2,22.0,6.0,23.6,5.33,Ambient,Low,180,1484.64,6,0.49,2.94,42,31.8,Z5,A2,R4,40,52.5,63.3,22.46,11,8,C,Y,CY
ORD00303,6,2026-01-26,App,Standard,6,SKU058,Pet Care,Dog Food,3,5.5,8.6,35.5,7.76,Ambient,Low,365,1254.55,13,0.52,6.76,91,96.2,Z4,A1,R4,40,40.5,41.06,18.44,14,7,B,Z,BZ
ORD00304,1,2026-03-19,App,Standard,5,SKU074,Dairy & Chilled,Dairy,2,28.7,10.9,16.3,1.48,Chilled,Low,730,772.2,15,0.16,2.4,105,80.1,Z6,A3,R3,30,63.0,56.63,27.48,53,23,A,X,AX
ORD00304,2,2026-03-19,App,Standard,5,SKU088,Household,Cleaning,1,32.2,13.7,30.5,6.57,Ambient,Low,60,332.96,13,0.4,5.2,91,71.4,Z1,A2,R4,40,20.5,20.12,16.8,63,34,B,Y,BY
ORD00304,3,2026-03-19,App,Standard,5,SKU032,Grocery,Snacks,1,5.9,13.4,28.8,3.29,Ambient,Low,365,973.07,9,0.38,3.42,63,75.5,Z5,A2,R2,50,49.5,59.87,21.93,47,27,A,Y,AY
ORD00304,4,2026-03-19,App,Standard,5,SKU005,Grocery,Breakfast,1,20.8,20.2,38.8,7.44,Ambient,Medium,180,1791.39,5,0.48,2.4,35,37.0,Z3,A4,R4,40,44.5,48.54,27.77,23,19,A,Y,AY
ORD00304,5,2026-03-19,App,Standard,5,SKU090,Grocery,Breakfast,2,23.9,24.9,25.7,2.88,Ambient,Low,90,1501.26,6,0.39,2.34,42,31.2,Z7,A1,R3,30,63.0,60.56,19.72,36,19,A,Y,AY
ORD00305,1,2026-03-19,App,Standard,6,SKU101,Personal Care,Hair Care,2,14.6,7.5,30.0,2.75,Ambient,High,180,1260.53,18,0.2,3.6,126,97.8,Z7,A2,R3,30,67.0,57.52,23.96,22,11,B,X,BX
ORD00305,2,2026-03-19,App,Standard,6,SKU008,Personal Care,Bath & Body,1,26.9,21.8,39.4,0.88,Ambient,High,60,365.07,4,0.63,2.52,28,27.9,Z2,A1,R2,50,21.5,23.23,14.04,20,19,C,Z,CZ
ORD00305,3,2026-03-19,App,Standard,6,SKU092,Personal Care,Skin Care,1,29.3,25.9,39.4,0.77,Ambient,Medium,180,955.22,1,0.63,0.63,7,7.2,Z7,A5,R2,50,77.5,69.94,32.84,8,7,C,Z,CZ
ORD00305,4,2026-03-19,App,Standard,6,SKU112,Personal Care,Oral Care,2,5.8,9.7,23.1,7.32,Ambient,Medium,60,1793.55,2,0.88,1.76,14,12.0,Z8,A3,R2,50,77.5,82.41,28.8,36,24,A,Z,AZ
ORD00305,5,2026-03-19,App,Standard,6,SKU055,Personal Care,Skin Care,2,28.7,15.4,37.7,4.11,Ambient,Low,365,1054.36,14,0.21,2.94,98,104.2,Z8,A4,R1,40,80.0,68.52,33.48,38,17,A,X,AX
ORD00305,6,2026-03-19,App,Standard,6,SKU105,Personal Care,Bath & Body,1,5.5,24.7,17.1,5.89,Ambient,Medium,90,261.8,10,0.33,3.3,70,62.6,Z7,A1,R2,50,61.5,62.49,23.02,14,9,C,Y,CY
ORD00306,1,2026-02-08,App,Standard,3,SKU095,Baby Care,Diapers,3,33.4,29.9,36.9,0.84,Ambient,Low,90,344.97,23,0.29,6.67,161,131.7,Z6,A1,R2,50,53.5,48.07,21.71,43,20,C,Y,CY
ORD00306,2,2026-02-08,App,Standard,3,SKU061,Grocery,Cooking,1,28.8,9.2,7.8,6.98,Ambient,High,60,437.13,11,0.42,4.62,77,80.9,Z4,A3,R1,40,44.0,37.92,25.39,33,20,C,Y,CY
ORD00306,3,2026-02-08,App,Standard,3,SKU112,Personal Care,Oral Care,1,5.8,9.7,23.1,7.32,Ambient,Medium,60,1793.55,2,0.88,1.76,14,12.0,Z8,A3,R2,50,77.5,69.13,28.71,36,24,A,Z,AZ
ORD00307,1,2026-02-11,App,Standard,5,SKU086,Grocery,Staples,2,32.6,26.6,25.2,4.63,Ambient,Low,30,1740.0,4,0.41,1.64,28,22.2,Z5,A2,R3,30,51.0,46.82,22.33,16,12,B,Y,BY
ORD00307,2,2026-02-11,App,Standard,5,SKU039,Grocery,Staples,1,12.3,16.6,26.4,3.09,Fragile,High,60,890.4,9,0.51,4.59,63,56.4,Z3,A1,R2,50,29.5,26.57,14.91,22,14,B,Z,BZ
ORD00307,3,2026-02-11,App,Standard,5,SKU030,Grocery,Beverages,2,7.4,8.8,18.4,1.31,Ambient,Low,180,763.0,3,0.85,2.55,21,17.1,Z2,A2,R5,50,30.0,36.15,17.38,12,10,C,Z,CZ
ORD00307,4,2026-02-11,App,Standard,5,SKU020,Grocery,Staples,3,30.8,10.6,33.6,3.74,Ambient,Low,30,1196.56,11,0.51,5.61,77,70.8,Z8,A4,R3,30,83.0,85.38,32.01,37,19,A,Z,AZ
ORD00307,5,2026-02-11,App,Standard,5,SKU068,Grocery,Cooking,1,25.2,21.8,25.5,6.6,Ambient,Low,30,1124.7,14,0.25,3.5,98,119.4,Z8,A1,R3,30,71.0,76.76,25.99,35,16,A,X,AX
ORD00308,1,2026-03-26,App,Standard,3,SKU036,Grocery,Cooking,4,22.3,27.7,18.1,7.54,Ambient,Medium,60,205.87,13,0.34,4.42,91,102.4,Z6,A4,R5,50,70.0,59.87,33.11,36,16,C,Y,CY
ORD00308,2,2026-03-26,App,Standard,3,SKU085,Grocery,Snacks,2,13.7,8.0,22.4,3.5,Ambient,Low,365,1504.2,28,0.21,5.88,196,224.1,Z5,A5,R5,50,66.0,61.06,36.34,65,22,A,X,AX
ORD00308,3,2026-03-26,App,Standard,3,SKU040,Grocery,Beverages,1,13.3,5.3,38.2,0.78,Ambient,Medium,730,870.07,22,0.29,6.38,154,168.1,Z8,A2,R4,40,76.5,83.1,24.28,31,16,B,Y,BY
ORD00309,1,2026-03-09,App,Standard,4,SKU040,Grocery,Beverages,1,13.3,5.3,38.2,0.78,Ambient,Medium,730,870.07,22,0.29,6.38,154,168.1,Z8,A2,R4,40,76.5,86.02,25.03,31,16,B,Y,BY
ORD00309,2,2026-03-09,App,Standard,4,SKU057,Grocery,Breakfast,2,16.4,29.7,32.7,5.25,Ambient,Low,365,614.29,6,0.86,5.16,42,31.7,Z7,A2,R1,40,64.0,57.01,25.33,30,24,B,Z,BZ
ORD00309,3,2026-03-09,App,Standard,4,SKU083,Grocery,Beverages,1,33.2,19.9,35.9,1.33,Ambient,Low,180,1199.94,6,0.56,3.36,42,40.6,Z2,A4,R3,30,35.0,31.29,22.09,13,11,C,Z,CZ
ORD00309,4,2026-03-09,App,Standard,4,SKU025,Grocery,Snacks,1,23.2,13.1,20.5,5.44,Ambient,High,730,326.2,37,0.22,8.14,259,193.4,Z6,A4,R1,40,64.0,61.23,33.39,80,27,B,X,BX
ORD00310,1,2026-03-02,App,Standard,4,SKU056,Pet Care,Cat Food,1,15.0,24.1,18.2,7.47,Ambient,Low,180,439.57,13,0.4,5.2,91,102.5,Z3,A2,R2,50,33.5,40.91,20.65,9,7,C,Y,CY
ORD00310,2,2026-03-02,App,Standard,4,SKU037,Pet Care,Pet Hygiene,1,22.0,6.0,23.6,5.33,Ambient,Low,180,1484.64,6,0.49,2.94,42,31.8,Z5,A2,R4,40,52.5,48.33,21.55,11,8,C,Y,CY
ORD00310,3,2026-03-02,App,Standard,4,SKU007,Pet Care,Dog Food,1,25.1,10.4,9.6,7.49,Ambient,Medium,180,362.98,5,0.52,2.6,35,26.4,Z4,A5,R6,30,59.5,62.92,33.42,7,6,C,Z,CZ
ORD00310,4,2026-03-02,App,Standard,4,SKU059,Pet Care,Pet Hygiene,1,14.5,23.0,31.6,6.99,Fragile,Low,730,1239.81,41,0.16,6.56,287,246.3,Z7,A2,R5,50,70.0,66.47,28.31,67,20,A,X,AX
ORD00311,1,2026-01-15,App,Standard,2,SKU009,Grocery,Snacks,1,31.2,6.9,33.3,6.86,Ambient,Medium,30,1744.97,3,0.63,1.89,21,25.4,Z3,A2,R3,30,35.0,40.02,19.34,13,10,B,Z,BZ
ORD00311,2,2026-01-15,App,Standard,2,SKU017,Grocery,Beverages,2,21.6,15.7,5.3,0.69,Ambient,Medium,90,1058.95,2,0.77,1.54,14,10.9,Z8,A2,R6,30,79.5,74.12,23.99,9,7,C,Z,CZ
ORD00312,1,2026-01-27,App,Standard,3,SKU038,Health & Wellness,Wellness,1,18.1,23.3,38.8,2.23,Ambient,Low,730,1076.64,20,0.29,5.8,140,122.8,Z7,A3,R1,40,68.0,70.18,27.43,56,25,A,Y,AY
ORD00312,2,2026-01-27,App,Standard,3,SKU076,Health & Wellness,Vitamins,2,19.7,27.7,7.6,0.74,Ambient,Medium,365,1289.07,4,0.74,2.96,28,25.5,Z2,A1,R3,30,23.0,23.49,13.73,11,10,C,Z,CZ
ORD00312,3,2026-01-27,App,Standard,3,SKU019,Health & Wellness,OTC,1,29.3,27.0,5.9,5.92,HighValue,High,730,1558.71,7,0.54,3.78,49,56.1,Z4,A3,R6,30,51.5,61.93,28.1,41,25,A,Z,AZ
ORD00313,1,2026-01-22,App,Standard,4,SKU106,Grocery,Snacks,2,19.4,9.6,9.7,5.76,Ambient,Low,60,1597.28,12,0.54,6.48,84,73.4,Z5,A5,R1,40,60.0,69.61,32.91,27,16,A,Z,AZ
ORD00313,2,2026-01-22,App,Standard,4,SKU100,Baby Care,Baby Food,1,9.4,15.9,38.1,1.85,Ambient,Low,30,728.71,20,0.33,6.6,140,126.8,Z7,A4,R2,50,73.5,72.34,32.12,62,29,A,Y,AY
ORD00313,3,2026-01-22,App,Standard,4,SKU108,Pet Care,Pet Hygiene,1,16.6,29.3,22.4,4.03,Ambient,Medium,730,778.49,12,0.52,6.24,84,78.7,Z4,A1,R5,50,42.0,44.87,17.58,32,20,B,Z,BZ
ORD00313,4,2026-01-22,App,Standard,4,SKU049,Personal Care,Bath & Body,1,17.1,11.8,23.9,3.56,Ambient,Medium,365,469.4,6,0.55,3.3,42,31.5,Z5,A1,R1,40,44.0,45.47,16.86,44,39,B,Z,BZ
ORD00314,1,2026-02-15,Web,Standard,3,SKU043,Household,Cleaning,1,15.8,12.6,29.8,1.1,Fragile,Low,90,1262.92,8,0.34,2.72,56,43.1,Z1,A3,R1,40,20.0,21.62,15.88,28,17,A,Y,AY
ORD00314,2,2026-02-15,Web,Standard,3,SKU073,Household,Home Care,2,12.0,24.4,32.6,4.81,Ambient,High,365,469.91,8,0.49,3.92,56,44.6,Z6,A5,R1,40,68.0,63.41,32.73,26,15,C,Y,CY
ORD00314,3,2026-02-15,Web,Standard,3,SKU099,Household,Laundry,1,29.0,8.5,13.8,5.17,Ambient,Low,365,1535.82,7,0.5,3.5,49,42.0,Z8,A1,R6,30,75.5,75.58,25.43,38,24,A,Y,AY
ORD00315,1,2026-01-14,App,Standard,6,SKU108,Pet Care,Pet Hygiene,1,16.6,29.3,22.4,4.03,Ambient,Medium,730,778.49,12,0.52,6.24,84,78.7,Z4,A1,R5,50,42.0,51.96,17.95,32,20,B,Z,BZ
ORD00315,2,2026-01-14,App,Standard,6,SKU100,Baby Care,Baby Food,3,9.4,15.9,38.1,1.85,Ambient,Low,30,728.71,20,0.33,6.6,140,126.8,Z7,A4,R2,50,73.5,90.98,30.31,62,29,A,Y,AY
ORD00315,3,2026-01-14,App,Standard,6,SKU049,Personal Care,Bath & Body,1,17.1,11.8,23.9,3.56,Ambient,Medium,365,469.4,6,0.55,3.3,42,31.5,Z5,A1,R1,40,44.0,45.61,18.37,44,39,B,Z,BZ
ORD00315,4,2026-01-14,App,Standard,6,SKU106,Grocery,Snacks,1,19.4,9.6,9.7,5.76,Ambient,Low,60,1597.28,12,0.54,6.48,84,73.4,Z5,A5,R1,40,60.0,65.97,33.65,27,16,A,Z,AZ
ORD00315,5,2026-01-14,App,Standard,6,SKU091,Pet Care,Dog Food,1,16.5,19.5,38.4,5.94,Fragile,High,365,1182.01,5,0.7,3.5,35,30.7,Z3,A5,R2,50,45.5,43.92,29.23,30,23,A,Z,AZ
ORD00315,6,2026-01-14,App,Standard,6,SKU058,Pet Care,Dog Food,2,5.5,8.6,35.5,7.76,Ambient,Low,365,1254.55,13,0.52,6.76,91,96.2,Z4,A1,R4,40,40.5,35.09,17.61,14,7,B,Z,BZ
ORD00316,1,2026-02-06,App,Express,5,SKU021,Grocery,Staples,2,20.3,22.0,34.5,2.72,Fragile,High,90,341.96,32,0.15,4.8,224,275.4,Z7,A5,R3,30,79.0,80.8,36.67,58,21,B,X,BX
ORD00316,2,2026-02-06,App,Express,5,SKU086,Grocery,Staples,2,32.6,26.6,25.2,4.63,Ambient,Low,30,1740.0,4,0.41,1.64,28,22.2,Z5,A2,R3,30,51.0,44.01,21.26,16,12,B,Y,BY
ORD00316,3,2026-02-06,App,Express,5,SKU005,Grocery,Breakfast,2,20.8,20.2,38.8,7.44,Ambient,Medium,180,1791.39,5,0.48,2.4,35,37.0,Z3,A4,R4,40,44.5,49.9,25.89,23,19,A,Y,AY
ORD00316,4,2026-02-06,App,Express,5,SKU081,Grocery,Breakfast,1,28.0,20.5,28.6,4.5,Ambient,Medium,30,345.24,7,0.68,4.76,49,53.2,Z5,A4,R5,50,62.0,75.12,27.81,14,10,C,Z,CZ
ORD00316,5,2026-02-06,App,Express,5,SKU111,Grocery,Snacks,4,15.9,28.7,6.1,1.31,Ambient,Low,30,1043.71,25,0.28,7.0,175,173.5,Z8,A2,R2,50,73.5,80.03,25.93,52,19,A,Y,AY
ORD00317,1,2026-01-23,App,Standard,4,SKU082,Grocery,Beverages,1,31.1,19.2,19.0,1.22,Ambient,Medium,60,692.75,10,0.25,2.5,70,66.5,Z7,A3,R2,50,69.5,71.22,27.76,13,9,C,X,CX
ORD00317,2,2026-01-23,App,Standard,4,SKU057,Grocery,Breakfast,1,16.4,29.7,32.7,5.25,Ambient,Low,365,614.29,6,0.86,5.16,42,31.7,Z7,A2,R1,40,64.0,62.42,24.86,30,24,B,Z,BZ
ORD00317,3,2026-01-23,App,Standard,4,SKU111,Grocery,Snacks,4,15.9,28.7,6.1,1.31,Ambient,Low,30,1043.71,25,0.28,7.0,175,173.5,Z8,A2,R2,50,73.5,76.25,26.48,52,19,A,Y,AY
ORD00317,4,2026-01-23,App,Standard,4,SKU024,Grocery,Breakfast,1,13.9,8.2,19.7,7.53,Ambient,Medium,90,745.78,3,0.6,1.8,21,24.3,Z8,A5,R6,30,91.5,92.79,37.88,13,11,C,Z,CZ
ORD00318,1,2026-01-04,App,Standard,6,SKU003,Household,Cleaning,1,31.1,12.5,27.4,4.91,Ambient,Medium,365,1655.33,5,0.86,4.3,35,36.0,Z5,A4,R6,30,63.5,76.2,30.91,52,40,A,Z,AZ
ORD00318,2,2026-01-04,App,Standard,6,SKU015,Health & Wellness,Wellness,2,29.5,12.5,28.2,7.52,HighValue,Low,30,1342.79,21,0.16,3.36,147,115.5,Z8,A1,R5,50,74.0,64.52,25.12,78,32,A,X,AX
ORD00318,3,2026-01-04,App,Standard,6,SKU025,Grocery,Snacks,4,23.2,13.1,20.5,5.44,Ambient,High,730,326.2,37,0.22,8.14,259,193.4,Z6,A4,R1,40,64.0,62.94,34.05,80,27,B,X,BX
ORD00318,4,2026-01-04,App,Standard,6,SKU057,Grocery,Breakfast,1,16.4,29.7,32.7,5.25,Ambient,Low,365,614.29,6,0.86,5.16,42,31.7,Z7,A2,R1,40,64.0,66.73,24.33,30,24,B,Z,BZ
ORD00318,5,2026-01-04,App,Standard,6,SKU041,Personal Care,Hair Care,1,17.1,11.1,28.2,3.02,Ambient,High,365,612.15,6,0.34,2.04,42,45.6,Z5,A5,R6,30,67.5,77.37,30.17,43,26,B,Y,BY
ORD00318,6,2026-01-04,App,Standard,6,SKU099,Household,Laundry,2,29.0,8.5,13.8,5.17,Ambient,Low,365,1535.82,7,0.5,3.5,49,42.0,Z8,A1,R6,30,75.5,65.78,24.79,38,24,A,Y,AY
ORD00319,1,2026-01-27,App,Standard,4,SKU067,Health & Wellness,Vitamins,1,19.0,6.9,31.4,1.88,Ambient,Medium,365,674.25,10,0.49,4.9,70,79.4,Z1,A4,R1,40,24.0,28.85,19.91,28,20,B,Y,BY
ORD00319,2,2026-01-27,App,Standard,4,SKU008,Personal Care,Bath & Body,1,26.9,21.8,39.4,0.88,Ambient,High,60,365.07,4,0.63,2.52,28,27.9,Z2,A1,R2,50,21.5,19.17,12.16,20,19,C,Z,CZ
ORD00319,3,2026-01-27,App,Standard,4,SKU091,Pet Care,Dog Food,1,16.5,19.5,38.4,5.94,Fragile,High,365,1182.01,5,0.7,3.5,35,30.7,Z3,A5,R2,50,45.5,45.79,29.94,30,23,A,Z,AZ
ORD00319,4,2026-01-27,App,Standard,4,SKU027,Personal Care,Skin Care,3,12.3,21.4,5.2,6.03,Ambient,Low,60,1452.29,11,0.4,4.4,77,83.4,Z3,A4,R3,30,43.0,44.87,26.16,25,13,A,Y,AY
ORD00320,1,2026-01-24,App,Standard,5,SKU104,Personal Care,Oral Care,3,10.6,21.7,23.3,2.95,Ambient,Medium,365,1008.62,31,0.19,5.89,217,198.5,Z7,A1,R6,30,67.5,75.4,23.03,50,18,A,X,AX
ORD00320,2,2026-01-24,App,Standard,5,SKU112,Personal Care,Oral Care,2,5.8,9.7,23.1,7.32,Ambient,Medium,60,1793.55,2,0.88,1.76,14,12.0,Z8,A3,R2,50,77.5,86.57,30.4,36,24,A,Z,AZ
ORD00320,3,2026-01-24,App,Standard,5,SKU041,Personal Care,Hair Care,1,17.1,11.1,28.2,3.02,Ambient,High,365,612.15,6,0.34,2.04,42,45.6,Z5,A5,R6,30,67.5,60.27,32.4,43,26,B,Y,BY
ORD00320,4,2026-01-24,App,Standard,5,SKU093,Personal Care,Oral Care,1,15.2,19.9,32.6,5.21,Ambient,Medium,90,472.29,4,0.6,2.4,28,32.7,Z5,A1,R2,50,45.5,39.18,18.81,11,10,C,Z,CZ
ORD00320,5,2026-01-24,App,Standard,5,SKU013,Personal Care,Oral Care,1,26.5,11.0,18.9,5.41,Ambient,Medium,30,41.53,3,0.5,1.5,21,21.9,Z1,A5,R1,40,28.0,23.92,26.88,10,8,C,Y,CY
ORD00321,1,2026-02-08,App,Standard,1,SKU075,Grocery,Breakfast,2,8.3,17.6,38.1,0.44,Ambient,Medium,180,1166.93,10,0.4,4.0,70,50.2,Z2,A1,R1,40,20.0,18.69,13.12,20,14,B,Y,BY
ORD00322,1,2026-03-09,App,Express,3,SKU012,Health & Wellness,Wellness,3,20.2,26.3,7.4,0.64,Ambient,Medium,365,1080.27,7,0.27,1.89,49,51.0,Z2,A2,R1,40,24.0,29.64,15.0,21,13,B,Y,BY
ORD00322,2,2026-03-09,App,Express,3,SKU050,Health & Wellness,Wellness,1,35.0,21.8,14.4,0.42,Ambient,High,60,1794.58,5,0.88,4.4,35,32.9,Z3,A3,R2,50,37.5,42.5,18.77,22,20,A,Z,AZ
ORD00322,3,2026-03-09,App,Express,3,SKU087,Health & Wellness,Vitamins,1,15.9,15.9,8.7,3.54,Ambient,Medium,60,616.2,7,0.74,5.18,49,38.8,Z1,A2,R5,50,22.0,20.98,16.46,29,22,B,Z,BZ
ORD00323,1,2026-03-31,App,Express,3,SKU116,Health & Wellness,Wellness,3,25.4,13.6,35.7,6.26,Ambient,Low,30,1500.72,14,0.25,3.5,98,96.5,Z7,A4,R3,30,75.0,88.01,34.29,40,18,A,X,AX
ORD00323,2,2026-03-31,App,Express,3,SKU080,Health & Wellness,Wellness,3,22.3,10.3,28.0,1.87,HighValue,Medium,90,228.92,17,0.23,3.91,119,101.5,Z7,A4,R1,40,72.0,87.11,28.48,25,11,C,X,CX
ORD00323,3,2026-03-31,App,Express,3,SKU087,Health & Wellness,Vitamins,1,15.9,15.9,8.7,3.54,Ambient,Medium,60,616.2,7,0.74,5.18,49,38.8,Z1,A2,R5,50,22.0,25.35,17.28,29,22,B,Z,BZ
ORD00324,1,2026-02-23,App,Express,6,SKU011,Dairy & Chilled,Ready-to-Eat,1,13.9,29.2,25.3,4.38,Chilled,Medium,30,114.0,12,0.3,3.6,84,80.8,Z3,A1,R4,40,32.5,33.31,14.91,16,12,C,Y,CY
ORD00324,2,2026-02-23,App,Express,6,SKU074,Dairy & Chilled,Dairy,1,28.7,10.9,16.3,1.48,Chilled,Low,730,772.2,15,0.16,2.4,105,80.1,Z6,A3,R3,30,63.0,57.63,24.14,53,23,A,X,AX
ORD00324,3,2026-02-23,App,Express,6,SKU065,Dairy & Chilled,Dairy,3,23.8,6.0,32.6,0.36,Chilled,Low,60,184.99,23,0.18,4.14,161,138.8,Z7,A2,R6,30,71.5,66.27,24.17,54,25,C,X,CX
ORD00324,4,2026-02-23,App,Express,6,SKU066,Dairy & Chilled,Dairy,3,21.2,29.3,23.6,7.32,Chilled,Medium,90,1647.44,30,0.12,3.6,210,256.1,Z5,A5,R4,40,64.5,72.08,36.82,52,17,A,X,AX
ORD00324,5,2026-02-23,App,Express,6,SKU084,Personal Care,Oral Care,1,8.4,15.7,14.9,5.46,Ambient,Low,180,1772.39,16,0.3,4.8,112,81.8,Z5,A5,R3,30,63.0,76.06,33.5,28,13,A,Y,AY
ORD00324,6,2026-02-23,App,Express,6,SKU047,Household,Cleaning,2,25.7,16.7,6.1,2.38,Ambient,Low,60,1664.94,13,0.24,3.12,91,103.1,Z4,A5,R3,30,55.0,58.77,29.45,42,20,A,X,AX
ORD00325,1,2026-01-10,App,Standard,3,SKU082,Grocery,Beverages,1,31.1,19.2,19.0,1.22,Ambient,Medium,60,692.75,10,0.25,2.5,70,66.5,Z7,A3,R2,50,69.5,61.05,26.01,13,9,C,X,CX
ORD00325,2,2026-01-10,App,Standard,3,SKU098,Grocery,Breakfast,1,14.3,25.2,21.4,6.7,Ambient,High,180,1390.75,8,0.41,3.28,56,63.2,Z7,A2,R4,40,68.5,66.4,27.43,17,8,B,Y,BY
ORD00325,3,2026-01-10,App,Standard,3,SKU086,Grocery,Staples,1,32.6,26.6,25.2,4.63,Ambient,Low,30,1740.0,4,0.41,1.64,28,22.2,Z5,A2,R3,30,51.0,55.62,22.19,16,12,B,Y,BY
ORD00326,1,2026-02-12,App,Standard,1,SKU104,Personal Care,Oral Care,4,10.6,21.7,23.3,2.95,Ambient,Medium,365,1008.62,31,0.19,5.89,217,198.5,Z7,A1,R6,30,67.5,70.88,25.27,50,18,A,X,AX
ORD00327,1,2026-02-21,App,Standard,4,SKU066,Dairy & Chilled,Dairy,3,21.2,29.3,23.6,7.32,Chilled,Medium,90,1647.44,30,0.12,3.6,210,256.1,Z5,A5,R4,40,64.5,78.67,39.09,52,17,A,X,AX
ORD00327,2,2026-02-21,App,Standard,4,SKU011,Dairy & Chilled,Ready-to-Eat,2,13.9,29.2,25.3,4.38,Chilled,Medium,30,114.0,12,0.3,3.6,84,80.8,Z3,A1,R4,40,32.5,30.69,17.92,16,12,C,Y,CY
ORD00327,3,2026-02-21,App,Standard,4,SKU079,Dairy & Chilled,Dairy,1,33.7,19.0,28.5,3.35,Chilled,High,180,1565.86,5,0.43,2.15,35,38.4,Z7,A4,R6,30,79.5,96.33,33.56,18,16,B,Y,BY
ORD00327,4,2026-02-21,App,Standard,4,SKU065,Dairy & Chilled,Dairy,3,23.8,6.0,32.6,0.36,Chilled,Low,60,184.99,23,0.18,4.14,161,138.8,Z7,A2,R6,30,71.5,61.79,25.22,54,25,C,X,CX
ORD00328,1,2026-01-10,Web,Express,6,SKU070,Household,Laundry,1,33.5,22.4,23.9,4.74,Ambient,Medium,180,1117.78,38,0.16,6.08,266,323.6,Z6,A5,R5,50,74.0,85.8,35.14,89,29,A,X,AX
ORD00328,2,2026-01-10,Web,Express,6,SKU069,Grocery,Cooking,2,24.1,16.6,29.5,5.23,Ambient,Low,180,231.11,8,0.44,3.52,56,46.4,Z7,A3,R4,40,72.5,86.57,27.62,36,23,C,Y,CY
ORD00328,3,2026-01-10,Web,Express,6,SKU044,Pet Care,Cat Food,3,22.2,16.7,20.4,1.56,Ambient,Medium,30,736.26,14,0.33,4.62,98,72.6,Z7,A3,R5,50,74.0,79.25,28.0,79,32,A,Y,AY
ORD00328,4,2026-01-10,Web,Express,6,SKU046,Pet Care,Cat Food,1,14.2,20.5,26.3,5.95,Ambient,Low,730,169.11,14,0.55,7.7,98,81.5,Z6,A1,R3,30,55.0,62.05,20.95,34,22,C,Z,CZ
ORD00328,5,2026-01-10,Web,Express,6,SKU087,Health & Wellness,Vitamins,1,15.9,15.9,8.7,3.54,Ambient,Medium,60,616.2,7,0.74,5.18,49,38.8,Z1,A2,R5,50,22.0,19.91,15.65,29,22,B,Z,BZ
ORD00328,6,2026-01-10,Web,Express,6,SKU077,Household,Laundry,1,17.9,24.8,9.0,5.27,Ambient,High,180,826.51,4,0.65,2.6,28,23.1,Z4,A2,R5,50,46.0,57.18,22.31,16,13,C,Z,CZ
ORD00329,1,2026-02-17,Web,Standard,3,SKU044,Pet Care,Cat Food,1,22.2,16.7,20.4,1.56,Ambient,Medium,30,736.26,14,0.33,4.62,98,72.6,Z7,A3,R5,50,74.0,86.95,29.35,79,32,A,Y,AY
ORD00329,2,2026-02-17,Web,Standard,3,SKU069,Grocery,Cooking,1,24.1,16.6,29.5,5.23,Ambient,Low,180,231.11,8,0.44,3.52,56,46.4,Z7,A3,R4,40,72.5,66.86,27.62,36,23,C,Y,CY
ORD00329,3,2026-02-17,Web,Standard,3,SKU046,Pet Care,Cat Food,1,14.2,20.5,26.3,5.95,Ambient,Low,730,169.11,14,0.55,7.7,98,81.5,Z6,A1,R3,30,55.0,61.16,20.53,34,22,C,Z,CZ
ORD00330,1,2026-02-01,App,Express,7,SKU021,Grocery,Staples,5,20.3,22.0,34.5,2.72,Fragile,High,90,341.96,32,0.15,4.8,224,275.4,Z7,A5,R3,30,79.0,84.26,35.22,58,21,B,X,BX
ORD00330,2,2026-02-01,App,Express,7,SKU075,Grocery,Breakfast,1,8.3,17.6,38.1,0.44,Ambient,Medium,180,1166.93,10,0.4,4.0,70,50.2,Z2,A1,R1,40,20.0,20.29,10.74,20,14,B,Y,BY
ORD00330,3,2026-02-01,App,Express,7,SKU085,Grocery,Snacks,5,13.7,8.0,22.4,3.5,Ambient,Low,365,1504.2,28,0.21,5.88,196,224.1,Z5,A5,R5,50,66.0,58.17,33.43,65,22,A,X,AX
ORD00330,4,2026-02-01,App,Express,7,SKU107,Grocery,Breakfast,5,6.1,21.2,15.0,6.91,Fragile,Medium,90,245.94,41,0.17,6.97,287,259.0,Z8,A5,R4,40,88.5,93.67,40.74,61,19,C,X,CX
ORD00330,5,2026-02-01,App,Express,7,SKU052,Grocery,Staples,2,29.7,5.0,35.4,3.75,Ambient,Medium,180,1135.1,36,0.23,8.28,252,281.7,Z8,A5,R5,50,90.0,80.92,38.11,56,20,A,X,AX
ORD00330,6,2026-02-01,App,Express,7,SKU039,Grocery,Staples,2,12.3,16.6,26.4,3.09,Fragile,High,60,890.4,9,0.51,4.59,63,56.4,Z3,A1,R2,50,29.5,25.5,15.31,22,14,B,Z,BZ
ORD00330,7,2026-02-01,App,Express,7,SKU086,Grocery,Staples,1,32.6,26.6,25.2,4.63,Ambient,Low,30,1740.0,4,0.41,1.64,28,22.2,Z5,A2,R3,30,51.0,58.94,21.78,16,12,B,Y,BY
ORD00331,1,2026-01-15,App,Express,1,SKU104,Personal Care,Oral Care,1,10.6,21.7,23.3,2.95,Ambient,Medium,365,1008.62,31,0.19,5.89,217,198.5,Z7,A1,R6,30,67.5,69.36,22.17,50,18,A,X,AX
ORD00332,1,2026-01-29,Web,Standard,2,SKU026,Household,Home Care,2,29.6,23.8,28.5,1.87,Frozen,Low,180,1110.01,43,0.15,6.45,301,337.9,Z6,A1,R6,30,59.5,55.73,23.3,80,26,A,X,AX
ORD00332,2,2026-01-29,Web,Standard,2,SKU003,Household,Cleaning,1,31.1,12.5,27.4,4.91,Ambient,Medium,365,1655.33,5,0.86,4.3,35,36.0,Z5,A4,R6,30,63.5,69.76,30.62,52,40,A,Z,AZ
ORD00333,1,2026-02-24,App,Express,5,SKU114,Household,Laundry,4,26.4,28.2,27.3,6.37,Ambient,Low,60,445.21,17,0.32,5.44,119,115.6,Z8,A4,R6,30,87.5,106.14,34.47,38,15,B,Y,BY
ORD00333,2,2026-02-24,App,Express,5,SKU097,Household,Cleaning,1,25.8,20.6,36.6,5.8,Fragile,Low,730,446.62,2,0.49,0.98,14,13.2,Z2,A2,R6,30,31.5,30.23,19.69,17,13,C,Y,CY
ORD00333,3,2026-02-24,App,Express,5,SKU003,Household,Cleaning,2,31.1,12.5,27.4,4.91,Ambient,Medium,365,1655.33,5,0.86,4.3,35,36.0,Z5,A4,R6,30,63.5,61.49,29.3,52,40,A,Z,AZ
ORD00333,4,2026-02-24,App,Express,5,SKU118,Household,Home Care,3,33.2,8.9,28.1,5.79,Ambient,Medium,30,169.17,44,0.13,5.72,308,376.3,Z8,A3,R3,30,79.0,75.82,30.34,71,23,C,X,CX
ORD00333,5,2026-02-24,App,Express,5,SKU014,Household,Cleaning,1,20.2,8.3,17.2,0.64,Ambient,Low,365,1273.78,14,0.26,3.64,98,101.6,Z8,A5,R2,50,85.5,95.01,32.59,35,16,A,Y,AY
ORD00334,1,2026-03-19,Web,Standard,1,SKU039,Grocery,Staples,1,12.3,16.6,26.4,3.09,Fragile,High,60,890.4,9,0.51,4.59,63,56.4,Z3,A1,R2,50,29.5,27.65,16.25,22,14,B,Z,BZ
ORD00335,1,2026-01-08,App,Standard,4,SKU014,Household,Cleaning,2,20.2,8.3,17.2,0.64,Ambient,Low,365,1273.78,14,0.26,3.64,98,101.6,Z8,A5,R2,50,85.5,76.59,33.64,35,16,A,Y,AY
ORD00335,2,2026-01-08,App,Standard,4,SKU118,Household,Home Care,1,33.2,8.9,28.1,5.79,Ambient,Medium,30,169.17,44,0.13,5.72,308,376.3,Z8,A3,R3,30,79.0,94.34,34.27,71,23,C,X,CX
ORD00335,3,2026-01-08,App,Standard,4,SKU077,Household,Laundry,1,17.9,24.8,9.0,5.27,Ambient,High,180,826.51,4,0.65,2.6,28,23.1,Z4,A2,R5,50,46.0,52.3,20.41,16,13,C,Z,CZ
ORD00335,4,2026-01-08,App,Standard,4,SKU047,Household,Cleaning,1,25.7,16.7,6.1,2.38,Ambient,Low,60,1664.94,13,0.24,3.12,91,103.1,Z4,A5,R3,30,55.0,52.45,32.08,42,20,A,X,AX
ORD00336,1,2026-02-02,App,Standard,1,SKU105,Personal Care,Bath & Body,1,5.5,24.7,17.1,5.89,Ambient,Medium,90,261.8,10,0.33,3.3,70,62.6,Z7,A1,R2,50,61.5,61.41,21.25,14,9,C,Y,CY
ORD00337,1,2026-03-29,App,Standard,3,SKU074,Dairy & Chilled,Dairy,4,28.7,10.9,16.3,1.48,Chilled,Low,730,772.2,15,0.16,2.4,105,80.1,Z6,A3,R3,30,63.0,57.59,26.93,53,23,A,X,AX
ORD00337,2,2026-03-29,App,Standard,3,SKU088,Household,Cleaning,1,32.2,13.7,30.5,6.57,Ambient,Low,60,332.96,13,0.4,5.2,91,71.4,Z1,A2,R4,40,20.5,24.9,20.01,63,34,B,Y,BY
ORD00337,3,2026-03-29,App,Standard,3,SKU032,Grocery,Snacks,1,5.9,13.4,28.8,3.29,Ambient,Low,365,973.07,9,0.38,3.42,63,75.5,Z5,A2,R2,50,49.5,58.07,21.27,47,27,A,Y,AY
ORD00338,1,2026-03-07,App,Standard,4,SKU090,Grocery,Breakfast,3,23.9,24.9,25.7,2.88,Ambient,Low,90,1501.26,6,0.39,2.34,42,31.2,Z7,A1,R3,30,63.0,68.85,22.15,36,19,A,Y,AY
ORD00338,2,2026-03-07,App,Standard,4,SKU074,Dairy & Chilled,Dairy,3,28.7,10.9,16.3,1.48,Chilled,Low,730,772.2,15,0.16,2.4,105,80.1,Z6,A3,R3,30,63.0,61.54,26.57,53,23,A,X,AX
ORD00338,3,2026-03-07,App,Standard,4,SKU061,Grocery,Cooking,1,28.8,9.2,7.8,6.98,Ambient,High,60,437.13,11,0.42,4.62,77,80.9,Z4,A3,R1,40,44.0,53.43,25.24,33,20,C,Y,CY
ORD00338,4,2026-03-07,App,Standard,4,SKU036,Grocery,Cooking,2,22.3,27.7,18.1,7.54,Ambient,Medium,60,205.87,13,0.34,4.42,91,102.4,Z6,A4,R5,50,70.0,86.87,35.7,36,16,C,Y,CY
ORD00339,1,2026-01-30,App,Standard,3,SKU093,Personal Care,Oral Care,1,15.2,19.9,32.6,5.21,Ambient,Medium,90,472.29,4,0.6,2.4,28,32.7,Z5,A1,R2,50,45.5,53.72,19.32,11,10,C,Z,CZ
ORD00339,2,2026-01-30,App,Standard,3,SKU099,Household,Laundry,1,29.0,8.5,13.8,5.17,Ambient,Low,365,1535.82,7,0.5,3.5,49,42.0,Z8,A1,R6,30,75.5,87.62,24.09,38,24,A,Y,AY
ORD00339,3,2026-01-30,App,Standard,3,SKU088,Household,Cleaning,1,32.2,13.7,30.5,6.57,Ambient,Low,60,332.96,13,0.4,5.2,91,71.4,Z1,A2,R4,40,20.5,18.56,18.8,63,34,B,Y,BY
ORD00340,1,2026-02-03,App,Standard,5,SKU044,Pet Care,Cat Food,4,22.2,16.7,20.4,1.56,Ambient,Medium,30,736.26,14,0.33,4.62,98,72.6,Z7,A3,R5,50,74.0,66.64,29.43,79,32,A,Y,AY
ORD00340,2,2026-02-03,App,Standard,5,SKU069,Grocery,Cooking,1,24.1,16.6,29.5,5.23,Ambient,Low,180,231.11,8,0.44,3.52,56,46.4,Z7,A3,R4,40,72.5,81.64,28.69,36,23,C,Y,CY
ORD00340,3,2026-02-03,App,Standard,5,SKU070,Household,Laundry,5,33.5,22.4,23.9,4.74,Ambient,Medium,180,1117.78,38,0.16,6.08,266,323.6,Z6,A5,R5,50,74.0,88.56,37.33,89,29,A,X,AX
ORD00340,4,2026-02-03,App,Standard,5,SKU007,Pet Care,Dog Food,2,25.1,10.4,9.6,7.49,Ambient,Medium,180,362.98,5,0.52,2.6,35,26.4,Z4,A5,R6,30,59.5,59.01,34.46,7,6,C,Z,CZ
ORD00340,5,2026-02-03,App,Standard,5,SKU108,Pet Care,Pet Hygiene,1,16.6,29.3,22.4,4.03,Ambient,Medium,730,778.49,12,0.52,6.24,84,78.7,Z4,A1,R5,50,42.0,47.66,18.3,32,20,B,Z,BZ
ORD00341,1,2026-01-16,App,Standard,3,SKU104,Personal Care,Oral Care,4,10.6,21.7,23.3,2.95,Ambient,Medium,365,1008.62,31,0.19,5.89,217,198.5,Z7,A1,R6,30,67.5,76.92,24.58,50,18,A,X,AX
ORD00341,2,2026-01-16,App,Standard,3,SKU055,Personal Care,Skin Care,2,28.7,15.4,37.7,4.11,Ambient,Low,365,1054.36,14,0.21,2.94,98,104.2,Z8,A4,R1,40,80.0,84.3,35.17,38,17,A,X,AX
ORD00341,3,2026-01-16,App,Standard,3,SKU013,Personal Care,Oral Care,1,26.5,11.0,18.9,5.41,Ambient,Medium,30,41.53,3,0.5,1.5,21,21.9,Z1,A5,R1,40,28.0,30.44,24.94,10,8,C,Y,CY
ORD00342,1,2026-03-28,App,Express,4,SKU048,Household,Home Care,3,21.3,21.2,36.8,6.63,Ambient,Low,730,1488.03,8,0.38,3.04,56,67.6,Z6,A3,R6,30,67.5,66.09,27.29,35,15,A,Y,AY
ORD00342,2,2026-03-28,App,Express,4,SKU070,Household,Laundry,2,33.5,22.4,23.9,4.74,Ambient,Medium,180,1117.78,38,0.16,6.08,266,323.6,Z6,A5,R5,50,74.0,67.14,35.57,89,29,A,X,AX
ORD00342,3,2026-03-28,App,Express,4,SKU026,Household,Home Care,4,29.6,23.8,28.5,1.87,Frozen,Low,180,1110.01,43,0.15,6.45,301,337.9,Z6,A1,R6,30,59.5,74.12,22.13,80,26,A,X,AX
ORD00342,4,2026-03-28,App,Express,4,SKU073,Household,Home Care,1,12.0,24.4,32.6,4.81,Ambient,High,365,469.91,8,0.49,3.92,56,44.6,Z6,A5,R1,40,68.0,73.44,31.4,26,15,C,Y,CY
ORD00343,1,2026-03-20,App,Express,3,SKU044,Pet Care,Cat Food,1,22.2,16.7,20.4,1.56,Ambient,Medium,30,736.26,14,0.33,4.62,98,72.6,Z7,A3,R5,50,74.0,87.73,26.14,79,32,A,Y,AY
ORD00343,2,2026-03-20,App,Express,3,SKU069,Grocery,Cooking,2,24.1,16.6,29.5,5.23,Ambient,Low,180,231.11,8,0.44,3.52,56,46.4,Z7,A3,R4,40,72.5,87.8,25.84,36,23,C,Y,CY
ORD00343,3,2026-03-20,App,Express,3,SKU087,Health & Wellness,Vitamins,2,15.9,15.9,8.7,3.54,Ambient,Medium,60,616.2,7,0.74,5.18,49,38.8,Z1,A2,R5,50,22.0,25.73,16.05,29,22,B,Z,BZ
ORD00344,1,2026-01-01,Web,Standard,3,SKU104,Personal Care,Oral Care,3,10.6,21.7,23.3,2.95,Ambient,Medium,365,1008.62,31,0.19,5.89,217,198.5,Z7,A1,R6,30,67.5,64.48,23.52,50,18,A,X,AX
ORD00344,2,2026-01-01,Web,Standard,3,SKU031,Personal Care,Hair Care,3,19.3,28.6,15.5,3.18,Ambient,Medium,730,994.38,25,0.27,6.75,175,180.6,Z6,A4,R3,30,67.0,76.56,33.1,39,15,A,Y,AY
ORD00344,3,2026-01-01,Web,Standard,3,SKU049,Personal Care,Bath & Body,1,17.1,11.8,23.9,3.56,Ambient,Medium,365,469.4,6,0.55,3.3,42,31.5,Z5,A1,R1,40,44.0,38.79,17.21,44,39,B,Z,BZ
ORD00345,1,2026-01-29,App,Express,4,SKU042,Grocery,Beverages,3,10.8,8.0,23.8,6.12,Ambient,Medium,730,1071.52,8,0.29,2.32,56,62.6,Z4,A1,R1,40,36.0,39.74,15.18,43,26,A,Y,AY
ORD00345,2,2026-01-29,App,Express,4,SKU072,Health & Wellness,Vitamins,1,24.3,19.9,5.7,6.32,HighValue,Low,365,389.24,6,0.45,2.7,42,48.6,Z6,A2,R4,40,60.5,60.53,22.57,54,33,B,Y,BY
ORD00345,3,2026-01-29,App,Express,4,SKU062,Personal Care,Hair Care,3,25.3,8.9,20.5,2.83,Ambient,Low,90,835.88,12,0.52,6.24,84,72.8,Z1,A3,R2,50,21.5,20.56,18.48,40,22,A,Z,AZ
ORD00345,4,2026-01-29,App,Express,4,SKU068,Grocery,Cooking,1,25.2,21.8,25.5,6.6,Ambient,Low,30,1124.7,14,0.25,3.5,98,119.4,Z8,A1,R3,30,71.0,81.18,25.71,35,16,A,X,AX
ORD00346,1,2026-02-06,App,Standard,2,SKU074,Dairy & Chilled,Dairy,1,28.7,10.9,16.3,1.48,Chilled,Low,730,772.2,15,0.16,2.4,105,80.1,Z6,A3,R3,30,63.0,69.01,27.16,53,23,A,X,AX
ORD00346,2,2026-02-06,App,Standard,2,SKU088,Household,Cleaning,2,32.2,13.7,30.5,6.57,Ambient,Low,60,332.96,13,0.4,5.2,91,71.4,Z1,A2,R4,40,20.5,20.28,17.58,63,34,B,Y,BY
ORD00347,1,2026-03-09,Web,Standard,4,SKU026,Household,Home Care,5,29.6,23.8,28.5,1.87,Frozen,Low,180,1110.01,43,0.15,6.45,301,337.9,Z6,A1,R6,30,59.5,60.56,23.34,80,26,A,X,AX
ORD00347,2,2026-03-09,Web,Standard,4,SKU045,Household,Cleaning,1,21.9,12.6,39.8,1.04,Ambient,Medium,60,1401.86,7,0.29,2.03,49,44.6,Z5,A2,R1,40,48.0,48.96,18.78,18,14,B,Y,BY
ORD00347,3,2026-03-09,Web,Standard,4,SKU114,Household,Laundry,1,26.4,28.2,27.3,6.37,Ambient,Low,60,445.21,17,0.32,5.44,119,115.6,Z8,A4,R6,30,87.5,97.5,38.83,38,15,B,Y,BY
ORD00347,4,2026-03-09,Web,Standard,4,SKU043,Household,Cleaning,1,15.8,12.6,29.8,1.1,Fragile,Low,90,1262.92,8,0.34,2.72,56,43.1,Z1,A3,R1,40,20.0,18.02,17.16,28,17,A,Y,AY
ORD00348,1,2026-03-03,App,Standard,5,SKU107,Grocery,Breakfast,3,6.1,21.2,15.0,6.91,Fragile,Medium,90,245.94,41,0.17,6.97,287,259.0,Z8,A5,R4,40,88.5,107.52,41.25,61,19,C,X,CX
ORD00348,2,2026-03-03,App,Standard,5,SKU075,Grocery,Breakfast,1,8.3,17.6,38.1,0.44,Ambient,Medium,180,1166.93,10,0.4,4.0,70,50.2,Z2,A1,R1,40,20.0,19.72,12.66,20,14,B,Y,BY
ORD00348,3,2026-03-03,App,Standard,5,SKU040,Grocery,Beverages,3,13.3,5.3,38.2,0.78,Ambient,Medium,730,870.07,22,0.29,6.38,154,168.1,Z8,A2,R4,40,76.5,77.57,24.63,31,16,B,Y,BY
ORD00348,4,2026-03-03,App,Standard,5,SKU009,Grocery,Snacks,1,31.2,6.9,33.3,6.86,Ambient,Medium,30,1744.97,3,0.63,1.89,21,25.4,Z3,A2,R3,30,35.0,32.64,19.57,13,10,B,Z,BZ
ORD00348,5,2026-03-03,App,Standard,5,SKU053,Grocery,Cooking,2,18.1,22.5,9.2,7.79,Ambient,Low,365,49.27,7,0.53,3.71,49,45.3,Z8,A2,R1,40,72.0,78.86,29.29,44,30,C,Z,CZ
ORD00349,1,2026-02-12,App,Standard,2,SKU066,Dairy & Chilled,Dairy,3,21.2,29.3,23.6,7.32,Chilled,Medium,90,1647.44,30,0.12,3.6,210,256.1,Z5,A5,R4,40,64.5,59.94,37.79,52,17,A,X,AX
ORD00349,2,2026-02-12,App,Standard,2,SKU011,Dairy & Chilled,Ready-to-Eat,1,13.9,29.2,25.3,4.38,Chilled,Medium,30,114.0,12,0.3,3.6,84,80.8,Z3,A1,R4,40,32.5,38.8,16.72,16,12,C,Y,CY
ORD00350,1,2026-01-30,Web,Standard,3,SKU025,Grocery,Snacks,1,23.2,13.1,20.5,5.44,Ambient,High,730,326.2,37,0.22,8.14,259,193.4,Z6,A4,R1,40,64.0,55.02,32.77,80,27,B,X,BX
ORD00350,2,2026-01-30,Web,Standard,3,SKU003,Household,Cleaning,1,31.1,12.5,27.4,4.91,Ambient,Medium,365,1655.33,5,0.86,4.3,35,36.0,Z5,A4,R6,30,63.5,54.83,30.49,52,40,A,Z,AZ
ORD00350,3,2026-01-30,Web,Standard,3,SKU057,Grocery,Breakfast,1,16.4,29.7,32.7,5.25,Ambient,Low,365,614.29,6,0.86,5.16,42,31.7,Z7,A2,R1,40,64.0,64.07,26.16,30,24,B,Z,BZ
ORD00351,1,2026-02-21,Web,Standard,2,SKU090,Grocery,Breakfast,1,23.9,24.9,25.7,2.88,Ambient,Low,90,1501.26,6,0.39,2.34,42,31.2,Z7,A1,R3,30,63.0,63.41,21.42,36,19,A,Y,AY
ORD00351,2,2026-02-21,Web,Standard,2,SKU088,Household,Cleaning,3,32.2,13.7,30.5,6.57,Ambient,Low,60,332.96,13,0.4,5.2,91,71.4,Z1,A2,R4,40,20.5,23.86,19.76,63,34,B,Y,BY
ORD00352,1,2026-02-24,App,Standard,4,SKU002,Pet Care,Dog Food,1,25.5,18.4,14.3,5.16,Ambient,Medium,730,1579.64,6,0.76,4.56,42,35.5,Z5,A2,R6,30,55.5,58.42,24.28,4,4,C,Z,CZ
ORD00352,2,2026-02-24,App,Standard,4,SKU044,Pet Care,Cat Food,2,22.2,16.7,20.4,1.56,Ambient,Medium,30,736.26,14,0.33,4.62,98,72.6,Z7,A3,R5,50,74.0,84.44,30.31,79,32,A,Y,AY
ORD00352,3,2026-02-24,App,Standard,4,SKU058,Pet Care,Dog Food,3,5.5,8.6,35.5,7.76,Ambient,Low,365,1254.55,13,0.52,6.76,91,96.2,Z4,A1,R4,40,40.5,46.0,20.22,14,7,B,Z,BZ
ORD00352,4,2026-02-24,App,Standard,4,SKU037,Pet Care,Pet Hygiene,1,22.0,6.0,23.6,5.33,Ambient,Low,180,1484.64,6,0.49,2.94,42,31.8,Z5,A2,R4,40,52.5,45.15,22.91,11,8,C,Y,CY
ORD00353,1,2026-01-30,App,Express,3,SKU059,Pet Care,Pet Hygiene,1,14.5,23.0,31.6,6.99,Fragile,Low,730,1239.81,41,0.16,6.56,287,246.3,Z7,A2,R5,50,70.0,82.97,28.06,67,20,A,X,AX
ORD00353,2,2026-01-30,App,Express,3,SKU049,Personal Care,Bath & Body,1,17.1,11.8,23.9,3.56,Ambient,Medium,365,469.4,6,0.55,3.3,42,31.5,Z5,A1,R1,40,44.0,50.79,18.04,44,39,B,Z,BZ
ORD00353,3,2026-01-30,App,Express,3,SKU041,Personal Care,Hair Care,1,17.1,11.1,28.2,3.02,Ambient,High,365,612.15,6,0.34,2.04,42,45.6,Z5,A5,R6,30,67.5,68.5,30.11,43,26,B,Y,BY
ORD00354,1,2026-02-13,App,Standard,5,SKU006,Personal Care,Bath & Body,2,6.9,5.5,24.4,4.75,Fragile,Medium,30,431.37,14,0.21,2.94,98,117.4,Z6,A5,R6,30,75.5,94.16,36.98,41,16,B,X,BX
ORD00354,2,2026-02-13,App,Standard,5,SKU115,Personal Care,Oral Care,1,21.5,20.3,8.0,2.54,Ambient,Medium,180,1486.43,20,0.31,6.2,140,103.7,Z6,A2,R6,30,63.5,71.74,23.3,30,17,A,Y,AY
ORD00354,3,2026-02-13,App,Standard,5,SKU093,Personal Care,Oral Care,1,15.2,19.9,32.6,5.21,Ambient,Medium,90,472.29,4,0.6,2.4,28,32.7,Z5,A1,R2,50,45.5,41.63,19.97,11,10,C,Z,CZ
ORD00354,4,2026-02-13,App,Standard,5,SKU004,Personal Care,Hair Care,1,29.9,12.7,7.0,7.04,Ambient,Medium,30,1760.92,3,0.84,2.52,21,20.9,Z1,A5,R4,40,32.5,33.31,27.31,10,8,B,Z,BZ
ORD00354,5,2026-02-13,App,Standard,5,SKU049,Personal Care,Bath & Body,2,17.1,11.8,23.9,3.56,Ambient,Medium,365,469.4,6,0.55,3.3,42,31.5,Z5,A1,R1,40,44.0,44.87,16.11,44,39,B,Z,BZ
ORD00355,1,2026-01-22,Web,Standard,4,SKU065,Dairy & Chilled,Dairy,2,23.8,6.0,32.6,0.36,Chilled,Low,60,184.99,23,0.18,4.14,161,138.8,Z7,A2,R6,30,71.5,69.07,23.12,54,25,C,X,CX
ORD00355,2,2026-01-22,Web,Standard,4,SKU053,Grocery,Cooking,2,18.1,22.5,9.2,7.79,Ambient,Low,365,49.27,7,0.53,3.71,49,45.3,Z8,A2,R1,40,72.0,88.62,28.78,44,30,C,Z,CZ
ORD00355,3,2026-01-22,Web,Standard,4,SKU079,Dairy & Chilled,Dairy,1,33.7,19.0,28.5,3.35,Chilled,High,180,1565.86,5,0.43,2.15,35,38.4,Z7,A4,R6,30,79.5,82.59,32.36,18,16,B,Y,BY
ORD00355,4,2026-01-22,Web,Standard,4,SKU066,Dairy & Chilled,Dairy,2,21.2,29.3,23.6,7.32,Chilled,Medium,90,1647.44,30,0.12,3.6,210,256.1,Z5,A5,R4,40,64.5,74.09,37.68,52,17,A,X,AX
ORD00356,1,2026-01-18,App,Standard,2,SKU085,Grocery,Snacks,1,13.7,8.0,22.4,3.5,Ambient,Low,365,1504.2,28,0.21,5.88,196,224.1,Z5,A5,R5,50,66.0,58.6,35.08,65,22,A,X,AX
ORD00356,2,2026-01-18,App,Standard,2,SKU042,Grocery,Beverages,2,10.8,8.0,23.8,6.12,Ambient,Medium,730,1071.52,8,0.29,2.32,56,62.6,Z4,A1,R1,40,36.0,31.56,18.01,43,26,A,Y,AY
ORD00357,1,2026-03-23,App,Standard,4,SKU029,Pet Care,Cat Food,2,19.2,11.5,13.7,5.14,Ambient,Medium,90,805.77,15,0.3,4.5,105,114.7,Z6,A1,R5,50,58.0,54.32,20.79,35,17,A,Y,AY
ORD00357,2,2026-03-23,App,Standard,4,SKU108,Pet Care,Pet Hygiene,1,16.6,29.3,22.4,4.03,Ambient,Medium,730,778.49,12,0.52,6.24,84,78.7,Z4,A1,R5,50,42.0,37.83,18.33,32,20,B,Z,BZ
ORD00357,3,2026-03-23,App,Standard,4,SKU002,Pet Care,Dog Food,1,25.5,18.4,14.3,5.16,Ambient,Medium,730,1579.64,6,0.76,4.56,42,35.5,Z5,A2,R6,30,55.5,55.68,24.08,4,4,C,Z,CZ
ORD00357,4,2026-03-23,App,Standard,4,SKU044,Pet Care,Cat Food,2,22.2,16.7,20.4,1.56,Ambient,Medium,30,736.26,14,0.33,4.62,98,72.6,Z7,A3,R5,50,74.0,80.8,29.82,79,32,A,Y,AY
ORD00358,1,2026-03-20,App,Standard,4,SKU059,Pet Care,Pet Hygiene,4,14.5,23.0,31.6,6.99,Fragile,Low,730,1239.81,41,0.16,6.56,287,246.3,Z7,A2,R5,50,70.0,73.51,29.28,67,20,A,X,AX
ORD00358,2,2026-03-20,App,Standard,4,SKU049,Personal Care,Bath & Body,1,17.1,11.8,23.9,3.56,Ambient,Medium,365,469.4,6,0.55,3.3,42,31.5,Z5,A1,R1,40,44.0,44.04,17.93,44,39,B,Z,BZ
ORD00358,3,2026-03-20,App,Standard,4,SKU023,Baby Care,Baby Hygiene,1,27.1,9.9,20.1,7.6,Ambient,Medium,30,1302.56,6,0.87,5.22,42,36.3,Z3,A4,R6,30,47.5,46.3,28.43,20,16,B,Z,BZ
ORD00358,4,2026-03-20,App,Standard,4,SKU010,Pet Care,Dog Food,1,11.4,15.0,7.1,3.09,Ambient,Medium,180,531.32,4,0.64,2.56,28,30.3,Z4,A5,R2,50,53.5,64.38,29.49,17,13,C,Z,CZ
ORD00359,1,2026-01-28,App,Standard,6,SKU116,Health & Wellness,Wellness,3,25.4,13.6,35.7,6.26,Ambient,Low,30,1500.72,14,0.25,3.5,98,96.5,Z7,A4,R3,30,75.0,70.16,35.11,40,18,A,X,AX
ORD00359,2,2026-01-28,App,Standard,6,SKU067,Health & Wellness,Vitamins,2,19.0,6.9,31.4,1.88,Ambient,Medium,365,674.25,10,0.49,4.9,70,79.4,Z1,A4,R1,40,24.0,29.42,22.87,28,20,B,Y,BY
ORD00359,3,2026-01-28,App,Standard,6,SKU038,Health & Wellness,Wellness,2,18.1,23.3,38.8,2.23,Ambient,Low,730,1076.64,20,0.29,5.8,140,122.8,Z7,A3,R1,40,68.0,78.14,26.89,56,25,A,Y,AY
ORD00359,4,2026-01-28,App,Standard,6,SKU094,Health & Wellness,Wellness,1,7.4,21.6,37.1,2.55,Ambient,Medium,30,574.51,7,0.48,3.36,49,44.5,Z5,A3,R1,40,52.0,55.14,23.41,19,14,C,Y,CY
ORD00359,5,2026-01-28,App,Standard,6,SKU113,Health & Wellness,Vitamins,1,30.6,16.3,36.5,3.62,HighValue,Medium,90,1210.42,16,0.18,2.88,112,122.1,Z6,A3,R1,40,60.0,53.26,26.91,30,13,A,X,AX
ORD00359,6,2026-01-28,App,Standard,6,SKU064,Health & Wellness,Wellness,1,32.1,24.4,13.1,6.44,HighValue,Low,90,1228.03,12,0.5,6.0,84,92.1,Z2,A4,R2,50,33.5,40.82,25.47,22,14,B,Y,BY
ORD00360,1,2026-03-19,Web,Standard,3,SKU075,Grocery,Breakfast,2,8.3,17.6,38.1,0.44,Ambient,Medium,180,1166.93,10,0.4,4.0,70,50.2,Z2,A1,R1,40,20.0,17.31,12.93,20,14,B,Y,BY
ORD00360,2,2026-03-19,Web,Standard,3,SKU071,Grocery,Beverages,1,33.5,26.4,8.5,5.52,Ambient,Low,180,514.69,16,0.24,3.84,112,138.0,Z4,A4,R6,30,55.5,50.58,32.7,35,15,B,X,BX
ORD00360,3,2026-03-19,Web,Standard,3,SKU016,Grocery,Snacks,2,24.0,11.6,22.1,7.25,Ambient,Low,90,103.25,10,0.31,3.1,70,61.8,Z4,A2,R3,30,43.0,38.81,23.68,26,14,C,Y,CY
ORD00361,1,2026-02-23,App,Standard,5,SKU020,Grocery,Staples,2,30.8,10.6,33.6,3.74,Ambient,Low,30,1196.56,11,0.51,5.61,77,70.8,Z8,A4,R3,30,83.0,92.72,32.02,37,19,A,Z,AZ
ORD00361,2,2026-02-23,App,Standard,5,SKU054,Grocery,Staples,1,24.4,8.8,37.6,2.41,Ambient,Medium,180,457.62,4,0.87,3.48,28,28.1,Z4,A4,R3,30,51.0,58.88,24.98,24,16,C,Z,CZ
ORD00361,3,2026-02-23,App,Standard,5,SKU053,Grocery,Cooking,1,18.1,22.5,9.2,7.79,Ambient,Low,365,49.27,7,0.53,3.71,49,45.3,Z8,A2,R1,40,72.0,66.17,26.91,44,30,C,Z,CZ
ORD00361,4,2026-02-23,App,Standard,5,SKU082,Grocery,Beverages,1,31.1,19.2,19.0,1.22,Ambient,Medium,60,692.75,10,0.25,2.5,70,66.5,Z7,A3,R2,50,69.5,78.22,26.82,13,9,C,X,CX
ORD00361,5,2026-02-23,App,Standard,5,SKU060,Grocery,Staples,1,27.8,22.6,8.5,1.41,Frozen,Low,30,545.73,4,0.89,3.56,28,25.4,Z1,A2,R6,30,23.5,27.89,16.82,12,10,C,Z,CZ
ORD00362,1,2026-01-01,App,Standard,3,SKU067,Health & Wellness,Vitamins,2,19.0,6.9,31.4,1.88,Ambient,Medium,365,674.25,10,0.49,4.9,70,79.4,Z1,A4,R1,40,24.0,22.03,19.44,28,20,B,Y,BY
ORD00362,2,2026-01-01,App,Standard,3,SKU091,Pet Care,Dog Food,1,16.5,19.5,38.4,5.94,Fragile,High,365,1182.01,5,0.7,3.5,35,30.7,Z3,A5,R2,50,45.5,47.05,30.4,30,23,A,Z,AZ
ORD00362,3,2026-01-01,App,Standard,3,SKU027,Personal Care,Skin Care,3,12.3,21.4,5.2,6.03,Ambient,Low,60,1452.29,11,0.4,4.4,77,83.4,Z3,A4,R3,30,43.0,41.84,28.42,25,13,A,Y,AY
ORD00363,1,2026-03-29,Web,Standard,4,SKU111,Grocery,Snacks,1,15.9,28.7,6.1,1.31,Ambient,Low,30,1043.71,25,0.28,7.0,175,173.5,Z8,A2,R2,50,73.5,82.98,25.01,52,19,A,Y,AY
ORD00363,2,2026-03-29,Web,Standard,4,SKU035,Grocery,Snacks,1,21.9,10.4,29.5,6.16,Ambient,Medium,30,1405.58,12,0.45,5.4,84,66.4,Z1,A1,R6,30,19.5,21.09,15.14,14,10,B,Y,BY
ORD00363,3,2026-03-29,Web,Standard,4,SKU024,Grocery,Breakfast,1,13.9,8.2,19.7,7.53,Ambient,Medium,90,745.78,3,0.6,1.8,21,24.3,Z8,A5,R6,30,91.5,94.23,38.66,13,11,C,Z,CZ
ORD00363,4,2026-03-29,Web,Standard,4,SKU054,Grocery,Staples,1,24.4,8.8,37.6,2.41,Ambient,Medium,180,457.62,4,0.87,3.48,28,28.1,Z4,A4,R3,30,51.0,44.1,27.21,24,16,C,Z,CZ
ORD00364,1,2026-03-16,App,Standard,3,SKU066,Dairy & Chilled,Dairy,3,21.2,29.3,23.6,7.32,Chilled,Medium,90,1647.44,30,0.12,3.6,210,256.1,Z5,A5,R4,40,64.5,60.46,37.26,52,17,A,X,AX
ORD00364,2,2026-03-16,App,Standard,3,SKU065,Dairy & Chilled,Dairy,1,23.8,6.0,32.6,0.36,Chilled,Low,60,184.99,23,0.18,4.14,161,138.8,Z7,A2,R6,30,71.5,75.56,25.76,54,25,C,X,CX
ORD00364,3,2026-03-16,App,Standard,3,SKU102,Dairy & Chilled,Beverages,1,7.4,11.4,34.2,4.44,Chilled,Medium,365,776.28,5,0.4,2.0,35,39.4,Z5,A2,R5,50,54.0,55.99,22.22,10,8,C,Y,CY
ORD00365,1,2026-02-11,App,Standard,3,SKU047,Household,Cleaning,4,25.7,16.7,6.1,2.38,Ambient,Low,60,1664.94,13,0.24,3.12,91,103.1,Z4,A5,R3,30,55.0,57.02,30.65,42,20,A,X,AX
ORD00365,2,2026-02-11,App,Standard,3,SKU077,Household,Laundry,1,17.9,24.8,9.0,5.27,Ambient,High,180,826.51,4,0.65,2.6,28,23.1,Z4,A2,R5,50,46.0,53.99,20.34,16,13,C,Z,CZ
ORD00365,3,2026-02-11,App,Standard,3,SKU003,Household,Cleaning,1,31.1,12.5,27.4,4.91,Ambient,Medium,365,1655.33,5,0.86,4.3,35,36.0,Z5,A4,R6,30,63.5,65.02,30.1,52,40,A,Z,AZ
ORD00366,1,2026-02-21,App,Standard,3,SKU032,Grocery,Snacks,3,5.9,13.4,28.8,3.29,Ambient,Low,365,973.07,9,0.38,3.42,63,75.5,Z5,A2,R2,50,49.5,42.64,20.54,47,27,A,Y,AY
ORD00366,2,2026-02-21,App,Standard,3,SKU088,Household,Cleaning,2,32.2,13.7,30.5,6.57,Ambient,Low,60,332.96,13,0.4,5.2,91,71.4,Z1,A2,R4,40,20.5,24.7,19.99,63,34,B,Y,BY
ORD00366,3,2026-02-21,App,Standard,3,SKU074,Dairy & Chilled,Dairy,4,28.7,10.9,16.3,1.48,Chilled,Low,730,772.2,15,0.16,2.4,105,80.1,Z6,A3,R3,30,63.0,58.55,28.05,53,23,A,X,AX
ORD00367,1,2026-03-14,App,Express,4,SKU021,Grocery,Staples,1,20.3,22.0,34.5,2.72,Fragile,High,90,341.96,32,0.15,4.8,224,275.4,Z7,A5,R3,30,79.0,73.57,34.93,58,21,B,X,BX
ORD00367,2,2026-03-14,App,Express,4,SKU061,Grocery,Cooking,1,28.8,9.2,7.8,6.98,Ambient,High,60,437.13,11,0.42,4.62,77,80.9,Z4,A3,R1,40,44.0,49.45,22.85,33,20,C,Y,CY
ORD00367,3,2026-03-14,App,Express,4,SKU017,Grocery,Beverages,2,21.6,15.7,5.3,0.69,Ambient,Medium,90,1058.95,2,0.77,1.54,14,10.9,Z8,A2,R6,30,79.5,82.75,23.13,9,7,C,Z,CZ
ORD00367,4,2026-03-14,App,Express,4,SKU020,Grocery,Staples,1,30.8,10.6,33.6,3.74,Ambient,Low,30,1196.56,11,0.51,5.61,77,70.8,Z8,A4,R3,30,83.0,93.35,30.6,37,19,A,Z,AZ
ORD00368,1,2026-03-31,App,Standard,2,SKU059,Pet Care,Pet Hygiene,4,14.5,23.0,31.6,6.99,Fragile,Low,730,1239.81,41,0.16,6.56,287,246.3,Z7,A2,R5,50,70.0,76.21,31.19,67,20,A,X,AX
ORD00368,2,2026-03-31,App,Standard,2,SKU049,Personal Care,Bath & Body,1,17.1,11.8,23.9,3.56,Ambient,Medium,365,469.4,6,0.55,3.3,42,31.5,Z5,A1,R1,40,44.0,49.19,17.19,44,39,B,Z,BZ
ORD00369,1,2026-03-17,App,Standard,1,SKU110,Health & Wellness,Vitamins,1,33.4,6.9,27.3,2.97,Ambient,Low,365,1228.61,6,0.89,5.34,42,39.5,Z1,A5,R5,50,34.0,35.7,25.22,15,13,B,Z,BZ
ORD00370,1,2026-01-06,App,Standard,2,SKU055,Personal Care,Skin Care,4,28.7,15.4,37.7,4.11,Ambient,Low,365,1054.36,14,0.21,2.94,98,104.2,Z8,A4,R1,40,80.0,80.74,32.92,38,17,A,X,AX
ORD00370,2,2026-01-06,App,Standard,2,SKU062,Personal Care,Hair Care,2,25.3,8.9,20.5,2.83,Ambient,Low,90,835.88,12,0.52,6.24,84,72.8,Z1,A3,R2,50,21.5,25.21,17.42,40,22,A,Z,AZ
ORD00371,1,2026-02-14,App,Standard,4,SKU016,Grocery,Snacks,1,24.0,11.6,22.1,7.25,Ambient,Low,90,103.25,10,0.31,3.1,70,61.8,Z4,A2,R3,30,43.0,38.54,23.23,26,14,C,Y,CY
ORD00371,2,2026-02-14,App,Standard,4,SKU075,Grocery,Breakfast,2,8.3,17.6,38.1,0.44,Ambient,Medium,180,1166.93,10,0.4,4.0,70,50.2,Z2,A1,R1,40,20.0,21.02,13.29,20,14,B,Y,BY
ORD00371,3,2026-02-14,App,Standard,4,SKU005,Grocery,Breakfast,2,20.8,20.2,38.8,7.44,Ambient,Medium,180,1791.39,5,0.48,2.4,35,37.0,Z3,A4,R4,40,44.5,52.85,28.91,23,19,A,Y,AY
ORD00371,4,2026-02-14,App,Standard,4,SKU032,Grocery,Snacks,3,5.9,13.4,28.8,3.29,Ambient,Low,365,973.07,9,0.38,3.42,63,75.5,Z5,A2,R2,50,49.5,45.62,19.53,47,27,A,Y,AY
ORD00372,1,2026-02-24,App,Standard,4,SKU048,Household,Home Care,3,21.3,21.2,36.8,6.63,Ambient,Low,730,1488.03,8,0.38,3.04,56,67.6,Z6,A3,R6,30,67.5,58.73,28.84,35,15,A,Y,AY
ORD00372,2,2026-02-24,App,Standard,4,SKU088,Household,Cleaning,2,32.2,13.7,30.5,6.57,Ambient,Low,60,332.96,13,0.4,5.2,91,71.4,Z1,A2,R4,40,20.5,20.92,18.05,63,34,B,Y,BY
ORD00372,3,2026-02-24,App,Standard,4,SKU014,Household,Cleaning,3,20.2,8.3,17.2,0.64,Ambient,Low,365,1273.78,14,0.26,3.64,98,101.6,Z8,A5,R2,50,85.5,73.48,36.15,35,16,A,Y,AY
ORD00372,4,2026-02-24,App,Standard,4,SKU003,Household,Cleaning,1,31.1,12.5,27.4,4.91,Ambient,Medium,365,1655.33,5,0.86,4.3,35,36.0,Z5,A4,R6,30,63.5,64.57,29.11,52,40,A,Z,AZ
ORD00373,1,2026-02-27,App,Standard,3,SKU074,Dairy & Chilled,Dairy,2,28.7,10.9,16.3,1.48,Chilled,Low,730,772.2,15,0.16,2.4,105,80.1,Z6,A3,R3,30,63.0,60.47,26.26,53,23,A,X,AX
ORD00373,2,2026-02-27,App,Standard,3,SKU088,Household,Cleaning,3,32.2,13.7,30.5,6.57,Ambient,Low,60,332.96,13,0.4,5.2,91,71.4,Z1,A2,R4,40,20.5,19.43,19.17,63,34,B,Y,BY
ORD00373,3,2026-02-27,App,Standard,3,SKU032,Grocery,Snacks,3,5.9,13.4,28.8,3.29,Ambient,Low,365,973.07,9,0.38,3.42,63,75.5,Z5,A2,R2,50,49.5,56.58,22.06,47,27,A,Y,AY
ORD00374,1,2026-03-09,App,Standard,4,SKU006,Personal Care,Bath & Body,4,6.9,5.5,24.4,4.75,Fragile,Medium,30,431.37,14,0.21,2.94,98,117.4,Z6,A5,R6,30,75.5,83.89,34.87,41,16,B,X,BX
ORD00374,2,2026-03-09,App,Standard,4,SKU062,Personal Care,Hair Care,3,25.3,8.9,20.5,2.83,Ambient,Low,90,835.88,12,0.52,6.24,84,72.8,Z1,A3,R2,50,21.5,22.0,19.98,40,22,A,Z,AZ
ORD00374,3,2026-03-09,App,Standard,4,SKU008,Personal Care,Bath & Body,1,26.9,21.8,39.4,0.88,Ambient,High,60,365.07,4,0.63,2.52,28,27.9,Z2,A1,R2,50,21.5,20.52,11.97,20,19,C,Z,CZ
ORD00374,4,2026-03-09,App,Standard,4,SKU055,Personal Care,Skin Care,2,28.7,15.4,37.7,4.11,Ambient,Low,365,1054.36,14,0.21,2.94,98,104.2,Z8,A4,R1,40,80.0,95.34,34.09,38,17,A,X,AX
ORD00375,1,2026-02-01,App,Express,4,SKU008,Personal Care,Bath & Body,1,26.9,21.8,39.4,0.88,Ambient,High,60,365.07,4,0.63,2.52,28,27.9,Z2,A1,R2,50,21.5,18.44,12.08,20,19,C,Z,CZ
ORD00375,2,2026-02-01,App,Express,4,SKU091,Pet Care,Dog Food,1,16.5,19.5,38.4,5.94,Fragile,High,365,1182.01,5,0.7,3.5,35,30.7,Z3,A5,R2,50,45.5,43.54,27.14,30,23,A,Z,AZ
ORD00375,3,2026-02-01,App,Express,4,SKU018,Grocery,Beverages,1,28.9,26.5,36.5,1.76,Ambient,Medium,180,1753.56,3,0.85,2.55,21,23.4,Z6,A2,R2,50,57.5,56.19,22.98,20,13,A,Z,AZ
ORD00375,4,2026-02-01,App,Express,4,SKU067,Health & Wellness,Vitamins,1,19.0,6.9,31.4,1.88,Ambient,Medium,365,674.25,10,0.49,4.9,70,79.4,Z1,A4,R1,40,24.0,23.52,18.39,28,20,B,Y,BY
ORD00376,1,2026-01-09,Web,Standard,4,SKU088,Household,Cleaning,1,32.2,13.7,30.5,6.57,Ambient,Low,60,332.96,13,0.4,5.2,91,71.4,Z1,A2,R4,40,20.5,21.52,19.75,63,34,B,Y,BY
ORD00376,2,2026-01-09,Web,Standard,4,SKU032,Grocery,Snacks,2,5.9,13.4,28.8,3.29,Ambient,Low,365,973.07,9,0.38,3.42,63,75.5,Z5,A2,R2,50,49.5,49.8,19.74,47,27,A,Y,AY
ORD00376,3,2026-01-09,Web,Standard,4,SKU005,Grocery,Breakfast,1,20.8,20.2,38.8,7.44,Ambient,Medium,180,1791.39,5,0.48,2.4,35,37.0,Z3,A4,R4,40,44.5,47.99,28.73,23,19,A,Y,AY
ORD00376,4,2026-01-09,Web,Standard,4,SKU074,Dairy & Chilled,Dairy,1,28.7,10.9,16.3,1.48,Chilled,Low,730,772.2,15,0.16,2.4,105,80.1,Z6,A3,R3,30,63.0,78.37,26.45,53,23,A,X,AX
ORD00377,1,2026-01-11,App,Standard,2,SKU119,Baby Care,Baby Food,1,22.2,20.5,6.1,7.12,Ambient,Low,60,1453.32,23,0.2,4.6,161,173.4,Z7,A1,R5,50,66.0,67.49,24.66,24,12,A,X,AX
ORD00377,2,2026-01-11,App,Standard,2,SKU089,Baby Care,Diapers,2,23.8,16.6,24.7,4.68,Ambient,Medium,365,598.69,2,0.88,1.76,14,17.3,Z2,A1,R6,30,27.5,34.08,14.25,18,14,C,Z,CZ
ORD00378,1,2026-03-13,Web,Standard,4,SKU119,Baby Care,Baby Food,3,22.2,20.5,6.1,7.12,Ambient,Low,60,1453.32,23,0.2,4.6,161,173.4,Z7,A1,R5,50,66.0,81.94,26.87,24,12,A,X,AX
ORD00378,2,2026-03-13,Web,Standard,4,SKU095,Baby Care,Diapers,2,33.4,29.9,36.9,0.84,Ambient,Low,90,344.97,23,0.29,6.67,161,131.7,Z6,A1,R2,50,53.5,50.13,19.55,43,20,C,Y,CY
ORD00378,3,2026-03-13,Web,Standard,4,SKU051,Baby Care,Diapers,4,15.0,21.8,35.0,2.71,Ambient,High,365,90.14,20,0.23,4.6,140,104.8,Z6,A4,R2,50,65.5,75.86,29.68,31,13,C,X,CX
ORD00378,4,2026-03-13,Web,Standard,4,SKU100,Baby Care,Baby Food,2,9.4,15.9,38.1,1.85,Ambient,Low,30,728.71,20,0.33,6.6,140,126.8,Z7,A4,R2,50,73.5,82.67,31.63,62,29,A,Y,AY
ORD00379,1,2026-03-23,App,Standard,5,SKU040,Grocery,Beverages,1,13.3,5.3,38.2,0.78,Ambient,Medium,730,870.07,22,0.29,6.38,154,168.1,Z8,A2,R4,40,76.5,76.76,26.73,31,16,B,Y,BY
ORD00379,2,2026-03-23,App,Standard,5,SKU120,Grocery,Staples,1,18.2,17.1,12.1,4.89,Ambient,Medium,90,1756.29,6,0.43,2.58,42,32.4,Z6,A2,R3,30,59.0,59.83,25.41,12,9,B,Y,BY
ORD00379,3,2026-03-23,App,Standard,5,SKU039,Grocery,Staples,2,12.3,16.6,26.4,3.09,Fragile,High,60,890.4,9,0.51,4.59,63,56.4,Z3,A1,R2,50,29.5,26.71,15.46,22,14,B,Z,BZ
ORD00379,4,2026-03-23,App,Standard,5,SKU111,Grocery,Snacks,2,15.9,28.7,6.1,1.31,Ambient,Low,30,1043.71,25,0.28,7.0,175,173.5,Z8,A2,R2,50,73.5,80.1,27.48,52,19,A,Y,AY
ORD00379,5,2026-03-23,App,Standard,5,SKU086,Grocery,Staples,1,32.6,26.6,25.2,4.63,Ambient,Low,30,1740.0,4,0.41,1.64,28,22.2,Z5,A2,R3,30,51.0,49.98,24.7,16,12,B,Y,BY
ORD00380,1,2026-02-01,Web,Express,2,SKU072,Health & Wellness,Vitamins,1,24.3,19.9,5.7,6.32,HighValue,Low,365,389.24,6,0.45,2.7,42,48.6,Z6,A2,R4,40,60.5,72.59,23.39,54,33,B,Y,BY
ORD00380,2,2026-02-01,Web,Express,2,SKU042,Grocery,Beverages,1,10.8,8.0,23.8,6.12,Ambient,Medium,730,1071.52,8,0.29,2.32,56,62.6,Z4,A1,R1,40,36.0,43.87,18.33,43,26,A,Y,AY
ORD00381,1,2026-02-11,App,Express,2,SKU012,Health & Wellness,Wellness,1,20.2,26.3,7.4,0.64,Ambient,Medium,365,1080.27,7,0.27,1.89,49,51.0,Z2,A2,R1,40,24.0,23.58,15.42,21,13,B,Y,BY
ORD00381,2,2026-02-11,App,Express,2,SKU064,Health & Wellness,Wellness,3,32.1,24.4,13.1,6.44,HighValue,Low,90,1228.03,12,0.5,6.0,84,92.1,Z2,A4,R2,50,33.5,34.67,23.83,22,14,B,Y,BY
ORD00382,1,2026-01-09,App,Standard,1,SKU005,Grocery,Breakfast,2,20.8,20.2,38.8,7.44,Ambient,Medium,180,1791.39,5,0.48,2.4,35,37.0,Z3,A4,R4,40,44.5,45.63,28.92,23,19,A,Y,AY
ORD00383,1,2026-01-08,App,Express,3,SKU051,Baby Care,Diapers,2,15.0,21.8,35.0,2.71,Ambient,High,365,90.14,20,0.23,4.6,140,104.8,Z6,A4,R2,50,65.5,74.59,29.97,31,13,C,X,CX
ORD00383,2,2026-01-08,App,Express,3,SKU023,Baby Care,Baby Hygiene,1,27.1,9.9,20.1,7.6,Ambient,Medium,30,1302.56,6,0.87,5.22,42,36.3,Z3,A4,R6,30,47.5,43.07,27.65,20,16,B,Z,BZ
ORD00383,3,2026-01-08,App,Express,3,SKU095,Baby Care,Diapers,1,33.4,29.9,36.9,0.84,Ambient,Low,90,344.97,23,0.29,6.67,161,131.7,Z6,A1,R2,50,53.5,51.14,19.02,43,20,C,Y,CY
ORD00384,1,2026-02-12,App,Standard,4,SKU014,Household,Cleaning,1,20.2,8.3,17.2,0.64,Ambient,Low,365,1273.78,14,0.26,3.64,98,101.6,Z8,A5,R2,50,85.5,73.56,35.29,35,16,A,Y,AY
ORD00384,2,2026-02-12,App,Standard,4,SKU118,Household,Home Care,5,33.2,8.9,28.1,5.79,Ambient,Medium,30,169.17,44,0.13,5.72,308,376.3,Z8,A3,R3,30,79.0,89.71,33.84,71,23,C,X,CX
ORD00384,3,2026-02-12,App,Standard,4,SKU097,Household,Cleaning,1,25.8,20.6,36.6,5.8,Fragile,Low,730,446.62,2,0.49,0.98,14,13.2,Z2,A2,R6,30,31.5,33.93,20.79,17,13,C,Y,CY
ORD00384,4,2026-02-12,App,Standard,4,SKU070,Household,Laundry,2,33.5,22.4,23.9,4.74,Ambient,Medium,180,1117.78,38,0.16,6.08,266,323.6,Z6,A5,R5,50,74.0,82.83,39.36,89,29,A,X,AX
ORD00385,1,2026-01-20,App,Standard,4,SKU084,Personal Care,Oral Care,3,8.4,15.7,14.9,5.46,Ambient,Low,180,1772.39,16,0.3,4.8,112,81.8,Z5,A5,R3,30,63.0,65.57,34.17,28,13,A,Y,AY
ORD00385,2,2026-01-20,App,Standard,4,SKU027,Personal Care,Skin Care,3,12.3,21.4,5.2,6.03,Ambient,Low,60,1452.29,11,0.4,4.4,77,83.4,Z3,A4,R3,30,43.0,47.62,28.52,25,13,A,Y,AY
ORD00385,3,2026-01-20,App,Standard,4,SKU049,Personal Care,Bath & Body,1,17.1,11.8,23.9,3.56,Ambient,Medium,365,469.4,6,0.55,3.3,42,31.5,Z5,A1,R1,40,44.0,46.61,17.73,44,39,B,Z,BZ
ORD00385,4,2026-01-20,App,Standard,4,SKU092,Personal Care,Skin Care,1,29.3,25.9,39.4,0.77,Ambient,Medium,180,955.22,1,0.63,0.63,7,7.2,Z7,A5,R2,50,77.5,85.97,34.46,8,7,C,Z,CZ
ORD00386,1,2026-03-09,App,Standard,3,SKU059,Pet Care,Pet Hygiene,2,14.5,23.0,31.6,6.99,Fragile,Low,730,1239.81,41,0.16,6.56,287,246.3,Z7,A2,R5,50,70.0,75.44,29.88,67,20,A,X,AX
ORD00386,2,2026-03-09,App,Standard,3,SKU049,Personal Care,Bath & Body,1,17.1,11.8,23.9,3.56,Ambient,Medium,365,469.4,6,0.55,3.3,42,31.5,Z5,A1,R1,40,44.0,50.53,16.02,44,39,B,Z,BZ
ORD00386,3,2026-03-09,App,Standard,3,SKU041,Personal Care,Hair Care,2,17.1,11.1,28.2,3.02,Ambient,High,365,612.15,6,0.34,2.04,42,45.6,Z5,A5,R6,30,67.5,81.62,32.71,43,26,B,Y,BY
ORD00387,1,2026-01-26,App,Standard,3,SKU006,Personal Care,Bath & Body,2,6.9,5.5,24.4,4.75,Fragile,Medium,30,431.37,14,0.21,2.94,98,117.4,Z6,A5,R6,30,75.5,88.25,34.83,41,16,B,X,BX
ORD00387,2,2026-01-26,App,Standard,3,SKU027,Personal Care,Skin Care,1,12.3,21.4,5.2,6.03,Ambient,Low,60,1452.29,11,0.4,4.4,77,83.4,Z3,A4,R3,30,43.0,51.3,28.39,25,13,A,Y,AY
ORD00387,3,2026-01-26,App,Standard,3,SKU062,Personal Care,Hair Care,1,25.3,8.9,20.5,2.83,Ambient,Low,90,835.88,12,0.52,6.24,84,72.8,Z1,A3,R2,50,21.5,19.8,19.56,40,22,A,Z,AZ
ORD00388,1,2026-03-19,App,Standard,3,SKU036,Grocery,Cooking,4,22.3,27.7,18.1,7.54,Ambient,Medium,60,205.87,13,0.34,4.42,91,102.4,Z6,A4,R5,50,70.0,81.62,33.08,36,16,C,Y,CY
ORD00388,2,2026-03-19,App,Standard,3,SKU035,Grocery,Snacks,1,21.9,10.4,29.5,6.16,Ambient,Medium,30,1405.58,12,0.45,5.4,84,66.4,Z1,A1,R6,30,19.5,20.02,15.1,14,10,B,Y,BY
ORD00388,3,2026-03-19,App,Standard,3,SKU018,Grocery,Beverages,1,28.9,26.5,36.5,1.76,Ambient,Medium,180,1753.56,3,0.85,2.55,21,23.4,Z6,A2,R2,50,57.5,62.43,21.02,20,13,A,Z,AZ
ORD00389,1,2026-03-18,App,Standard,3,SKU068,Grocery,Cooking,2,25.2,21.8,25.5,6.6,Ambient,Low,30,1124.7,14,0.25,3.5,98,119.4,Z8,A1,R3,30,71.0,87.37,25.95,35,16,A,X,AX
ORD00389,2,2026-03-18,App,Standard,3,SKU072,Health & Wellness,Vitamins,1,24.3,19.9,5.7,6.32,HighValue,Low,365,389.24,6,0.45,2.7,42,48.6,Z6,A2,R4,40,60.5,57.45,26.37,54,33,B,Y,BY
ORD00389,3,2026-03-18,App,Standard,3,SKU042,Grocery,Beverages,1,10.8,8.0,23.8,6.12,Ambient,Medium,730,1071.52,8,0.29,2.32,56,62.6,Z4,A1,R1,40,36.0,35.05,17.89,43,26,A,Y,AY
ORD00390,1,2026-02-26,App,Standard,2,SKU095,Baby Care,Diapers,3,33.4,29.9,36.9,0.84,Ambient,Low,90,344.97,23,0.29,6.67,161,131.7,Z6,A1,R2,50,53.5,63.92,18.65,43,20,C,Y,CY
ORD00390,2,2026-02-26,App,Standard,2,SKU061,Grocery,Cooking,1,28.8,9.2,7.8,6.98,Ambient,High,60,437.13,11,0.42,4.62,77,80.9,Z4,A3,R1,40,44.0,51.88,25.63,33,20,C,Y,CY
ORD00391,1,2026-01-25,App,Standard,5,SKU095,Baby Care,Diapers,1,33.4,29.9,36.9,0.84,Ambient,Low,90,344.97,23,0.29,6.67,161,131.7,Z6,A1,R2,50,53.5,49.15,19.71,43,20,C,Y,CY
ORD00391,2,2026-01-25,App,Standard,5,SKU061,Grocery,Cooking,1,28.8,9.2,7.8,6.98,Ambient,High,60,437.13,11,0.42,4.62,77,80.9,Z4,A3,R1,40,44.0,43.13,25.55,33,20,C,Y,CY
ORD00391,3,2026-01-25,App,Standard,5,SKU112,Personal Care,Oral Care,1,5.8,9.7,23.1,7.32,Ambient,Medium,60,1793.55,2,0.88,1.76,14,12.0,Z8,A3,R2,50,77.5,84.33,30.33,36,24,A,Z,AZ
ORD00391,4,2026-01-25,App,Standard,5,SKU109,Health & Wellness,OTC,1,8.1,13.2,15.3,3.62,Ambient,Low,730,1569.32,5,0.55,2.75,35,31.3,Z3,A5,R1,40,44.0,41.43,28.8,22,19,A,Z,AZ
ORD00391,5,2026-01-25,App,Standard,5,SKU051,Baby Care,Diapers,1,15.0,21.8,35.0,2.71,Ambient,High,365,90.14,20,0.23,4.6,140,104.8,Z6,A4,R2,50,65.5,77.54,31.98,31,13,C,X,CX
ORD00392,1,2026-02-17,Web,Standard,2,SKU043,Household,Cleaning,1,15.8,12.6,29.8,1.1,Fragile,Low,90,1262.92,8,0.34,2.72,56,43.1,Z1,A3,R1,40,20.0,22.17,17.2,28,17,A,Y,AY
ORD00392,2,2026-02-17,Web,Standard,2,SKU047,Household,Cleaning,1,25.7,16.7,6.1,2.38,Ambient,Low,60,1664.94,13,0.24,3.12,91,103.1,Z4,A5,R3,30,55.0,52.78,31.18,42,20,A,X,AX
ORD00393,1,2026-01-26,App,Standard,2,SKU085,Grocery,Snacks,2,13.7,8.0,22.4,3.5,Ambient,Low,365,1504.2,28,0.21,5.88,196,224.1,Z5,A5,R5,50,66.0,60.34,33.73,65,22,A,X,AX
ORD00393,2,2026-01-26,App,Standard,2,SKU072,Health & Wellness,Vitamins,2,24.3,19.9,5.7,6.32,HighValue,Low,365,389.24,6,0.45,2.7,42,48.6,Z6,A2,R4,40,60.5,65.77,26.63,54,33,B,Y,BY
ORD00394,1,2026-01-06,App,Standard,5,SKU050,Health & Wellness,Wellness,2,35.0,21.8,14.4,0.42,Ambient,High,60,1794.58,5,0.88,4.4,35,32.9,Z3,A3,R2,50,37.5,46.53,19.43,22,20,A,Z,AZ
ORD00394,2,2026-01-06,App,Standard,5,SKU110,Health & Wellness,Vitamins,1,33.4,6.9,27.3,2.97,Ambient,Low,365,1228.61,6,0.89,5.34,42,39.5,Z1,A5,R5,50,34.0,40.79,27.3,15,13,B,Z,BZ
ORD00394,3,2026-01-06,App,Standard,5,SKU067,Health & Wellness,Vitamins,2,19.0,6.9,31.4,1.88,Ambient,Medium,365,674.25,10,0.49,4.9,70,79.4,Z1,A4,R1,40,24.0,25.79,21.38,28,20,B,Y,BY
ORD00394,4,2026-01-06,App,Standard,5,SKU072,Health & Wellness,Vitamins,1,24.3,19.9,5.7,6.32,HighValue,Low,365,389.24,6,0.45,2.7,42,48.6,Z6,A2,R4,40,60.5,64.65,24.48,54,33,B,Y,BY
ORD00394,5,2026-01-06,App,Standard,5,SKU076,Health & Wellness,Vitamins,1,19.7,27.7,7.6,0.74,Ambient,Medium,365,1289.07,4,0.74,2.96,28,25.5,Z2,A1,R3,30,23.0,27.07,13.35,11,10,C,Z,CZ
ORD00395,1,2026-03-30,App,Standard,1,SKU096,Health & Wellness,Vitamins,1,9.1,6.9,34.6,0.9,Ambient,Low,90,1580.6,8,0.32,2.56,56,58.2,Z6,A2,R1,40,56.0,62.78,20.0,13,7,B,Y,BY
ORD00396,1,2026-02-03,App,Express,3,SKU093,Personal Care,Oral Care,1,15.2,19.9,32.6,5.21,Ambient,Medium,90,472.29,4,0.6,2.4,28,32.7,Z5,A1,R2,50,45.5,56.14,19.87,11,10,C,Z,CZ
ORD00396,2,2026-02-03,App,Express,3,SKU099,Household,Laundry,3,29.0,8.5,13.8,5.17,Ambient,Low,365,1535.82,7,0.5,3.5,49,42.0,Z8,A1,R6,30,75.5,80.45,22.16,38,24,A,Y,AY
ORD00396,3,2026-02-03,App,Express,3,SKU088,Household,Cleaning,1,32.2,13.7,30.5,6.57,Ambient,Low,60,332.96,13,0.4,5.2,91,71.4,Z1,A2,R4,40,20.5,17.98,17.01,63,34,B,Y,BY
ORD00397,1,2026-01-10,App,Standard,4,SKU118,Household,Home Care,5,33.2,8.9,28.1,5.79,Ambient,Medium,30,169.17,44,0.13,5.72,308,376.3,Z8,A3,R3,30,79.0,87.7,34.46,71,23,C,X,CX
ORD00397,2,2026-01-10,App,Standard,4,SKU053,Grocery,Cooking,1,18.1,22.5,9.2,7.79,Ambient,Low,365,49.27,7,0.53,3.71,49,45.3,Z8,A2,R1,40,72.0,70.99,28.24,44,30,C,Z,CZ
ORD00397,3,2026-01-10,App,Standard,4,SKU065,Dairy & Chilled,Dairy,2,23.8,6.0,32.6,0.36,Chilled,Low,60,184.99,23,0.18,4.14,161,138.8,Z7,A2,R6,30,71.5,84.23,24.96,54,25,C,X,CX
ORD00397,4,2026-01-10,App,Standard,4,SKU100,Baby Care,Baby Food,2,9.4,15.9,38.1,1.85,Ambient,Low,30,728.71,20,0.33,6.6,140,126.8,Z7,A4,R2,50,73.5,79.37,29.38,62,29,A,Y,AY
ORD00398,1,2026-01-01,App,Standard,4,SKU050,Health & Wellness,Wellness,1,35.0,21.8,14.4,0.42,Ambient,High,60,1794.58,5,0.88,4.4,35,32.9,Z3,A3,R2,50,37.5,45.08,20.41,22,20,A,Z,AZ
ORD00398,2,2026-01-01,App,Standard,4,SKU001,Health & Wellness,OTC,5,27.7,26.5,10.3,1.36,Ambient,Medium,180,964.18,40,0.17,6.8,280,345.5,Z6,A5,R3,30,71.0,82.3,34.66,52,18,A,X,AX
ORD00398,3,2026-01-01,App,Standard,4,SKU067,Health & Wellness,Vitamins,1,19.0,6.9,31.4,1.88,Ambient,Medium,365,674.25,10,0.49,4.9,70,79.4,Z1,A4,R1,40,24.0,20.65,20.01,28,20,B,Y,BY
ORD00398,4,2026-01-01,App,Standard,4,SKU080,Health & Wellness,Wellness,2,22.3,10.3,28.0,1.87,HighValue,Medium,90,228.92,17,0.23,3.91,119,101.5,Z7,A4,R1,40,72.0,83.65,32.14,25,11,C,X,CX
ORD00399,1,2026-03-11,Web,Standard,3,SKU013,Personal Care,Oral Care,2,26.5,11.0,18.9,5.41,Ambient,Medium,30,41.53,3,0.5,1.5,21,21.9,Z1,A5,R1,40,28.0,34.42,25.34,10,8,C,Y,CY
ORD00399,2,2026-03-11,Web,Standard,3,SKU062,Personal Care,Hair Care,1,25.3,8.9,20.5,2.83,Ambient,Low,90,835.88,12,0.52,6.24,84,72.8,Z1,A3,R2,50,21.5,25.62,20.08,40,22,A,Z,AZ
ORD00399,3,2026-03-11,Web,Standard,3,SKU034,Personal Care,Hair Care,1,21.2,30.0,17.2,5.24,Ambient,Medium,60,378.87,12,0.26,3.12,84,59.7,Z3,A4,R1,40,40.0,41.02,24.92,18,13,C,Y,CY
ORD00400,1,2026-01-26,Web,Standard,2,SKU048,Household,Home Care,2,21.3,21.2,36.8,6.63,Ambient,Low,730,1488.03,8,0.38,3.04,56,67.6,Z6,A3,R6,30,67.5,84.25,28.48,35,15,A,Y,AY
ORD00400,2,2026-01-26,Web,Standard,2,SKU114,Household,Laundry,2,26.4,28.2,27.3,6.37,Ambient,Low,60,445.21,17,0.32,5.44,119,115.6,Z8,A4,R6,30,87.5,77.55,36.22,38,15,B,Y,BY
ORD00401,1,2026-03-06,App,Standard,3,SKU034,Personal Care,Hair Care,3,21.2,30.0,17.2,5.24,Ambient,Medium,60,378.87,12,0.26,3.12,84,59.7,Z3,A4,R1,40,40.0,37.67,27.03,18,13,C,Y,CY
ORD00401,2,2026-03-06,App,Standard,3,SKU089,Baby Care,Diapers,1,23.8,16.6,24.7,4.68,Ambient,Medium,365,598.69,2,0.88,1.76,14,17.3,Z2,A1,R6,30,27.5,32.29,16.45,18,14,C,Z,CZ
ORD00401,3,2026-03-06,App,Standard,3,SKU079,Dairy & Chilled,Dairy,2,33.7,19.0,28.5,3.35,Chilled,High,180,1565.86,5,0.43,2.15,35,38.4,Z7,A4,R6,30,79.5,98.24,30.3,18,16,B,Y,BY
ORD00402,1,2026-03-24,App,Standard,5,SKU006,Personal Care,Bath & Body,2,6.9,5.5,24.4,4.75,Fragile,Medium,30,431.37,14,0.21,2.94,98,117.4,Z6,A5,R6,30,75.5,76.84,36.86,41,16,B,X,BX
ORD00402,2,2026-03-24,App,Standard,5,SKU041,Personal Care,Hair Care,1,17.1,11.1,28.2,3.02,Ambient,High,365,612.15,6,0.34,2.04,42,45.6,Z5,A5,R6,30,67.5,61.46,31.77,43,26,B,Y,BY
ORD00402,3,2026-03-24,App,Standard,5,SKU031,Personal Care,Hair Care,3,19.3,28.6,15.5,3.18,Ambient,Medium,730,994.38,25,0.27,6.75,175,180.6,Z6,A4,R3,30,67.0,66.73,31.97,39,15,A,Y,AY
ORD00402,4,2026-03-24,App,Standard,5,SKU004,Personal Care,Hair Care,2,29.9,12.7,7.0,7.04,Ambient,Medium,30,1760.92,3,0.84,2.52,21,20.9,Z1,A5,R4,40,32.5,28.01,29.48,10,8,B,Z,BZ
ORD00402,5,2026-03-24,App,Standard,5,SKU028,Personal Care,Skin Care,1,29.0,21.7,39.6,4.8,Ambient,Medium,730,1608.34,6,0.39,2.34,42,39.3,Z2,A4,R1,40,32.0,31.98,24.56,18,9,A,Y,AY
ORD00403,1,2026-02-03,App,Standard,4,SKU004,Personal Care,Hair Care,1,29.9,12.7,7.0,7.04,Ambient,Medium,30,1760.92,3,0.84,2.52,21,20.9,Z1,A5,R4,40,32.5,28.82,29.87,10,8,B,Z,BZ
ORD00403,2,2026-02-03,App,Standard,4,SKU006,Personal Care,Bath & Body,4,6.9,5.5,24.4,4.75,Fragile,Medium,30,431.37,14,0.21,2.94,98,117.4,Z6,A5,R6,30,75.5,78.54,34.37,41,16,B,X,BX
ORD00403,3,2026-02-03,App,Standard,4,SKU062,Personal Care,Hair Care,3,25.3,8.9,20.5,2.83,Ambient,Low,90,835.88,12,0.52,6.24,84,72.8,Z1,A3,R2,50,21.5,22.89,20.04,40,22,A,Z,AZ
ORD00403,4,2026-02-03,App,Standard,4,SKU115,Personal Care,Oral Care,1,21.5,20.3,8.0,2.54,Ambient,Medium,180,1486.43,20,0.31,6.2,140,103.7,Z6,A2,R6,30,63.5,70.15,25.04,30,17,A,Y,AY
ORD00404,1,2026-02-09,App,Standard,3,SKU111,Grocery,Snacks,4,15.9,28.7,6.1,1.31,Ambient,Low,30,1043.71,25,0.28,7.0,175,173.5,Z8,A2,R2,50,73.5,64.89,24.77,52,19,A,Y,AY
ORD00404,2,2026-02-09,App,Standard,3,SKU042,Grocery,Beverages,1,10.8,8.0,23.8,6.12,Ambient,Medium,730,1071.52,8,0.29,2.32,56,62.6,Z4,A1,R1,40,36.0,43.37,17.34,43,26,A,Y,AY
ORD00404,3,2026-02-09,App,Standard,3,SKU057,Grocery,Breakfast,1,16.4,29.7,32.7,5.25,Ambient,Low,365,614.29,6,0.86,5.16,42,31.7,Z7,A2,R1,40,64.0,59.13,24.1,30,24,B,Z,BZ
ORD00405,1,2026-03-26,Web,Standard,3,SKU085,Grocery,Snacks,4,13.7,8.0,22.4,3.5,Ambient,Low,365,1504.2,28,0.21,5.88,196,224.1,Z5,A5,R5,50,66.0,72.78,36.27,65,22,A,X,AX
ORD00405,2,2026-03-26,Web,Standard,3,SKU072,Health & Wellness,Vitamins,2,24.3,19.9,5.7,6.32,HighValue,Low,365,389.24,6,0.45,2.7,42,48.6,Z6,A2,R4,40,60.5,51.77,26.76,54,33,B,Y,BY
ORD00405,3,2026-03-26,Web,Standard,3,SKU042,Grocery,Beverages,2,10.8,8.0,23.8,6.12,Ambient,Medium,730,1071.52,8,0.29,2.32,56,62.6,Z4,A1,R1,40,36.0,34.02,18.85,43,26,A,Y,AY
ORD00406,1,2026-02-20,App,Standard,3,SKU068,Grocery,Cooking,3,25.2,21.8,25.5,6.6,Ambient,Low,30,1124.7,14,0.25,3.5,98,119.4,Z8,A1,R3,30,71.0,69.93,27.38,35,16,A,X,AX
ORD00406,2,2026-02-20,App,Standard,3,SKU072,Health & Wellness,Vitamins,3,24.3,19.9,5.7,6.32,HighValue,Low,365,389.24,6,0.45,2.7,42,48.6,Z6,A2,R4,40,60.5,70.95,24.23,54,33,B,Y,BY
ORD00406,3,2026-02-20,App,Standard,3,SKU042,Grocery,Beverages,1,10.8,8.0,23.8,6.12,Ambient,Medium,730,1071.52,8,0.29,2.32,56,62.6,Z4,A1,R1,40,36.0,40.15,17.85,43,26,A,Y,AY
ORD00407,1,2026-03-27,App,Standard,5,SKU095,Baby Care,Diapers,3,33.4,29.9,36.9,0.84,Ambient,Low,90,344.97,23,0.29,6.67,161,131.7,Z6,A1,R2,50,53.5,54.81,19.4,43,20,C,Y,CY
ORD00407,2,2026-03-27,App,Standard,5,SKU112,Personal Care,Oral Care,2,5.8,9.7,23.1,7.32,Ambient,Medium,60,1793.55,2,0.88,1.76,14,12.0,Z8,A3,R2,50,77.5,92.75,28.96,36,24,A,Z,AZ
ORD00407,3,2026-03-27,App,Standard,5,SKU109,Health & Wellness,OTC,1,8.1,13.2,15.3,3.62,Ambient,Low,730,1569.32,5,0.55,2.75,35,31.3,Z3,A5,R1,40,44.0,53.97,27.65,22,19,A,Z,AZ
ORD00407,4,2026-03-27,App,Standard,5,SKU094,Health & Wellness,Wellness,2,7.4,21.6,37.1,2.55,Ambient,Medium,30,574.51,7,0.48,3.36,49,44.5,Z5,A3,R1,40,52.0,61.67,22.54,19,14,C,Y,CY
ORD00407,5,2026-03-27,App,Standard,5,SKU089,Baby Care,Diapers,1,23.8,16.6,24.7,4.68,Ambient,Medium,365,598.69,2,0.88,1.76,14,17.3,Z2,A1,R6,30,27.5,31.44,14.23,18,14,C,Z,CZ
ORD00408,1,2026-02-15,App,Standard,4,SKU098,Grocery,Breakfast,3,14.3,25.2,21.4,6.7,Ambient,High,180,1390.75,8,0.41,3.28,56,63.2,Z7,A2,R4,40,68.5,62.39,27.32,17,8,B,Y,BY
ORD00408,2,2026-02-15,App,Standard,4,SKU107,Grocery,Breakfast,5,6.1,21.2,15.0,6.91,Fragile,Medium,90,245.94,41,0.17,6.97,287,259.0,Z8,A5,R4,40,88.5,105.61,41.99,61,19,C,X,CX
ORD00408,3,2026-02-15,App,Standard,4,SKU090,Grocery,Breakfast,1,23.9,24.9,25.7,2.88,Ambient,Low,90,1501.26,6,0.39,2.34,42,31.2,Z7,A1,R3,30,63.0,77.46,22.72,36,19,A,Y,AY
ORD00408,4,2026-02-15,App,Standard,4,SKU117,Grocery,Snacks,1,11.8,28.7,23.2,2.34,Ambient,High,90,247.18,3,0.87,2.61,21,18.2,Z2,A5,R5,50,42.0,52.03,28.71,10,8,C,Z,CZ
ORD00409,1,2026-03-02,Web,Standard,3,SKU021,Grocery,Staples,4,20.3,22.0,34.5,2.72,Fragile,High,90,341.96,32,0.15,4.8,224,275.4,Z7,A5,R3,30,79.0,97.2,38.8,58,21,B,X,BX
ORD00409,2,2026-03-02,Web,Standard,3,SKU057,Grocery,Breakfast,1,16.4,29.7,32.7,5.25,Ambient,Low,365,614.29,6,0.86,5.16,42,31.7,Z7,A2,R1,40,64.0,70.94,26.06,30,24,B,Z,BZ
ORD00409,3,2026-03-02,Web,Standard,3,SKU005,Grocery,Breakfast,1,20.8,20.2,38.8,7.44,Ambient,Medium,180,1791.39,5,0.48,2.4,35,37.0,Z3,A4,R4,40,44.5,52.68,27.09,23,19,A,Y,AY
ORD00410,1,2026-01-10,App,Standard,2,SKU116,Health & Wellness,Wellness,2,25.4,13.6,35.7,6.26,Ambient,Low,30,1500.72,14,0.25,3.5,98,96.5,Z7,A4,R3,30,75.0,79.37,34.79,40,18,A,X,AX
ORD00410,2,2026-01-10,App,Standard,2,SKU038,Health & Wellness,Wellness,2,18.1,23.3,38.8,2.23,Ambient,Low,730,1076.64,20,0.29,5.8,140,122.8,Z7,A3,R1,40,68.0,74.08,28.96,56,25,A,Y,AY
ORD00411,1,2026-01-30,App,Standard,4,SKU038,Health & Wellness,Wellness,3,18.1,23.3,38.8,2.23,Ambient,Low,730,1076.64,20,0.29,5.8,140,122.8,Z7,A3,R1,40,68.0,71.05,29.29,56,25,A,Y,AY
ORD00411,2,2026-01-30,App,Standard,4,SKU109,Health & Wellness,OTC,1,8.1,13.2,15.3,3.62,Ambient,Low,730,1569.32,5,0.55,2.75,35,31.3,Z3,A5,R1,40,44.0,38.96,28.09,22,19,A,Z,AZ
ORD00411,3,2026-01-30,App,Standard,4,SKU012,Health & Wellness,Wellness,2,20.2,26.3,7.4,0.64,Ambient,Medium,365,1080.27,7,0.27,1.89,49,51.0,Z2,A2,R1,40,24.0,28.7,17.45,21,13,B,Y,BY
ORD00411,4,2026-01-30,App,Standard,4,SKU094,Health & Wellness,Wellness,1,7.4,21.6,37.1,2.55,Ambient,Medium,30,574.51,7,0.48,3.36,49,44.5,Z5,A3,R1,40,52.0,54.49,24.84,19,14,C,Y,CY
ORD00412,1,2026-03-31,App,Standard,6,SKU052,Grocery,Staples,1,29.7,5.0,35.4,3.75,Ambient,Medium,180,1135.1,36,0.23,8.28,252,281.7,Z8,A5,R5,50,90.0,102.01,40.89,56,20,A,X,AX
ORD00412,2,2026-03-31,App,Standard,6,SKU053,Grocery,Cooking,2,18.1,22.5,9.2,7.79,Ambient,Low,365,49.27,7,0.53,3.71,49,45.3,Z8,A2,R1,40,72.0,72.02,28.9,44,30,C,Z,CZ
ORD00412,3,2026-03-31,App,Standard,6,SKU117,Grocery,Snacks,1,11.8,28.7,23.2,2.34,Ambient,High,90,247.18,3,0.87,2.61,21,18.2,Z2,A5,R5,50,42.0,42.13,28.79,10,8,C,Z,CZ
ORD00412,4,2026-03-31,App,Standard,6,SKU042,Grocery,Beverages,2,10.8,8.0,23.8,6.12,Ambient,Medium,730,1071.52,8,0.29,2.32,56,62.6,Z4,A1,R1,40,36.0,42.03,17.99,43,26,A,Y,AY
ORD00412,5,2026-03-31,App,Standard,6,SKU090,Grocery,Breakfast,3,23.9,24.9,25.7,2.88,Ambient,Low,90,1501.26,6,0.39,2.34,42,31.2,Z7,A1,R3,30,63.0,56.51,21.37,36,19,A,Y,AY
ORD00412,6,2026-03-31,App,Standard,6,SKU061,Grocery,Cooking,2,28.8,9.2,7.8,6.98,Ambient,High,60,437.13,11,0.42,4.62,77,80.9,Z4,A3,R1,40,44.0,49.24,24.49,33,20,C,Y,CY
ORD00413,1,2026-03-19,Web,Express,3,SKU051,Baby Care,Diapers,2,15.0,21.8,35.0,2.71,Ambient,High,365,90.14,20,0.23,4.6,140,104.8,Z6,A4,R2,50,65.5,73.2,29.92,31,13,C,X,CX
ORD00413,2,2026-03-19,Web,Express,3,SKU023,Baby Care,Baby Hygiene,1,27.1,9.9,20.1,7.6,Ambient,Medium,30,1302.56,6,0.87,5.22,42,36.3,Z3,A4,R6,30,47.5,40.83,27.34,20,16,B,Z,BZ
ORD00413,3,2026-03-19,Web,Express,3,SKU095,Baby Care,Diapers,4,33.4,29.9,36.9,0.84,Ambient,Low,90,344.97,23,0.29,6.67,161,131.7,Z6,A1,R2,50,53.5,65.18,17.68,43,20,C,Y,CY
ORD00414,1,2026-01-04,App,Standard,4,SKU106,Grocery,Snacks,2,19.4,9.6,9.7,5.76,Ambient,Low,60,1597.28,12,0.54,6.48,84,73.4,Z5,A5,R1,40,60.0,66.56,33.29,27,16,A,Z,AZ
ORD00414,2,2026-01-04,App,Standard,4,SKU100,Baby Care,Baby Food,3,9.4,15.9,38.1,1.85,Ambient,Low,30,728.71,20,0.33,6.6,140,126.8,Z7,A4,R2,50,73.5,85.44,31.94,62,29,A,Y,AY
ORD00414,3,2026-01-04,App,Standard,4,SKU108,Pet Care,Pet Hygiene,1,16.6,29.3,22.4,4.03,Ambient,Medium,730,778.49,12,0.52,6.24,84,78.7,Z4,A1,R5,50,42.0,37.19,18.1,32,20,B,Z,BZ
ORD00414,4,2026-01-04,App,Standard,4,SKU049,Personal Care,Bath & Body,1,17.1,11.8,23.9,3.56,Ambient,Medium,365,469.4,6,0.55,3.3,42,31.5,Z5,A1,R1,40,44.0,51.57,17.86,44,39,B,Z,BZ
ORD00415,1,2026-01-30,App,Standard,3,SKU039,Grocery,Staples,1,12.3,16.6,26.4,3.09,Fragile,High,60,890.4,9,0.51,4.59,63,56.4,Z3,A1,R2,50,29.5,25.26,13.88,22,14,B,Z,BZ
ORD00415,2,2026-01-30,App,Standard,3,SKU075,Grocery,Breakfast,1,8.3,17.6,38.1,0.44,Ambient,Medium,180,1166.93,10,0.4,4.0,70,50.2,Z2,A1,R1,40,20.0,21.05,11.19,20,14,B,Y,BY
ORD00415,3,2026-01-30,App,Standard,3,SKU060,Grocery,Staples,1,27.8,22.6,8.5,1.41,Frozen,Low,30,545.73,4,0.89,3.56,28,25.4,Z1,A2,R6,30,23.5,25.24,15.63,12,10,C,Z,CZ
ORD00416,1,2026-01-23,App,Standard,3,SKU084,Personal Care,Oral Care,3,8.4,15.7,14.9,5.46,Ambient,Low,180,1772.39,16,0.3,4.8,112,81.8,Z5,A5,R3,30,63.0,75.64,34.94,28,13,A,Y,AY
ORD00416,2,2026-01-23,App,Standard,3,SKU031,Personal Care,Hair Care,3,19.3,28.6,15.5,3.18,Ambient,Medium,730,994.38,25,0.27,6.75,175,180.6,Z6,A4,R3,30,67.0,82.97,31.77,39,15,A,Y,AY
ORD00416,3,2026-01-23,App,Standard,3,SKU008,Personal Care,Bath & Body,1,26.9,21.8,39.4,0.88,Ambient,High,60,365.07,4,0.63,2.52,28,27.9,Z2,A1,R2,50,21.5,25.38,12.08,20,19,C,Z,CZ
ORD00417,1,2026-02-01,Web,Standard,4,SKU080,Health & Wellness,Wellness,3,22.3,10.3,28.0,1.87,HighValue,Medium,90,228.92,17,0.23,3.91,119,101.5,Z7,A4,R1,40,72.0,73.84,30.87,25,11,C,X,CX
ORD00417,2,2026-02-01,Web,Standard,4,SKU001,Health & Wellness,OTC,3,27.7,26.5,10.3,1.36,Ambient,Medium,180,964.18,40,0.17,6.8,280,345.5,Z6,A5,R3,30,71.0,65.81,37.62,52,18,A,X,AX
ORD00417,3,2026-02-01,Web,Standard,4,SKU110,Health & Wellness,Vitamins,1,33.4,6.9,27.3,2.97,Ambient,Low,365,1228.61,6,0.89,5.34,42,39.5,Z1,A5,R5,50,34.0,34.33,26.23,15,13,B,Z,BZ
ORD00417,4,2026-02-01,Web,Standard,4,SKU019,Health & Wellness,OTC,2,29.3,27.0,5.9,5.92,HighValue,High,730,1558.71,7,0.54,3.78,49,56.1,Z4,A3,R6,30,51.5,51.75,27.85,41,25,A,Z,AZ
ORD00418,1,2026-02-03,Web,Standard,4,SKU118,Household,Home Care,4,33.2,8.9,28.1,5.79,Ambient,Medium,30,169.17,44,0.13,5.72,308,376.3,Z8,A3,R3,30,79.0,85.45,34.66,71,23,C,X,CX
ORD00418,2,2026-02-03,Web,Standard,4,SKU053,Grocery,Cooking,1,18.1,22.5,9.2,7.79,Ambient,Low,365,49.27,7,0.53,3.71,49,45.3,Z8,A2,R1,40,72.0,89.58,29.18,44,30,C,Z,CZ
ORD00418,3,2026-02-03,Web,Standard,4,SKU065,Dairy & Chilled,Dairy,3,23.8,6.0,32.6,0.36,Chilled,Low,60,184.99,23,0.18,4.14,161,138.8,Z7,A2,R6,30,71.5,63.77,24.41,54,25,C,X,CX
ORD00418,4,2026-02-03,Web,Standard,4,SKU100,Baby Care,Baby Food,3,9.4,15.9,38.1,1.85,Ambient,Low,30,728.71,20,0.33,6.6,140,126.8,Z7,A4,R2,50,73.5,72.72,30.1,62,29,A,Y,AY
ORD00419,1,2026-03-31,App,Express,4,SKU066,Dairy & Chilled,Dairy,3,21.2,29.3,23.6,7.32,Chilled,Medium,90,1647.44,30,0.12,3.6,210,256.1,Z5,A5,R4,40,64.5,56.31,36.58,52,17,A,X,AX
ORD00419,2,2026-03-31,App,Express,4,SKU065,Dairy & Chilled,Dairy,2,23.8,6.0,32.6,0.36,Chilled,Low,60,184.99,23,0.18,4.14,161,138.8,Z7,A2,R6,30,71.5,65.0,24.37,54,25,C,X,CX
ORD00419,3,2026-03-31,App,Express,4,SKU079,Dairy & Chilled,Dairy,1,33.7,19.0,28.5,3.35,Chilled,High,180,1565.86,5,0.43,2.15,35,38.4,Z7,A4,R6,30,79.5,90.44,28.89,18,16,B,Y,BY
ORD00419,4,2026-03-31,App,Express,4,SKU102,Dairy & Chilled,Beverages,1,7.4,11.4,34.2,4.44,Chilled,Medium,365,776.28,5,0.4,2.0,35,39.4,Z5,A2,R5,50,54.0,61.62,22.77,10,8,C,Y,CY
ORD00420,1,2026-03-18,App,Standard,3,SKU085,Grocery,Snacks,4,13.7,8.0,22.4,3.5,Ambient,Low,365,1504.2,28,0.21,5.88,196,224.1,Z5,A5,R5,50,66.0,71.59,36.9,65,22,A,X,AX
ORD00420,2,2026-03-18,App,Standard,3,SKU072,Health & Wellness,Vitamins,3,24.3,19.9,5.7,6.32,HighValue,Low,365,389.24,6,0.45,2.7,42,48.6,Z6,A2,R4,40,60.5,52.71,26.73,54,33,B,Y,BY
ORD00420,3,2026-03-18,App,Standard,3,SKU042,Grocery,Beverages,2,10.8,8.0,23.8,6.12,Ambient,Medium,730,1071.52,8,0.29,2.32,56,62.6,Z4,A1,R1,40,36.0,41.75,17.98,43,26,A,Y,AY
ORD00421,1,2026-01-10,App,Standard,4,SKU065,Dairy & Chilled,Dairy,3,23.8,6.0,32.6,0.36,Chilled,Low,60,184.99,23,0.18,4.14,161,138.8,Z7,A2,R6,30,71.5,83.8,24.94,54,25,C,X,CX
ORD00421,2,2026-01-10,App,Standard,4,SKU053,Grocery,Cooking,1,18.1,22.5,9.2,7.79,Ambient,Low,365,49.27,7,0.53,3.71,49,45.3,Z8,A2,R1,40,72.0,85.6,27.63,44,30,C,Z,CZ
ORD00421,3,2026-01-10,App,Standard,4,SKU079,Dairy & Chilled,Dairy,1,33.7,19.0,28.5,3.35,Chilled,High,180,1565.86,5,0.43,2.15,35,38.4,Z7,A4,R6,30,79.5,73.22,31.33,18,16,B,Y,BY
ORD00421,4,2026-01-10,App,Standard,4,SKU118,Household,Home Care,3,33.2,8.9,28.1,5.79,Ambient,Medium,30,169.17,44,0.13,5.72,308,376.3,Z8,A3,R3,30,79.0,70.02,32.75,71,23,C,X,CX
ORD00422,1,2026-02-03,Web,Standard,3,SKU030,Grocery,Beverages,1,7.4,8.8,18.4,1.31,Ambient,Low,180,763.0,3,0.85,2.55,21,17.1,Z2,A2,R5,50,30.0,30.12,14.76,12,10,C,Z,CZ
ORD00422,2,2026-02-03,Web,Standard,3,SKU061,Grocery,Cooking,1,28.8,9.2,7.8,6.98,Ambient,High,60,437.13,11,0.42,4.62,77,80.9,Z4,A3,R1,40,44.0,47.32,26.4,33,20,C,Y,CY
ORD00422,3,2026-02-03,Web,Standard,3,SKU082,Grocery,Beverages,3,31.1,19.2,19.0,1.22,Ambient,Medium,60,692.75,10,0.25,2.5,70,66.5,Z7,A3,R2,50,69.5,64.31,28.04,13,9,C,X,CX
ORD00423,1,2026-03-21,App,Express,3,SKU066,Dairy & Chilled,Dairy,2,21.2,29.3,23.6,7.32,Chilled,Medium,90,1647.44,30,0.12,3.6,210,256.1,Z5,A5,R4,40,64.5,55.61,37.49,52,17,A,X,AX
ORD00423,2,2026-03-21,App,Express,3,SKU074,Dairy & Chilled,Dairy,1,28.7,10.9,16.3,1.48,Chilled,Low,730,772.2,15,0.16,2.4,105,80.1,Z6,A3,R3,30,63.0,77.69,25.32,53,23,A,X,AX
ORD00423,3,2026-03-21,App,Express,3,SKU102,Dairy & Chilled,Beverages,2,7.4,11.4,34.2,4.44,Chilled,Medium,365,776.28,5,0.4,2.0,35,39.4,Z5,A2,R5,50,54.0,52.63,22.28,10,8,C,Y,CY
ORD00424,1,2026-02-07,App,Standard,2,SKU082,Grocery,Beverages,1,31.1,19.2,19.0,1.22,Ambient,Medium,60,692.75,10,0.25,2.5,70,66.5,Z7,A3,R2,50,69.5,68.48,26.63,13,9,C,X,CX
ORD00424,2,2026-02-07,App,Standard,2,SKU030,Grocery,Beverages,1,7.4,8.8,18.4,1.31,Ambient,Low,180,763.0,3,0.85,2.55,21,17.1,Z2,A2,R5,50,30.0,35.31,15.58,12,10,C,Z,CZ
ORD00425,1,2026-01-25,App,Standard,5,SKU006,Personal Care,Bath & Body,1,6.9,5.5,24.4,4.75,Fragile,Medium,30,431.37,14,0.21,2.94,98,117.4,Z6,A5,R6,30,75.5,73.02,36.65,41,16,B,X,BX
ORD00425,2,2026-01-25,App,Standard,5,SKU008,Personal Care,Bath & Body,1,26.9,21.8,39.4,0.88,Ambient,High,60,365.07,4,0.63,2.52,28,27.9,Z2,A1,R2,50,21.5,21.52,12.71,20,19,C,Z,CZ
ORD00425,3,2026-01-25,App,Standard,5,SKU104,Personal Care,Oral Care,3,10.6,21.7,23.3,2.95,Ambient,Medium,365,1008.62,31,0.19,5.89,217,198.5,Z7,A1,R6,30,67.5,66.06,23.73,50,18,A,X,AX
ORD00425,4,2026-01-25,App,Standard,5,SKU027,Personal Care,Skin Care,1,12.3,21.4,5.2,6.03,Ambient,Low,60,1452.29,11,0.4,4.4,77,83.4,Z3,A4,R3,30,43.0,45.11,26.48,25,13,A,Y,AY
ORD00425,5,2026-01-25,App,Standard,5,SKU013,Personal Care,Oral Care,2,26.5,11.0,18.9,5.41,Ambient,Medium,30,41.53,3,0.5,1.5,21,21.9,Z1,A5,R1,40,28.0,31.46,25.91,10,8,C,Y,CY
ORD00426,1,2026-01-08,App,Express,4,SKU006,Personal Care,Bath & Body,3,6.9,5.5,24.4,4.75,Fragile,Medium,30,431.37,14,0.21,2.94,98,117.4,Z6,A5,R6,30,75.5,86.48,35.26,41,16,B,X,BX
ORD00426,2,2026-01-08,App,Express,4,SKU013,Personal Care,Oral Care,1,26.5,11.0,18.9,5.41,Ambient,Medium,30,41.53,3,0.5,1.5,21,21.9,Z1,A5,R1,40,28.0,27.95,24.21,10,8,C,Y,CY
ORD00426,3,2026-01-08,App,Express,4,SKU055,Personal Care,Skin Care,3,28.7,15.4,37.7,4.11,Ambient,Low,365,1054.36,14,0.21,2.94,98,104.2,Z8,A4,R1,40,80.0,71.16,33.79,38,17,A,X,AX
ORD00426,4,2026-01-08,App,Express,4,SKU031,Personal Care,Hair Care,4,19.3,28.6,15.5,3.18,Ambient,Medium,730,994.38,25,0.27,6.75,175,180.6,Z6,A4,R3,30,67.0,76.04,31.19,39,15,A,Y,AY
ORD00427,1,2026-01-10,Web,Express,4,SKU062,Personal Care,Hair Care,3,25.3,8.9,20.5,2.83,Ambient,Low,90,835.88,12,0.52,6.24,84,72.8,Z1,A3,R2,50,21.5,21.47,19.01,40,22,A,Z,AZ
ORD00427,2,2026-01-10,Web,Express,4,SKU072,Health & Wellness,Vitamins,3,24.3,19.9,5.7,6.32,HighValue,Low,365,389.24,6,0.45,2.7,42,48.6,Z6,A2,R4,40,60.5,54.85,22.25,54,33,B,Y,BY
ORD00427,3,2026-01-10,Web,Express,4,SKU042,Grocery,Beverages,1,10.8,8.0,23.8,6.12,Ambient,Medium,730,1071.52,8,0.29,2.32,56,62.6,Z4,A1,R1,40,36.0,43.3,17.39,43,26,A,Y,AY
ORD00427,4,2026-01-10,Web,Express,4,SKU085,Grocery,Snacks,3,13.7,8.0,22.4,3.5,Ambient,Low,365,1504.2,28,0.21,5.88,196,224.1,Z5,A5,R5,50,66.0,78.9,33.72,65,22,A,X,AX
ORD00428,1,2026-03-22,App,Standard,3,SKU115,Personal Care,Oral Care,3,21.5,20.3,8.0,2.54,Ambient,Medium,180,1486.43,20,0.31,6.2,140,103.7,Z6,A2,R6,30,63.5,73.46,23.08,30,17,A,Y,AY
ORD00428,2,2026-03-22,App,Standard,3,SKU092,Personal Care,Skin Care,1,29.3,25.9,39.4,0.77,Ambient,Medium,180,955.22,1,0.63,0.63,7,7.2,Z7,A5,R2,50,77.5,68.06,33.63,8,7,C,Z,CZ
ORD00428,3,2026-03-22,App,Standard,3,SKU004,Personal Care,Hair Care,1,29.9,12.7,7.0,7.04,Ambient,Medium,30,1760.92,3,0.84,2.52,21,20.9,Z1,A5,R4,40,32.5,37.91,27.28,10,8,B,Z,BZ
ORD00429,1,2026-01-09,Web,Standard,2,SKU042,Grocery,Beverages,1,10.8,8.0,23.8,6.12,Ambient,Medium,730,1071.52,8,0.29,2.32,56,62.6,Z4,A1,R1,40,36.0,42.79,16.23,43,26,A,Y,AY
ORD00429,2,2026-01-09,Web,Standard,2,SKU072,Health & Wellness,Vitamins,1,24.3,19.9,5.7,6.32,HighValue,Low,365,389.24,6,0.45,2.7,42,48.6,Z6,A2,R4,40,60.5,52.29,25.15,54,33,B,Y,BY
ORD00430,1,2026-03-03,App,Standard,2,SKU030,Grocery,Beverages,1,7.4,8.8,18.4,1.31,Ambient,Low,180,763.0,3,0.85,2.55,21,17.1,Z2,A2,R5,50,30.0,37.19,16.51,12,10,C,Z,CZ
ORD00430,2,2026-03-03,App,Standard,2,SKU071,Grocery,Beverages,3,33.5,26.4,8.5,5.52,Ambient,Low,180,514.69,16,0.24,3.84,112,138.0,Z4,A4,R6,30,55.5,48.15,32.1,35,15,B,X,BX
ORD00431,1,2026-01-02,App,Standard,6,SKU044,Pet Care,Cat Food,2,22.2,16.7,20.4,1.56,Ambient,Medium,30,736.26,14,0.33,4.62,98,72.6,Z7,A3,R5,50,74.0,80.71,29.78,79,32,A,Y,AY
ORD00431,2,2026-01-02,App,Standard,6,SKU069,Grocery,Cooking,1,24.1,16.6,29.5,5.23,Ambient,Low,180,231.11,8,0.44,3.52,56,46.4,Z7,A3,R4,40,72.5,77.49,27.74,36,23,C,Y,CY
ORD00431,3,2026-01-02,App,Standard,6,SKU046,Pet Care,Cat Food,1,14.2,20.5,26.3,5.95,Ambient,Low,730,169.11,14,0.55,7.7,98,81.5,Z6,A1,R3,30,55.0,48.18,19.7,34,22,C,Z,CZ
ORD00431,4,2026-01-02,App,Standard,6,SKU087,Health & Wellness,Vitamins,1,15.9,15.9,8.7,3.54,Ambient,Medium,60,616.2,7,0.74,5.18,49,38.8,Z1,A2,R5,50,22.0,25.04,15.04,29,22,B,Z,BZ
ORD00431,5,2026-01-02,App,Standard,6,SKU037,Pet Care,Pet Hygiene,2,22.0,6.0,23.6,5.33,Ambient,Low,180,1484.64,6,0.49,2.94,42,31.8,Z5,A2,R4,40,52.5,45.43,22.02,11,8,C,Y,CY
ORD00431,6,2026-01-02,App,Standard,6,SKU010,Pet Care,Dog Food,2,11.4,15.0,7.1,3.09,Ambient,Medium,180,531.32,4,0.64,2.56,28,30.3,Z4,A5,R2,50,53.5,45.6,30.03,17,13,C,Z,CZ
ORD00432,1,2026-01-01,App,Standard,4,SKU101,Personal Care,Hair Care,3,14.6,7.5,30.0,2.75,Ambient,High,180,1260.53,18,0.2,3.6,126,97.8,Z7,A2,R3,30,67.0,73.37,25.53,22,11,B,X,BX
ORD00432,2,2026-01-01,App,Standard,4,SKU115,Personal Care,Oral Care,2,21.5,20.3,8.0,2.54,Ambient,Medium,180,1486.43,20,0.31,6.2,140,103.7,Z6,A2,R6,30,63.5,65.53,26.39,30,17,A,Y,AY
ORD00432,3,2026-01-01,App,Standard,4,SKU006,Personal Care,Bath & Body,4,6.9,5.5,24.4,4.75,Fragile,Medium,30,431.37,14,0.21,2.94,98,117.4,Z6,A5,R6,30,75.5,80.38,34.51,41,16,B,X,BX
ORD00432,4,2026-01-01,App,Standard,4,SKU049,Personal Care,Bath & Body,1,17.1,11.8,23.9,3.56,Ambient,Medium,365,469.4,6,0.55,3.3,42,31.5,Z5,A1,R1,40,44.0,48.61,16.48,44,39,B,Z,BZ
ORD00433,1,2026-01-23,Web,Standard,6,SKU050,Health & Wellness,Wellness,1,35.0,21.8,14.4,0.42,Ambient,High,60,1794.58,5,0.88,4.4,35,32.9,Z3,A3,R2,50,37.5,46.16,20.75,22,20,A,Z,AZ
ORD00433,2,2026-01-23,Web,Standard,6,SKU072,Health & Wellness,Vitamins,1,24.3,19.9,5.7,6.32,HighValue,Low,365,389.24,6,0.45,2.7,42,48.6,Z6,A2,R4,40,60.5,67.53,24.52,54,33,B,Y,BY
ORD00433,3,2026-01-23,Web,Standard,6,SKU063,Health & Wellness,Vitamins,1,22.2,19.4,39.7,2.43,Ambient,Medium,730,1406.5,14,0.21,2.94,98,121.1,Z7,A1,R4,40,64.5,61.17,22.14,31,15,A,X,AX
ORD00433,4,2026-01-23,Web,Standard,6,SKU064,Health & Wellness,Wellness,2,32.1,24.4,13.1,6.44,HighValue,Low,90,1228.03,12,0.5,6.0,84,92.1,Z2,A4,R2,50,33.5,41.18,26.57,22,14,B,Y,BY
ORD00433,5,2026-01-23,Web,Standard,6,SKU038,Health & Wellness,Wellness,3,18.1,23.3,38.8,2.23,Ambient,Low,730,1076.64,20,0.29,5.8,140,122.8,Z7,A3,R1,40,68.0,67.68,29.01,56,25,A,Y,AY
ORD00433,6,2026-01-23,Web,Standard,6,SKU015,Health & Wellness,Wellness,2,29.5,12.5,28.2,7.52,HighValue,Low,30,1342.79,21,0.16,3.36,147,115.5,Z8,A1,R5,50,74.0,86.35,27.95,78,32,A,X,AX
ORD00434,1,2026-02-17,App,Express,4,SKU029,Pet Care,Cat Food,4,19.2,11.5,13.7,5.14,Ambient,Medium,90,805.77,15,0.3,4.5,105,114.7,Z6,A1,R5,50,58.0,54.09,19.42,35,17,A,Y,AY
ORD00434,2,2026-02-17,App,Express,4,SKU010,Pet Care,Dog Food,1,11.4,15.0,7.1,3.09,Ambient,Medium,180,531.32,4,0.64,2.56,28,30.3,Z4,A5,R2,50,53.5,66.52,26.78,17,13,C,Z,CZ
ORD00434,3,2026-02-17,App,Express,4,SKU058,Pet Care,Dog Food,2,5.5,8.6,35.5,7.76,Ambient,Low,365,1254.55,13,0.52,6.76,91,96.2,Z4,A1,R4,40,40.5,44.81,19.29,14,7,B,Z,BZ
ORD00434,4,2026-02-17,App,Express,4,SKU091,Pet Care,Dog Food,1,16.5,19.5,38.4,5.94,Fragile,High,365,1182.01,5,0.7,3.5,35,30.7,Z3,A5,R2,50,45.5,41.42,29.49,30,23,A,Z,AZ
ORD00435,1,2026-02-10,Web,Standard,3,SKU107,Grocery,Breakfast,2,6.1,21.2,15.0,6.91,Fragile,Medium,90,245.94,41,0.17,6.97,287,259.0,Z8,A5,R4,40,88.5,109.14,42.46,61,19,C,X,CX
ORD00435,2,2026-02-10,Web,Standard,3,SKU024,Grocery,Breakfast,1,13.9,8.2,19.7,7.53,Ambient,Medium,90,745.78,3,0.6,1.8,21,24.3,Z8,A5,R6,30,91.5,100.59,36.64,13,11,C,Z,CZ
ORD00435,3,2026-02-10,Web,Standard,3,SKU090,Grocery,Breakfast,1,23.9,24.9,25.7,2.88,Ambient,Low,90,1501.26,6,0.39,2.34,42,31.2,Z7,A1,R3,30,63.0,64.8,22.52,36,19,A,Y,AY
ORD00436,1,2026-02-13,App,Standard,4,SKU038,Health & Wellness,Wellness,3,18.1,23.3,38.8,2.23,Ambient,Low,730,1076.64,20,0.29,5.8,140,122.8,Z7,A3,R1,40,68.0,60.88,27.14,56,25,A,Y,AY
ORD00436,2,2026-02-13,App,Standard,4,SKU019,Health & Wellness,OTC,3,29.3,27.0,5.9,5.92,HighValue,High,730,1558.71,7,0.54,3.78,49,56.1,Z4,A3,R6,30,51.5,45.77,27.87,41,25,A,Z,AZ
ORD00436,3,2026-02-13,App,Standard,4,SKU063,Health & Wellness,Vitamins,1,22.2,19.4,39.7,2.43,Ambient,Medium,730,1406.5,14,0.21,2.94,98,121.1,Z7,A1,R4,40,64.5,67.02,23.36,31,15,A,X,AX
ORD00436,4,2026-02-13,App,Standard,4,SKU050,Health & Wellness,Wellness,1,35.0,21.8,14.4,0.42,Ambient,High,60,1794.58,5,0.88,4.4,35,32.9,Z3,A3,R2,50,37.5,40.67,21.86,22,20,A,Z,AZ
ORD00437,1,2026-02-16,Web,Express,6,SKU070,Household,Laundry,4,33.5,22.4,23.9,4.74,Ambient,Medium,180,1117.78,38,0.16,6.08,266,323.6,Z6,A5,R5,50,74.0,72.39,38.31,89,29,A,X,AX
ORD00437,2,2026-02-16,Web,Express,6,SKU046,Pet Care,Cat Food,2,14.2,20.5,26.3,5.95,Ambient,Low,730,169.11,14,0.55,7.7,98,81.5,Z6,A1,R3,30,55.0,48.58,21.59,34,22,C,Z,CZ
ORD00437,3,2026-02-16,Web,Express,6,SKU087,Health & Wellness,Vitamins,1,15.9,15.9,8.7,3.54,Ambient,Medium,60,616.2,7,0.74,5.18,49,38.8,Z1,A2,R5,50,22.0,18.84,16.95,29,22,B,Z,BZ
ORD00437,4,2026-02-16,Web,Express,6,SKU026,Household,Home Care,5,29.6,23.8,28.5,1.87,Frozen,Low,180,1110.01,43,0.15,6.45,301,337.9,Z6,A1,R6,30,59.5,54.6,21.02,80,26,A,X,AX
ORD00437,5,2026-02-16,Web,Express,6,SKU048,Household,Home Care,3,21.3,21.2,36.8,6.63,Ambient,Low,730,1488.03,8,0.38,3.04,56,67.6,Z6,A3,R6,30,67.5,64.94,26.46,35,15,A,Y,AY
ORD00437,6,2026-02-16,Web,Express,6,SKU003,Household,Cleaning,1,31.1,12.5,27.4,4.91,Ambient,Medium,365,1655.33,5,0.86,4.3,35,36.0,Z5,A4,R6,30,63.5,66.41,29.81,52,40,A,Z,AZ
ORD00438,1,2026-01-22,App,Standard,2,SKU031,Personal Care,Hair Care,1,19.3,28.6,15.5,3.18,Ambient,Medium,730,994.38,25,0.27,6.75,175,180.6,Z6,A4,R3,30,67.0,81.78,32.68,39,15,A,Y,AY
ORD00438,2,2026-01-22,App,Standard,2,SKU049,Personal Care,Bath & Body,1,17.1,11.8,23.9,3.56,Ambient,Medium,365,469.4,6,0.55,3.3,42,31.5,Z5,A1,R1,40,44.0,42.73,17.98,44,39,B,Z,BZ
ORD00439,1,2026-01-26,Web,Standard,6,SKU048,Household,Home Care,3,21.3,21.2,36.8,6.63,Ambient,Low,730,1488.03,8,0.38,3.04,56,67.6,Z6,A3,R6,30,67.5,75.36,27.53,35,15,A,Y,AY
ORD00439,2,2026-01-26,Web,Standard,6,SKU003,Household,Cleaning,1,31.1,12.5,27.4,4.91,Ambient,Medium,365,1655.33,5,0.86,4.3,35,36.0,Z5,A4,R6,30,63.5,56.86,29.86,52,40,A,Z,AZ
ORD00439,3,2026-01-26,Web,Standard,6,SKU097,Household,Cleaning,2,25.8,20.6,36.6,5.8,Fragile,Low,730,446.62,2,0.49,0.98,14,13.2,Z2,A2,R6,30,31.5,28.12,21.11,17,13,C,Y,CY
ORD00439,4,2026-01-26,Web,Standard,6,SKU043,Household,Cleaning,1,15.8,12.6,29.8,1.1,Fragile,Low,90,1262.92,8,0.34,2.72,56,43.1,Z1,A3,R1,40,20.0,18.23,17.07,28,17,A,Y,AY
ORD00439,5,2026-01-26,Web,Standard,6,SKU047,Household,Cleaning,3,25.7,16.7,6.1,2.38,Ambient,Low,60,1664.94,13,0.24,3.12,91,103.1,Z4,A5,R3,30,55.0,65.75,32.3,42,20,A,X,AX
ORD00439,6,2026-01-26,Web,Standard,6,SKU045,Household,Cleaning,1,21.9,12.6,39.8,1.04,Ambient,Medium,60,1401.86,7,0.29,2.03,49,44.6,Z5,A2,R1,40,48.0,56.29,17.96,18,14,B,Y,BY
ORD00440,1,2026-03-21,App,Standard,2,SKU069,Grocery,Cooking,1,24.1,16.6,29.5,5.23,Ambient,Low,180,231.11,8,0.44,3.52,56,46.4,Z7,A3,R4,40,72.5,67.72,29.58,36,23,C,Y,CY
ORD00440,2,2026-03-21,App,Standard,2,SKU044,Pet Care,Cat Food,3,22.2,16.7,20.4,1.56,Ambient,Medium,30,736.26,14,0.33,4.62,98,72.6,Z7,A3,R5,50,74.0,81.41,28.18,79,32,A,Y,AY
ORD00441,1,2026-01-25,App,Standard,3,SKU026,Household,Home Care,2,29.6,23.8,28.5,1.87,Frozen,Low,180,1110.01,43,0.15,6.45,301,337.9,Z6,A1,R6,30,59.5,73.73,22.56,80,26,A,X,AX
ORD00441,2,2026-01-25,App,Standard,3,SKU070,Household,Laundry,4,33.5,22.4,23.9,4.74,Ambient,Medium,180,1117.78,38,0.16,6.08,266,323.6,Z6,A5,R5,50,74.0,65.14,39.32,89,29,A,X,AX
ORD00441,3,2026-01-25,App,Standard,3,SKU077,Household,Laundry,1,17.9,24.8,9.0,5.27,Ambient,High,180,826.51,4,0.65,2.6,28,23.1,Z4,A2,R5,50,46.0,57.35,21.39,16,13,C,Z,CZ
ORD00442,1,2026-01-21,Web,Standard,3,SKU104,Personal Care,Oral Care,2,10.6,21.7,23.3,2.95,Ambient,Medium,365,1008.62,31,0.19,5.89,217,198.5,Z7,A1,R6,30,67.5,59.12,24.65,50,18,A,X,AX
ORD00442,2,2026-01-21,Web,Standard,3,SKU049,Personal Care,Bath & Body,1,17.1,11.8,23.9,3.56,Ambient,Medium,365,469.4,6,0.55,3.3,42,31.5,Z5,A1,R1,40,44.0,50.3,17.18,44,39,B,Z,BZ
ORD00442,3,2026-01-21,Web,Standard,3,SKU092,Personal Care,Skin Care,1,29.3,25.9,39.4,0.77,Ambient,Medium,180,955.22,1,0.63,0.63,7,7.2,Z7,A5,R2,50,77.5,68.35,34.08,8,7,C,Z,CZ
ORD00443,1,2026-02-27,Web,Standard,1,SKU091,Pet Care,Dog Food,1,16.5,19.5,38.4,5.94,Fragile,High,365,1182.01,5,0.7,3.5,35,30.7,Z3,A5,R2,50,45.5,47.58,29.22,30,23,A,Z,AZ
ORD00444,1,2026-03-11,Web,Standard,7,SKU026,Household,Home Care,5,29.6,23.8,28.5,1.87,Frozen,Low,180,1110.01,43,0.15,6.45,301,337.9,Z6,A1,R6,30,59.5,59.65,23.42,80,26,A,X,AX
ORD00444,2,2026-03-11,Web,Standard,7,SKU077,Household,Laundry,2,17.9,24.8,9.0,5.27,Ambient,High,180,826.51,4,0.65,2.6,28,23.1,Z4,A2,R5,50,46.0,45.83,20.78,16,13,C,Z,CZ
ORD00444,3,2026-03-11,Web,Standard,7,SKU033,Household,Home Care,1,17.9,26.7,11.4,2.16,Ambient,Low,180,518.91,5,0.28,1.4,35,42.8,Z8,A3,R4,40,80.5,97.58,29.74,17,10,C,Y,CY
ORD00444,4,2026-03-11,Web,Standard,7,SKU097,Household,Cleaning,1,25.8,20.6,36.6,5.8,Fragile,Low,730,446.62,2,0.49,0.98,14,13.2,Z2,A2,R6,30,31.5,29.51,21.6,17,13,C,Y,CY
ORD00444,5,2026-03-11,Web,Standard,7,SKU048,Household,Home Care,1,21.3,21.2,36.8,6.63,Ambient,Low,730,1488.03,8,0.38,3.04,56,67.6,Z6,A3,R6,30,67.5,64.69,28.88,35,15,A,Y,AY
ORD00444,6,2026-03-11,Web,Standard,7,SKU070,Household,Laundry,2,33.5,22.4,23.9,4.74,Ambient,Medium,180,1117.78,38,0.16,6.08,266,323.6,Z6,A5,R5,50,74.0,67.59,38.6,89,29,A,X,AX
ORD00444,7,2026-03-11,Web,Standard,7,SKU073,Household,Home Care,3,12.0,24.4,32.6,4.81,Ambient,High,365,469.91,8,0.49,3.92,56,44.6,Z6,A5,R1,40,68.0,65.35,34.21,26,15,C,Y,CY
ORD00445,1,2026-01-25,App,Standard,3,SKU086,Grocery,Staples,1,32.6,26.6,25.2,4.63,Ambient,Low,30,1740.0,4,0.41,1.64,28,22.2,Z5,A2,R3,30,51.0,53.36,22.14,16,12,B,Y,BY
ORD00445,2,2026-01-25,App,Standard,3,SKU120,Grocery,Staples,2,18.2,17.1,12.1,4.89,Ambient,Medium,90,1756.29,6,0.43,2.58,42,32.4,Z6,A2,R3,30,59.0,58.14,24.21,12,9,B,Y,BY
ORD00445,3,2026-01-25,App,Standard,3,SKU030,Grocery,Beverages,1,7.4,8.8,18.4,1.31,Ambient,Low,180,763.0,3,0.85,2.55,21,17.1,Z2,A2,R5,50,30.0,32.84,16.91,12,10,C,Z,CZ
ORD00446,1,2026-03-18,App,Standard,2,SKU037,Pet Care,Pet Hygiene,1,22.0,6.0,23.6,5.33,Ambient,Low,180,1484.64,6,0.49,2.94,42,31.8,Z5,A2,R4,40,52.5,51.19,23.94,11,8,C,Y,CY
ORD00446,2,2026-03-18,App,Standard,2,SKU046,Pet Care,Cat Food,3,14.2,20.5,26.3,5.95,Ambient,Low,730,169.11,14,0.55,7.7,98,81.5,Z6,A1,R3,30,55.0,64.06,22.71,34,22,C,Z,CZ
ORD00447,1,2026-03-13,Web,Standard,3,SKU100,Baby Care,Baby Food,2,9.4,15.9,38.1,1.85,Ambient,Low,30,728.71,20,0.33,6.6,140,126.8,Z7,A4,R2,50,73.5,73.77,32.38,62,29,A,Y,AY
ORD00447,2,2026-03-13,Web,Standard,3,SKU108,Pet Care,Pet Hygiene,1,16.6,29.3,22.4,4.03,Ambient,Medium,730,778.49,12,0.52,6.24,84,78.7,Z4,A1,R5,50,42.0,44.59,17.48,32,20,B,Z,BZ
ORD00447,3,2026-03-13,Web,Standard,3,SKU049,Personal Care,Bath & Body,1,17.1,11.8,23.9,3.56,Ambient,Medium,365,469.4,6,0.55,3.3,42,31.5,Z5,A1,R1,40,44.0,54.07,19.12,44,39,B,Z,BZ
ORD00448,1,2026-02-04,App,Standard,2,SKU050,Health & Wellness,Wellness,2,35.0,21.8,14.4,0.42,Ambient,High,60,1794.58,5,0.88,4.4,35,32.9,Z3,A3,R2,50,37.5,34.07,20.86,22,20,A,Z,AZ
ORD00448,2,2026-02-04,App,Standard,2,SKU064,Health & Wellness,Wellness,1,32.1,24.4,13.1,6.44,HighValue,Low,90,1228.03,12,0.5,6.0,84,92.1,Z2,A4,R2,50,33.5,41.68,25.7,22,14,B,Y,BY
ORD00449,1,2026-03-19,App,Standard,5,SKU026,Household,Home Care,4,29.6,23.8,28.5,1.87,Frozen,Low,180,1110.01,43,0.15,6.45,301,337.9,Z6,A1,R6,30,59.5,56.79,20.7,80,26,A,X,AX
ORD00449,2,2026-03-19,App,Standard,5,SKU099,Household,Laundry,1,29.0,8.5,13.8,5.17,Ambient,Low,365,1535.82,7,0.5,3.5,49,42.0,Z8,A1,R6,30,75.5,83.85,22.29,38,24,A,Y,AY
ORD00449,3,2026-03-19,App,Standard,5,SKU088,Household,Cleaning,2,32.2,13.7,30.5,6.57,Ambient,Low,60,332.96,13,0.4,5.2,91,71.4,Z1,A2,R4,40,20.5,21.24,17.03,63,34,B,Y,BY
ORD00449,4,2026-03-19,App,Standard,5,SKU043,Household,Cleaning,3,15.8,12.6,29.8,1.1,Fragile,Low,90,1262.92,8,0.34,2.72,56,43.1,Z1,A3,R1,40,20.0,22.01,16.28,28,17,A,Y,AY
ORD00449,5,2026-03-19,App,Standard,5,SKU077,Household,Laundry,1,17.9,24.8,9.0,5.27,Ambient,High,180,826.51,4,0.65,2.6,28,23.1,Z4,A2,R5,50,46.0,53.06,22.34,16,13,C,Z,CZ
ORD00450,1,2026-01-14,App,Standard,6,SKU057,Grocery,Breakfast,1,16.4,29.7,32.7,5.25,Ambient,Low,365,614.29,6,0.86,5.16,42,31.7,Z7,A2,R1,40,64.0,62.76,24.7,30,24,B,Z,BZ
ORD00450,2,2026-01-14,App,Standard,6,SKU015,Health & Wellness,Wellness,3,29.5,12.5,28.2,7.52,HighValue,Low,30,1342.79,21,0.16,3.36,147,115.5,Z8,A1,R5,50,74.0,71.27,25.05,78,32,A,X,AX
ORD00450,3,2026-01-14,App,Standard,6,SKU003,Household,Cleaning,1,31.1,12.5,27.4,4.91,Ambient,Medium,365,1655.33,5,0.86,4.3,35,36.0,Z5,A4,R6,30,63.5,76.41,30.07,52,40,A,Z,AZ
ORD00450,4,2026-01-14,App,Standard,6,SKU041,Personal Care,Hair Care,1,17.1,11.1,28.2,3.02,Ambient,High,365,612.15,6,0.34,2.04,42,45.6,Z5,A5,R6,30,67.5,60.94,32.47,43,26,B,Y,BY
ORD00450,5,2026-01-14,App,Standard,6,SKU035,Grocery,Snacks,1,21.9,10.4,29.5,6.16,Ambient,Medium,30,1405.58,12,0.45,5.4,84,66.4,Z1,A1,R6,30,19.5,17.76,13.66,14,10,B,Y,BY
ORD00450,6,2026-01-14,App,Standard,6,SKU117,Grocery,Snacks,1,11.8,28.7,23.2,2.34,Ambient,High,90,247.18,3,0.87,2.61,21,18.2,Z2,A5,R5,50,42.0,39.65,28.85,10,8,C,Z,CZ
ORD00451,1,2026-02-16,Web,Standard,7,SKU043,Household,Cleaning,1,15.8,12.6,29.8,1.1,Fragile,Low,90,1262.92,8,0.34,2.72,56,43.1,Z1,A3,R1,40,20.0,22.16,16.61,28,17,A,Y,AY
ORD00451,2,2026-02-16,Web,Standard,7,SKU048,Household,Home Care,2,21.3,21.2,36.8,6.63,Ambient,Low,730,1488.03,8,0.38,3.04,56,67.6,Z6,A3,R6,30,67.5,80.13,27.41,35,15,A,Y,AY
ORD00451,3,2026-02-16,Web,Standard,7,SKU047,Household,Cleaning,1,25.7,16.7,6.1,2.38,Ambient,Low,60,1664.94,13,0.24,3.12,91,103.1,Z4,A5,R3,30,55.0,51.57,29.73,42,20,A,X,AX
ORD00451,4,2026-02-16,Web,Standard,7,SKU099,Household,Laundry,1,29.0,8.5,13.8,5.17,Ambient,Low,365,1535.82,7,0.5,3.5,49,42.0,Z8,A1,R6,30,75.5,90.46,22.74,38,24,A,Y,AY
ORD00451,5,2026-02-16,Web,Standard,7,SKU014,Household,Cleaning,2,20.2,8.3,17.2,0.64,Ambient,Low,365,1273.78,14,0.26,3.64,98,101.6,Z8,A5,R2,50,85.5,98.53,34.59,35,16,A,Y,AY
ORD00451,6,2026-02-16,Web,Standard,7,SKU118,Household,Home Care,4,33.2,8.9,28.1,5.79,Ambient,Medium,30,169.17,44,0.13,5.72,308,376.3,Z8,A3,R3,30,79.0,91.34,31.94,71,23,C,X,CX
ORD00451,7,2026-02-16,Web,Standard,7,SKU073,Household,Home Care,1,12.0,24.4,32.6,4.81,Ambient,High,365,469.91,8,0.49,3.92,56,44.6,Z6,A5,R1,40,68.0,76.76,33.57,26,15,C,Y,CY
ORD00452,1,2026-03-12,Web,Standard,2,SKU026,Household,Home Care,2,29.6,23.8,28.5,1.87,Frozen,Low,180,1110.01,43,0.15,6.45,301,337.9,Z6,A1,R6,30,59.5,63.34,21.41,80,26,A,X,AX
ORD00452,2,2026-03-12,Web,Standard,2,SKU003,Household,Cleaning,2,31.1,12.5,27.4,4.91,Ambient,Medium,365,1655.33,5,0.86,4.3,35,36.0,Z5,A4,R6,30,63.5,61.12,30.69,52,40,A,Z,AZ
ORD00453,1,2026-03-13,Web,Standard,3,SKU050,Health & Wellness,Wellness,1,35.0,21.8,14.4,0.42,Ambient,High,60,1794.58,5,0.88,4.4,35,32.9,Z3,A3,R2,50,37.5,34.94,21.87,22,20,A,Z,AZ
ORD00453,2,2026-03-13,Web,Standard,3,SKU064,Health & Wellness,Wellness,1,32.1,24.4,13.1,6.44,HighValue,Low,90,1228.03,12,0.5,6.0,84,92.1,Z2,A4,R2,50,33.5,29.91,25.94,22,14,B,Y,BY
ORD00453,3,2026-03-13,Web,Standard,3,SKU072,Health & Wellness,Vitamins,3,24.3,19.9,5.7,6.32,HighValue,Low,365,389.24,6,0.45,2.7,42,48.6,Z6,A2,R4,40,60.5,69.81,24.06,54,33,B,Y,BY
ORD00454,1,2026-02-08,App,Express,5,SKU080,Health & Wellness,Wellness,2,22.3,10.3,28.0,1.87,HighValue,Medium,90,228.92,17,0.23,3.91,119,101.5,Z7,A4,R1,40,72.0,78.53,31.09,25,11,C,X,CX
ORD00454,2,2026-02-08,App,Express,5,SKU109,Health & Wellness,OTC,1,8.1,13.2,15.3,3.62,Ambient,Low,730,1569.32,5,0.55,2.75,35,31.3,Z3,A5,R1,40,44.0,47.27,26.59,22,19,A,Z,AZ
ORD00454,3,2026-02-08,App,Express,5,SKU001,Health & Wellness,OTC,2,27.7,26.5,10.3,1.36,Ambient,Medium,180,964.18,40,0.17,6.8,280,345.5,Z6,A5,R3,30,71.0,84.7,35.8,52,18,A,X,AX
ORD00454,4,2026-02-08,App,Express,5,SKU076,Health & Wellness,Vitamins,1,19.7,27.7,7.6,0.74,Ambient,Medium,365,1289.07,4,0.74,2.96,28,25.5,Z2,A1,R3,30,23.0,27.69,12.91,11,10,C,Z,CZ
ORD00454,5,2026-02-08,App,Express,5,SKU116,Health & Wellness,Wellness,3,25.4,13.6,35.7,6.26,Ambient,Low,30,1500.72,14,0.25,3.5,98,96.5,Z7,A4,R3,30,75.0,89.46,33.02,40,18,A,X,AX
ORD00455,1,2026-02-05,App,Standard,6,SKU039,Grocery,Staples,1,12.3,16.6,26.4,3.09,Fragile,High,60,890.4,9,0.51,4.59,63,56.4,Z3,A1,R2,50,29.5,36.08,14.89,22,14,B,Z,BZ
ORD00455,2,2026-02-05,App,Standard,6,SKU107,Grocery,Breakfast,5,6.1,21.2,15.0,6.91,Fragile,Medium,90,245.94,41,0.17,6.97,287,259.0,Z8,A5,R4,40,88.5,79.48,43.06,61,19,C,X,CX
ORD00455,3,2026-02-05,App,Standard,6,SKU030,Grocery,Beverages,1,7.4,8.8,18.4,1.31,Ambient,Low,180,763.0,3,0.85,2.55,21,17.1,Z2,A2,R5,50,30.0,35.01,18.08,12,10,C,Z,CZ
ORD00455,4,2026-02-05,App,Standard,6,SKU021,Grocery,Staples,5,20.3,22.0,34.5,2.72,Fragile,High,90,341.96,32,0.15,4.8,224,275.4,Z7,A5,R3,30,79.0,72.67,39.24,58,21,B,X,BX
ORD00455,5,2026-02-05,App,Standard,6,SKU017,Grocery,Beverages,1,21.6,15.7,5.3,0.69,Ambient,Medium,90,1058.95,2,0.77,1.54,14,10.9,Z8,A2,R6,30,79.5,82.05,25.59,9,7,C,Z,CZ
ORD00455,6,2026-02-05,App,Standard,6,SKU069,Grocery,Cooking,3,24.1,16.6,29.5,5.23,Ambient,Low,180,231.11,8,0.44,3.52,56,46.4,Z7,A3,R4,40,72.5,69.55,29.61,36,23,C,Y,CY
ORD00456,1,2026-01-03,App,Standard,4,SKU059,Pet Care,Pet Hygiene,4,14.5,23.0,31.6,6.99,Fragile,Low,730,1239.81,41,0.16,6.56,287,246.3,Z7,A2,R5,50,70.0,67.38,29.11,67,20,A,X,AX
ORD00456,2,2026-01-03,App,Standard,4,SKU049,Personal Care,Bath & Body,1,17.1,11.8,23.9,3.56,Ambient,Medium,365,469.4,6,0.55,3.3,42,31.5,Z5,A1,R1,40,44.0,37.83,18.78,44,39,B,Z,BZ
ORD00456,3,2026-01-03,App,Standard,4,SKU023,Baby Care,Baby Hygiene,1,27.1,9.9,20.1,7.6,Ambient,Medium,30,1302.56,6,0.87,5.22,42,36.3,Z3,A4,R6,30,47.5,44.84,29.82,20,16,B,Z,BZ
ORD00456,4,2026-01-03,App,Standard,4,SKU010,Pet Care,Dog Food,1,11.4,15.0,7.1,3.09,Ambient,Medium,180,531.32,4,0.64,2.56,28,30.3,Z4,A5,R2,50,53.5,59.39,27.64,17,13,C,Z,CZ
ORD00457,1,2026-03-14,App,Standard,5,SKU055,Personal Care,Skin Care,1,28.7,15.4,37.7,4.11,Ambient,Low,365,1054.36,14,0.21,2.94,98,104.2,Z8,A4,R1,40,80.0,79.1,34.87,38,17,A,X,AX
ORD00457,2,2026-03-14,App,Standard,5,SKU104,Personal Care,Oral Care,2,10.6,21.7,23.3,2.95,Ambient,Medium,365,1008.62,31,0.19,5.89,217,198.5,Z7,A1,R6,30,67.5,70.0,23.42,50,18,A,X,AX
ORD00457,3,2026-03-14,App,Standard,5,SKU034,Personal Care,Hair Care,1,21.2,30.0,17.2,5.24,Ambient,Medium,60,378.87,12,0.26,3.12,84,59.7,Z3,A4,R1,40,40.0,47.03,25.77,18,13,C,Y,CY
ORD00457,4,2026-03-14,App,Standard,5,SKU006,Personal Care,Bath & Body,3,6.9,5.5,24.4,4.75,Fragile,Medium,30,431.37,14,0.21,2.94,98,117.4,Z6,A5,R6,30,75.5,80.55,35.71,41,16,B,X,BX
ORD00457,5,2026-03-14,App,Standard,5,SKU049,Personal Care,Bath & Body,1,17.1,11.8,23.9,3.56,Ambient,Medium,365,469.4,6,0.55,3.3,42,31.5,Z5,A1,R1,40,44.0,48.0,17.48,44,39,B,Z,BZ
ORD00458,1,2026-01-18,App,Standard,3,SKU045,Household,Cleaning,3,21.9,12.6,39.8,1.04,Ambient,Medium,60,1401.86,7,0.29,2.03,49,44.6,Z5,A2,R1,40,48.0,56.14,18.47,18,14,B,Y,BY
ORD00458,2,2026-01-18,App,Standard,3,SKU070,Household,Laundry,2,33.5,22.4,23.9,4.74,Ambient,Medium,180,1117.78,38,0.16,6.08,266,323.6,Z6,A5,R5,50,74.0,68.99,39.72,89,29,A,X,AX
ORD00458,3,2026-01-18,App,Standard,3,SKU099,Household,Laundry,2,29.0,8.5,13.8,5.17,Ambient,Low,365,1535.82,7,0.5,3.5,49,42.0,Z8,A1,R6,30,75.5,76.83,22.49,38,24,A,Y,AY
ORD00459,1,2026-01-15,Web,Standard,7,SKU066,Dairy & Chilled,Dairy,3,21.2,29.3,23.6,7.32,Chilled,Medium,90,1647.44,30,0.12,3.6,210,256.1,Z5,A5,R4,40,64.5,71.77,37.9,52,17,A,X,AX
ORD00459,2,2026-01-15,Web,Standard,7,SKU011,Dairy & Chilled,Ready-to-Eat,1,13.9,29.2,25.3,4.38,Chilled,Medium,30,114.0,12,0.3,3.6,84,80.8,Z3,A1,R4,40,32.5,37.37,16.87,16,12,C,Y,CY
ORD00459,3,2026-01-15,Web,Standard,7,SKU074,Dairy & Chilled,Dairy,3,28.7,10.9,16.3,1.48,Chilled,Low,730,772.2,15,0.16,2.4,105,80.1,Z6,A3,R3,30,63.0,59.24,28.21,53,23,A,X,AX
ORD00459,4,2026-01-15,Web,Standard,7,SKU079,Dairy & Chilled,Dairy,1,33.7,19.0,28.5,3.35,Chilled,High,180,1565.86,5,0.43,2.15,35,38.4,Z7,A4,R6,30,79.5,89.64,30.79,18,16,B,Y,BY
ORD00459,5,2026-01-15,Web,Standard,7,SKU065,Dairy & Chilled,Dairy,3,23.8,6.0,32.6,0.36,Chilled,Low,60,184.99,23,0.18,4.14,161,138.8,Z7,A2,R6,30,71.5,86.32,25.04,54,25,C,X,CX
ORD00459,6,2026-01-15,Web,Standard,7,SKU043,Household,Cleaning,3,15.8,12.6,29.8,1.1,Fragile,Low,90,1262.92,8,0.34,2.72,56,43.1,Z1,A3,R1,40,20.0,20.96,18.57,28,17,A,Y,AY
ORD00459,7,2026-01-15,Web,Standard,7,SKU020,Grocery,Staples,3,30.8,10.6,33.6,3.74,Ambient,Low,30,1196.56,11,0.51,5.61,77,70.8,Z8,A4,R3,30,83.0,80.73,32.99,37,19,A,Z,AZ
ORD00460,1,2026-02-21,App,Standard,3,SKU028,Personal Care,Skin Care,3,29.0,21.7,39.6,4.8,Ambient,Medium,730,1608.34,6,0.39,2.34,42,39.3,Z2,A4,R1,40,32.0,31.78,24.63,18,9,A,Y,AY
ORD00460,2,2026-02-21,App,Standard,3,SKU013,Personal Care,Oral Care,1,26.5,11.0,18.9,5.41,Ambient,Medium,30,41.53,3,0.5,1.5,21,21.9,Z1,A5,R1,40,28.0,27.16,27.35,10,8,C,Y,CY
ORD00460,3,2026-02-21,App,Standard,3,SKU034,Personal Care,Hair Care,1,21.2,30.0,17.2,5.24,Ambient,Medium,60,378.87,12,0.26,3.12,84,59.7,Z3,A4,R1,40,40.0,40.86,25.48,18,13,C,Y,CY
ORD00461,1,2026-03-17,App,Standard,6,SKU074,Dairy & Chilled,Dairy,2,28.7,10.9,16.3,1.48,Chilled,Low,730,772.2,15,0.16,2.4,105,80.1,Z6,A3,R3,30,63.0,75.74,26.8,53,23,A,X,AX
ORD00461,2,2026-03-17,App,Standard,6,SKU088,Household,Cleaning,3,32.2,13.7,30.5,6.57,Ambient,Low,60,332.96,13,0.4,5.2,91,71.4,Z1,A2,R4,40,20.5,25.58,19.15,63,34,B,Y,BY
ORD00461,3,2026-03-17,App,Standard,6,SKU032,Grocery,Snacks,1,5.9,13.4,28.8,3.29,Ambient,Low,365,973.07,9,0.38,3.42,63,75.5,Z5,A2,R2,50,49.5,57.1,22.51,47,27,A,Y,AY
ORD00461,4,2026-03-17,App,Standard,6,SKU005,Grocery,Breakfast,1,20.8,20.2,38.8,7.44,Ambient,Medium,180,1791.39,5,0.48,2.4,35,37.0,Z3,A4,R4,40,44.5,39.46,27.3,23,19,A,Y,AY
ORD00461,5,2026-03-17,App,Standard,6,SKU090,Grocery,Breakfast,1,23.9,24.9,25.7,2.88,Ambient,Low,90,1501.26,6,0.39,2.34,42,31.2,Z7,A1,R3,30,63.0,69.46,22.27,36,19,A,Y,AY
ORD00461,6,2026-03-17,App,Standard,6,SKU102,Dairy & Chilled,Beverages,1,7.4,11.4,34.2,4.44,Chilled,Medium,365,776.28,5,0.4,2.0,35,39.4,Z5,A2,R5,50,54.0,53.19,21.89,10,8,C,Y,CY
ORD00462,1,2026-03-19,App,Standard,7,SKU006,Personal Care,Bath & Body,2,6.9,5.5,24.4,4.75,Fragile,Medium,30,431.37,14,0.21,2.94,98,117.4,Z6,A5,R6,30,75.5,80.35,36.78,41,16,B,X,BX
ORD00462,2,2026-03-19,App,Standard,7,SKU055,Personal Care,Skin Care,3,28.7,15.4,37.7,4.11,Ambient,Low,365,1054.36,14,0.21,2.94,98,104.2,Z8,A4,R1,40,80.0,71.77,33.18,38,17,A,X,AX
ORD00462,3,2026-03-19,App,Standard,7,SKU112,Personal Care,Oral Care,1,5.8,9.7,23.1,7.32,Ambient,Medium,60,1793.55,2,0.88,1.76,14,12.0,Z8,A3,R2,50,77.5,79.88,29.28,36,24,A,Z,AZ
ORD00462,4,2026-03-19,App,Standard,7,SKU101,Personal Care,Hair Care,3,14.6,7.5,30.0,2.75,Ambient,High,180,1260.53,18,0.2,3.6,126,97.8,Z7,A2,R3,30,67.0,73.06,23.28,22,11,B,X,BX
ORD00462,5,2026-03-19,App,Standard,7,SKU034,Personal Care,Hair Care,1,21.2,30.0,17.2,5.24,Ambient,Medium,60,378.87,12,0.26,3.12,84,59.7,Z3,A4,R1,40,40.0,49.5,27.15,18,13,C,Y,CY
ORD00462,6,2026-03-19,App,Standard,7,SKU115,Personal Care,Oral Care,1,21.5,20.3,8.0,2.54,Ambient,Medium,180,1486.43,20,0.31,6.2,140,103.7,Z6,A2,R6,30,63.5,60.3,24.62,30,17,A,Y,AY
ORD00462,7,2026-03-19,App,Standard,7,SKU104,Personal Care,Oral Care,3,10.6,21.7,23.3,2.95,Ambient,Medium,365,1008.62,31,0.19,5.89,217,198.5,Z7,A1,R6,30,67.5,75.03,24.62,50,18,A,X,AX
ORD00463,1,2026-01-23,App,Standard,5,SKU006,Personal Care,Bath & Body,3,6.9,5.5,24.4,4.75,Fragile,Medium,30,431.37,14,0.21,2.94,98,117.4,Z6,A5,R6,30,75.5,85.57,35.48,41,16,B,X,BX
ORD00463,2,2026-01-23,App,Standard,5,SKU041,Personal Care,Hair Care,3,17.1,11.1,28.2,3.02,Ambient,High,365,612.15,6,0.34,2.04,42,45.6,Z5,A5,R6,30,67.5,72.05,31.24,43,26,B,Y,BY
ORD00463,3,2026-01-23,App,Standard,5,SKU062,Personal Care,Hair Care,1,25.3,8.9,20.5,2.83,Ambient,Low,90,835.88,12,0.52,6.24,84,72.8,Z1,A3,R2,50,21.5,22.03,17.17,40,22,A,Z,AZ
ORD00463,4,2026-01-23,App,Standard,5,SKU104,Personal Care,Oral Care,4,10.6,21.7,23.3,2.95,Ambient,Medium,365,1008.62,31,0.19,5.89,217,198.5,Z7,A1,R6,30,67.5,59.73,22.24,50,18,A,X,AX
ORD00463,5,2026-01-23,App,Standard,5,SKU084,Personal Care,Oral Care,3,8.4,15.7,14.9,5.46,Ambient,Low,180,1772.39,16,0.3,4.8,112,81.8,Z5,A5,R3,30,63.0,65.51,34.69,28,13,A,Y,AY
ORD00464,1,2026-03-06,App,Express,6,SKU113,Health & Wellness,Vitamins,2,30.6,16.3,36.5,3.62,HighValue,Medium,90,1210.42,16,0.18,2.88,112,122.1,Z6,A3,R1,40,60.0,51.95,24.86,30,13,A,X,AX
ORD00464,2,2026-03-06,App,Express,6,SKU038,Health & Wellness,Wellness,1,18.1,23.3,38.8,2.23,Ambient,Low,730,1076.64,20,0.29,5.8,140,122.8,Z7,A3,R1,40,68.0,78.11,25.93,56,25,A,Y,AY
ORD00464,3,2026-03-06,App,Express,6,SKU019,Health & Wellness,OTC,1,29.3,27.0,5.9,5.92,HighValue,High,730,1558.71,7,0.54,3.78,49,56.1,Z4,A3,R6,30,51.5,54.29,24.68,41,25,A,Z,AZ
ORD00464,4,2026-03-06,App,Express,6,SKU001,Health & Wellness,OTC,1,27.7,26.5,10.3,1.36,Ambient,Medium,180,964.18,40,0.17,6.8,280,345.5,Z6,A5,R3,30,71.0,67.9,34.18,52,18,A,X,AX
ORD00464,5,2026-03-06,App,Express,6,SKU015,Health & Wellness,Wellness,2,29.5,12.5,28.2,7.52,HighValue,Low,30,1342.79,21,0.16,3.36,147,115.5,Z8,A1,R5,50,74.0,86.92,24.67,78,32,A,X,AX
ORD00464,6,2026-03-06,App,Express,6,SKU012,Health & Wellness,Wellness,1,20.2,26.3,7.4,0.64,Ambient,Medium,365,1080.27,7,0.27,1.89,49,51.0,Z2,A2,R1,40,24.0,25.01,14.16,21,13,B,Y,BY
ORD00465,1,2026-01-28,App,Standard,2,SKU059,Pet Care,Pet Hygiene,5,14.5,23.0,31.6,6.99,Fragile,Low,730,1239.81,41,0.16,6.56,287,246.3,Z7,A2,R5,50,70.0,73.87,28.37,67,20,A,X,AX
ORD00465,2,2026-01-28,App,Standard,2,SKU049,Personal Care,Bath & Body,2,17.1,11.8,23.9,3.56,Ambient,Medium,365,469.4,6,0.55,3.3,42,31.5,Z5,A1,R1,40,44.0,41.75,17.95,44,39,B,Z,BZ
ORD00466,1,2026-02-22,Web,Standard,5,SKU046,Pet Care,Cat Food,2,14.2,20.5,26.3,5.95,Ambient,Low,730,169.11,14,0.55,7.7,98,81.5,Z6,A1,R3,30,55.0,60.28,19.76,34,22,C,Z,CZ
ORD00466,2,2026-02-22,Web,Standard,5,SKU069,Grocery,Cooking,2,24.1,16.6,29.5,5.23,Ambient,Low,180,231.11,8,0.44,3.52,56,46.4,Z7,A3,R4,40,72.5,80.36,30.29,36,23,C,Y,CY
ORD00466,3,2026-02-22,Web,Standard,5,SKU044,Pet Care,Cat Food,3,22.2,16.7,20.4,1.56,Ambient,Medium,30,736.26,14,0.33,4.62,98,72.6,Z7,A3,R5,50,74.0,80.63,27.38,79,32,A,Y,AY
ORD00466,4,2026-02-22,Web,Standard,5,SKU070,Household,Laundry,2,33.5,22.4,23.9,4.74,Ambient,Medium,180,1117.78,38,0.16,6.08,266,323.6,Z6,A5,R5,50,74.0,75.71,39.57,89,29,A,X,AX
ORD00466,5,2026-02-22,Web,Standard,5,SKU029,Pet Care,Cat Food,1,19.2,11.5,13.7,5.14,Ambient,Medium,90,805.77,15,0.3,4.5,105,114.7,Z6,A1,R5,50,58.0,51.27,20.66,35,17,A,Y,AY
ORD00467,1,2026-01-19,App,Express,5,SKU006,Personal Care,Bath & Body,2,6.9,5.5,24.4,4.75,Fragile,Medium,30,431.37,14,0.21,2.94,98,117.4,Z6,A5,R6,30,75.5,82.28,34.59,41,16,B,X,BX
ORD00467,2,2026-01-19,App,Express,5,SKU092,Personal Care,Skin Care,2,29.3,25.9,39.4,0.77,Ambient,Medium,180,955.22,1,0.63,0.63,7,7.2,Z7,A5,R2,50,77.5,76.32,30.06,8,7,C,Z,CZ
ORD00467,3,2026-01-19,App,Express,5,SKU062,Personal Care,Hair Care,2,25.3,8.9,20.5,2.83,Ambient,Low,90,835.88,12,0.52,6.24,84,72.8,Z1,A3,R2,50,21.5,22.86,19.53,40,22,A,Z,AZ
ORD00467,4,2026-01-19,App,Express,5,SKU112,Personal Care,Oral Care,1,5.8,9.7,23.1,7.32,Ambient,Medium,60,1793.55,2,0.88,1.76,14,12.0,Z8,A3,R2,50,77.5,85.38,27.38,36,24,A,Z,AZ
ORD00467,5,2026-01-19,App,Express,5,SKU031,Personal Care,Hair Care,4,19.3,28.6,15.5,3.18,Ambient,Medium,730,994.38,25,0.27,6.75,175,180.6,Z6,A4,R3,30,67.0,72.88,31.13,39,15,A,Y,AY
ORD00468,1,2026-01-30,App,Standard,3,SKU113,Health & Wellness,Vitamins,3,30.6,16.3,36.5,3.62,HighValue,Medium,90,1210.42,16,0.18,2.88,112,122.1,Z6,A3,R1,40,60.0,54.34,28.94,30,13,A,X,AX
ORD00468,2,2026-01-30,App,Standard,3,SKU064,Health & Wellness,Wellness,2,32.1,24.4,13.1,6.44,HighValue,Low,90,1228.03,12,0.5,6.0,84,92.1,Z2,A4,R2,50,33.5,37.68,25.61,22,14,B,Y,BY
ORD00468,3,2026-01-30,App,Standard,3,SKU063,Health & Wellness,Vitamins,2,22.2,19.4,39.7,2.43,Ambient,Medium,730,1406.5,14,0.21,2.94,98,121.1,Z7,A1,R4,40,64.5,63.11,22.18,31,15,A,X,AX
ORD00469,1,2026-03-01,App,Standard,4,SKU025,Grocery,Snacks,1,23.2,13.1,20.5,5.44,Ambient,High,730,326.2,37,0.22,8.14,259,193.4,Z6,A4,R1,40,64.0,64.04,32.21,80,27,B,X,BX
ORD00469,2,2026-03-01,App,Standard,4,SKU015,Health & Wellness,Wellness,2,29.5,12.5,28.2,7.52,HighValue,Low,30,1342.79,21,0.16,3.36,147,115.5,Z8,A1,R5,50,74.0,64.87,26.31,78,32,A,X,AX
ORD00469,3,2026-03-01,App,Standard,4,SKU003,Household,Cleaning,2,31.1,12.5,27.4,4.91,Ambient,Medium,365,1655.33,5,0.86,4.3,35,36.0,Z5,A4,R6,30,63.5,66.55,28.97,52,40,A,Z,AZ
ORD00469,4,2026-03-01,App,Standard,4,SKU041,Personal Care,Hair Care,3,17.1,11.1,28.2,3.02,Ambient,High,365,612.15,6,0.34,2.04,42,45.6,Z5,A5,R6,30,67.5,79.55,31.88,43,26,B,Y,BY
ORD00470,1,2026-03-07,Web,Standard,4,SKU026,Household,Home Care,1,29.6,23.8,28.5,1.87,Frozen,Low,180,1110.01,43,0.15,6.45,301,337.9,Z6,A1,R6,30,59.5,57.18,23.63,80,26,A,X,AX
ORD00470,2,2026-03-07,Web,Standard,4,SKU003,Household,Cleaning,1,31.1,12.5,27.4,4.91,Ambient,Medium,365,1655.33,5,0.86,4.3,35,36.0,Z5,A4,R6,30,63.5,73.89,29.02,52,40,A,Z,AZ
ORD00470,3,2026-03-07,Web,Standard,4,SKU048,Household,Home Care,3,21.3,21.2,36.8,6.63,Ambient,Low,730,1488.03,8,0.38,3.04,56,67.6,Z6,A3,R6,30,67.5,62.91,29.63,35,15,A,Y,AY
ORD00470,4,2026-03-07,Web,Standard,4,SKU088,Household,Cleaning,3,32.2,13.7,30.5,6.57,Ambient,Low,60,332.96,13,0.4,5.2,91,71.4,Z1,A2,R4,40,20.5,17.51,18.74,63,34,B,Y,BY
ORD00471,1,2026-02-13,Web,Standard,7,SKU085,Grocery,Snacks,1,13.7,8.0,22.4,3.5,Ambient,Low,365,1504.2,28,0.21,5.88,196,224.1,Z5,A5,R5,50,66.0,81.94,36.06,65,22,A,X,AX
ORD00471,2,2026-02-13,Web,Standard,7,SKU072,Health & Wellness,Vitamins,1,24.3,19.9,5.7,6.32,HighValue,Low,365,389.24,6,0.45,2.7,42,48.6,Z6,A2,R4,40,60.5,53.74,25.04,54,33,B,Y,BY
ORD00471,3,2026-02-13,Web,Standard,7,SKU042,Grocery,Beverages,3,10.8,8.0,23.8,6.12,Ambient,Medium,730,1071.52,8,0.29,2.32,56,62.6,Z4,A1,R1,40,36.0,37.22,16.7,43,26,A,Y,AY
ORD00471,4,2026-02-13,Web,Standard,7,SKU062,Personal Care,Hair Care,1,25.3,8.9,20.5,2.83,Ambient,Low,90,835.88,12,0.52,6.24,84,72.8,Z1,A3,R2,50,21.5,20.17,17.66,40,22,A,Z,AZ
ORD00471,5,2026-02-13,Web,Standard,7,SKU068,Grocery,Cooking,1,25.2,21.8,25.5,6.6,Ambient,Low,30,1124.7,14,0.25,3.5,98,119.4,Z8,A1,R3,30,71.0,69.11,24.98,35,16,A,X,AX
ORD00471,6,2026-02-13,Web,Standard,7,SKU053,Grocery,Cooking,2,18.1,22.5,9.2,7.79,Ambient,Low,365,49.27,7,0.53,3.71,49,45.3,Z8,A2,R1,40,72.0,72.34,28.07,44,30,C,Z,CZ
ORD00471,7,2026-02-13,Web,Standard,7,SKU040,Grocery,Beverages,1,13.3,5.3,38.2,0.78,Ambient,Medium,730,870.07,22,0.29,6.38,154,168.1,Z8,A2,R4,40,76.5,67.53,23.9,31,16,B,Y,BY
ORD00472,1,2026-02-26,App,Standard,3,SKU090,Grocery,Breakfast,2,23.9,24.9,25.7,2.88,Ambient,Low,90,1501.26,6,0.39,2.34,42,31.2,Z7,A1,R3,30,63.0,68.84,22.29,36,19,A,Y,AY
ORD00472,2,2026-02-26,App,Standard,3,SKU088,Household,Cleaning,1,32.2,13.7,30.5,6.57,Ambient,Low,60,332.96,13,0.4,5.2,91,71.4,Z1,A2,R4,40,20.5,22.35,19.22,63,34,B,Y,BY
ORD00472,3,2026-02-26,App,Standard,3,SKU032,Grocery,Snacks,2,5.9,13.4,28.8,3.29,Ambient,Low,365,973.07,9,0.38,3.42,63,75.5,Z5,A2,R2,50,49.5,57.68,20.46,47,27,A,Y,AY
ORD00473,1,2026-01-27,App,Standard,2,SKU045,Household,Cleaning,1,21.9,12.6,39.8,1.04,Ambient,Medium,60,1401.86,7,0.29,2.03,49,44.6,Z5,A2,R1,40,48.0,41.22,20.41,18,14,B,Y,BY
ORD00473,2,2026-01-27,App,Standard,2,SKU043,Household,Cleaning,2,15.8,12.6,29.8,1.1,Fragile,Low,90,1262.92,8,0.34,2.72,56,43.1,Z1,A3,R1,40,20.0,17.16,17.03,28,17,A,Y,AY
ORD00474,1,2026-02-25,Web,Standard,4,SKU113,Health & Wellness,Vitamins,3,30.6,16.3,36.5,3.62,HighValue,Medium,90,1210.42,16,0.18,2.88,112,122.1,Z6,A3,R1,40,60.0,59.75,29.25,30,13,A,X,AX
ORD00474,2,2026-02-25,Web,Standard,4,SKU015,Health & Wellness,Wellness,3,29.5,12.5,28.2,7.52,HighValue,Low,30,1342.79,21,0.16,3.36,147,115.5,Z8,A1,R5,50,74.0,90.01,25.25,78,32,A,X,AX
ORD00474,3,2026-02-25,Web,Standard,4,SKU094,Health & Wellness,Wellness,1,7.4,21.6,37.1,2.55,Ambient,Medium,30,574.51,7,0.48,3.36,49,44.5,Z5,A3,R1,40,52.0,45.24,24.29,19,14,C,Y,CY
ORD00474,4,2026-02-25,Web,Standard,4,SKU050,Health & Wellness,Wellness,1,35.0,21.8,14.4,0.42,Ambient,High,60,1794.58,5,0.88,4.4,35,32.9,Z3,A3,R2,50,37.5,38.67,22.43,22,20,A,Z,AZ
ORD00475,1,2026-02-07,Web,Standard,2,SKU055,Personal Care,Skin Care,3,28.7,15.4,37.7,4.11,Ambient,Low,365,1054.36,14,0.21,2.94,98,104.2,Z8,A4,R1,40,80.0,91.72,35.33,38,17,A,X,AX
ORD00475,2,2026-02-07,Web,Standard,2,SKU034,Personal Care,Hair Care,1,21.2,30.0,17.2,5.24,Ambient,Medium,60,378.87,12,0.26,3.12,84,59.7,Z3,A4,R1,40,40.0,40.77,26.39,18,13,C,Y,CY
ORD00476,1,2026-01-22,App,Standard,3,SKU101,Personal Care,Hair Care,1,14.6,7.5,30.0,2.75,Ambient,High,180,1260.53,18,0.2,3.6,126,97.8,Z7,A2,R3,30,67.0,61.96,25.0,22,11,B,X,BX
ORD00476,2,2026-01-22,App,Standard,3,SKU031,Personal Care,Hair Care,3,19.3,28.6,15.5,3.18,Ambient,Medium,730,994.38,25,0.27,6.75,175,180.6,Z6,A4,R3,30,67.0,61.55,30.77,39,15,A,Y,AY
ORD00476,3,2026-01-22,App,Standard,3,SKU008,Personal Care,Bath & Body,1,26.9,21.8,39.4,0.88,Ambient,High,60,365.07,4,0.63,2.52,28,27.9,Z2,A1,R2,50,21.5,22.58,14.14,20,19,C,Z,CZ
ORD00477,1,2026-01-08,App,Standard,3,SKU025,Grocery,Snacks,3,23.2,13.1,20.5,5.44,Ambient,High,730,326.2,37,0.22,8.14,259,193.4,Z6,A4,R1,40,64.0,79.56,31.93,80,27,B,X,BX
ORD00477,2,2026-01-08,App,Standard,3,SKU015,Health & Wellness,Wellness,1,29.5,12.5,28.2,7.52,HighValue,Low,30,1342.79,21,0.16,3.36,147,115.5,Z8,A1,R5,50,74.0,78.56,25.94,78,32,A,X,AX
ORD00477,3,2026-01-08,App,Standard,3,SKU003,Household,Cleaning,1,31.1,12.5,27.4,4.91,Ambient,Medium,365,1655.33,5,0.86,4.3,35,36.0,Z5,A4,R6,30,63.5,67.95,30.72,52,40,A,Z,AZ
ORD00478,1,2026-02-21,Web,Express,5,SKU059,Pet Care,Pet Hygiene,1,14.5,23.0,31.6,6.99,Fragile,Low,730,1239.81,41,0.16,6.56,287,246.3,Z7,A2,R5,50,70.0,70.21,29.81,67,20,A,X,AX
ORD00478,2,2026-02-21,Web,Express,5,SKU049,Personal Care,Bath & Body,1,17.1,11.8,23.9,3.56,Ambient,Medium,365,469.4,6,0.55,3.3,42,31.5,Z5,A1,R1,40,44.0,45.98,15.18,44,39,B,Z,BZ
ORD00478,3,2026-02-21,Web,Express,5,SKU023,Baby Care,Baby Hygiene,2,27.1,9.9,20.1,7.6,Ambient,Medium,30,1302.56,6,0.87,5.22,42,36.3,Z3,A4,R6,30,47.5,55.1,26.11,20,16,B,Z,BZ
ORD00478,4,2026-02-21,Web,Express,5,SKU117,Grocery,Snacks,2,11.8,28.7,23.2,2.34,Ambient,High,90,247.18,3,0.87,2.61,21,18.2,Z2,A5,R5,50,42.0,45.62,25.78,10,8,C,Z,CZ
ORD00478,5,2026-02-21,Web,Express,5,SKU108,Pet Care,Pet Hygiene,2,16.6,29.3,22.4,4.03,Ambient,Medium,730,778.49,12,0.52,6.24,84,78.7,Z4,A1,R5,50,42.0,49.04,15.95,32,20,B,Z,BZ
ORD00479,1,2026-02-20,Web,Standard,3,SKU001,Health & Wellness,OTC,2,27.7,26.5,10.3,1.36,Ambient,Medium,180,964.18,40,0.17,6.8,280,345.5,Z6,A5,R3,30,71.0,78.53,34.63,52,18,A,X,AX
ORD00479,2,2026-02-20,Web,Standard,3,SKU067,Health & Wellness,Vitamins,1,19.0,6.9,31.4,1.88,Ambient,Medium,365,674.25,10,0.49,4.9,70,79.4,Z1,A4,R1,40,24.0,23.77,20.68,28,20,B,Y,BY
ORD00479,3,2026-02-20,Web,Standard,3,SKU109,Health & Wellness,OTC,2,8.1,13.2,15.3,3.62,Ambient,Low,730,1569.32,5,0.55,2.75,35,31.3,Z3,A5,R1,40,44.0,52.75,29.36,22,19,A,Z,AZ
ORD00480,1,2026-01-10,App,Standard,4,SKU045,Household,Cleaning,1,21.9,12.6,39.8,1.04,Ambient,Medium,60,1401.86,7,0.29,2.03,49,44.6,Z5,A2,R1,40,48.0,50.8,18.68,18,14,B,Y,BY
ORD00480,2,2026-01-10,App,Standard,4,SKU073,Household,Home Care,1,12.0,24.4,32.6,4.81,Ambient,High,365,469.91,8,0.49,3.92,56,44.6,Z6,A5,R1,40,68.0,79.52,32.64,26,15,C,Y,CY
ORD00480,3,2026-01-10,App,Standard,4,SKU070,Household,Laundry,3,33.5,22.4,23.9,4.74,Ambient,Medium,180,1117.78,38,0.16,6.08,266,323.6,Z6,A5,R5,50,74.0,71.33,39.04,89,29,A,X,AX
ORD00480,4,2026-01-10,App,Standard,4,SKU099,Household,Laundry,1,29.0,8.5,13.8,5.17,Ambient,Low,365,1535.82,7,0.5,3.5,49,42.0,Z8,A1,R6,30,75.5,67.9,24.01,38,24,A,Y,AY
ORD00481,1,2026-02-26,App,Standard,4,SKU054,Grocery,Staples,2,24.4,8.8,37.6,2.41,Ambient,Medium,180,457.62,4,0.87,3.48,28,28.1,Z4,A4,R3,30,51.0,55.93,24.99,24,16,C,Z,CZ
ORD00481,2,2026-02-26,App,Standard,4,SKU020,Grocery,Staples,1,30.8,10.6,33.6,3.74,Ambient,Low,30,1196.56,11,0.51,5.61,77,70.8,Z8,A4,R3,30,83.0,72.01,31.33,37,19,A,Z,AZ
ORD00481,3,2026-02-26,App,Standard,4,SKU053,Grocery,Cooking,1,18.1,22.5,9.2,7.79,Ambient,Low,365,49.27,7,0.53,3.71,49,45.3,Z8,A2,R1,40,72.0,73.25,26.44,44,30,C,Z,CZ
ORD00481,4,2026-02-26,App,Standard,4,SKU089,Baby Care,Diapers,1,23.8,16.6,24.7,4.68,Ambient,Medium,365,598.69,2,0.88,1.76,14,17.3,Z2,A1,R6,30,27.5,33.09,16.97,18,14,C,Z,CZ
ORD00482,1,2026-02-24,Web,Express,4,SKU034,Personal Care,Hair Care,1,21.2,30.0,17.2,5.24,Ambient,Medium,60,378.87,12,0.26,3.12,84,59.7,Z3,A4,R1,40,40.0,41.35,23.71,18,13,C,Y,CY
ORD00482,2,2026-02-24,Web,Express,4,SKU103,Grocery,Staples,2,24.2,20.6,7.2,6.71,Ambient,Medium,365,454.44,1,0.52,0.52,7,5.5,Z5,A3,R5,50,58.0,72.02,26.56,10,7,C,Z,CZ
ORD00482,3,2026-02-24,Web,Express,4,SKU089,Baby Care,Diapers,2,23.8,16.6,24.7,4.68,Ambient,Medium,365,598.69,2,0.88,1.76,14,17.3,Z2,A1,R6,30,27.5,26.21,16.73,18,14,C,Z,CZ
ORD00482,4,2026-02-24,Web,Express,4,SKU079,Dairy & Chilled,Dairy,1,33.7,19.0,28.5,3.35,Chilled,High,180,1565.86,5,0.43,2.15,35,38.4,Z7,A4,R6,30,79.5,93.47,31.77,18,16,B,Y,BY
ORD00483,1,2026-02-12,App,Standard,4,SKU041,Personal Care,Hair Care,1,17.1,11.1,28.2,3.02,Ambient,High,365,612.15,6,0.34,2.04,42,45.6,Z5,A5,R6,30,67.5,65.48,33.29,43,26,B,Y,BY
ORD00483,2,2026-02-12,App,Standard,4,SKU015,Health & Wellness,Wellness,3,29.5,12.5,28.2,7.52,HighValue,Low,30,1342.79,21,0.16,3.36,147,115.5,Z8,A1,R5,50,74.0,67.28,25.3,78,32,A,X,AX
ORD00483,3,2026-02-12,App,Standard,4,SKU025,Grocery,Snacks,2,23.2,13.1,20.5,5.44,Ambient,High,730,326.2,37,0.22,8.14,259,193.4,Z6,A4,R1,40,64.0,76.95,34.52,80,27,B,X,BX
ORD00483,4,2026-02-12,App,Standard,4,SKU003,Household,Cleaning,1,31.1,12.5,27.4,4.91,Ambient,Medium,365,1655.33,5,0.86,4.3,35,36.0,Z5,A4,R6,30,63.5,77.5,31.25,52,40,A,Z,AZ
ORD00484,1,2026-03-31,App,Standard,4,SKU046,Pet Care,Cat Food,1,14.2,20.5,26.3,5.95,Ambient,Low,730,169.11,14,0.55,7.7,98,81.5,Z6,A1,R3,30,55.0,54.09,22.73,34,22,C,Z,CZ
ORD00484,2,2026-03-31,App,Standard,4,SKU044,Pet Care,Cat Food,2,22.2,16.7,20.4,1.56,Ambient,Medium,30,736.26,14,0.33,4.62,98,72.6,Z7,A3,R5,50,74.0,77.3,27.91,79,32,A,Y,AY
ORD00484,3,2026-03-31,App,Standard,4,SKU070,Household,Laundry,5,33.5,22.4,23.9,4.74,Ambient,Medium,180,1117.78,38,0.16,6.08,266,323.6,Z6,A5,R5,50,74.0,74.63,40.11,89,29,A,X,AX
ORD00484,4,2026-03-31,App,Standard,4,SKU056,Pet Care,Cat Food,1,15.0,24.1,18.2,7.47,Ambient,Low,180,439.57,13,0.4,5.2,91,102.5,Z3,A2,R2,50,33.5,31.63,20.82,9,7,C,Y,CY
ORD00485,1,2026-02-01,App,Standard,4,SKU025,Grocery,Snacks,5,23.2,13.1,20.5,5.44,Ambient,High,730,326.2,37,0.22,8.14,259,193.4,Z6,A4,R1,40,64.0,70.99,34.61,80,27,B,X,BX
ORD00485,2,2026-02-01,App,Standard,4,SKU015,Health & Wellness,Wellness,4,29.5,12.5,28.2,7.52,HighValue,Low,30,1342.79,21,0.16,3.36,147,115.5,Z8,A1,R5,50,74.0,68.16,24.94,78,32,A,X,AX
ORD00485,3,2026-02-01,App,Standard,4,SKU003,Household,Cleaning,1,31.1,12.5,27.4,4.91,Ambient,Medium,365,1655.33,5,0.86,4.3,35,36.0,Z5,A4,R6,30,63.5,63.29,31.52,52,40,A,Z,AZ
ORD00485,4,2026-02-01,App,Standard,4,SKU057,Grocery,Breakfast,1,16.4,29.7,32.7,5.25,Ambient,Low,365,614.29,6,0.86,5.16,42,31.7,Z7,A2,R1,40,64.0,63.55,26.21,30,24,B,Z,BZ
ORD00486,1,2026-03-15,Web,Express,2,SKU025,Grocery,Snacks,3,23.2,13.1,20.5,5.44,Ambient,High,730,326.2,37,0.22,8.14,259,193.4,Z6,A4,R1,40,64.0,61.86,31.05,80,27,B,X,BX
ORD00486,2,2026-03-15,Web,Express,2,SKU015,Health & Wellness,Wellness,3,29.5,12.5,28.2,7.52,HighValue,Low,30,1342.79,21,0.16,3.36,147,115.5,Z8,A1,R5,50,74.0,81.04,23.86,78,32,A,X,AX
ORD00487,1,2026-01-18,App,Standard,2,SKU071,Grocery,Beverages,2,33.5,26.4,8.5,5.52,Ambient,Low,180,514.69,16,0.24,3.84,112,138.0,Z4,A4,R6,30,55.5,68.3,31.15,35,15,B,X,BX
ORD00487,2,2026-01-18,App,Standard,2,SKU042,Grocery,Beverages,1,10.8,8.0,23.8,6.12,Ambient,Medium,730,1071.52,8,0.29,2.32,56,62.6,Z4,A1,R1,40,36.0,42.33,18.21,43,26,A,Y,AY
ORD00488,1,2026-02-23,App,Standard,5,SKU031,Personal Care,Hair Care,2,19.3,28.6,15.5,3.18,Ambient,Medium,730,994.38,25,0.27,6.75,175,180.6,Z6,A4,R3,30,67.0,63.36,30.75,39,15,A,Y,AY
ORD00488,2,2026-02-23,App,Standard,5,SKU055,Personal Care,Skin Care,2,28.7,15.4,37.7,4.11,Ambient,Low,365,1054.36,14,0.21,2.94,98,104.2,Z8,A4,R1,40,80.0,97.76,33.73,38,17,A,X,AX
ORD00488,3,2026-02-23,App,Standard,5,SKU062,Personal Care,Hair Care,2,25.3,8.9,20.5,2.83,Ambient,Low,90,835.88,12,0.52,6.24,84,72.8,Z1,A3,R2,50,21.5,24.55,19.4,40,22,A,Z,AZ
ORD00488,4,2026-02-23,App,Standard,5,SKU041,Personal Care,Hair Care,1,17.1,11.1,28.2,3.02,Ambient,High,365,612.15,6,0.34,2.04,42,45.6,Z5,A5,R6,30,67.5,81.56,32.44,43,26,B,Y,BY
ORD00488,5,2026-02-23,App,Standard,5,SKU008,Personal Care,Bath & Body,1,26.9,21.8,39.4,0.88,Ambient,High,60,365.07,4,0.63,2.52,28,27.9,Z2,A1,R2,50,21.5,21.64,12.57,20,19,C,Z,CZ
ORD00489,1,2026-02-14,Web,Standard,2,SKU005,Grocery,Breakfast,1,20.8,20.2,38.8,7.44,Ambient,Medium,180,1791.39,5,0.48,2.4,35,37.0,Z3,A4,R4,40,44.5,54.12,27.52,23,19,A,Y,AY
ORD00489,2,2026-02-14,Web,Standard,2,SKU088,Household,Cleaning,2,32.2,13.7,30.5,6.57,Ambient,Low,60,332.96,13,0.4,5.2,91,71.4,Z1,A2,R4,40,20.5,17.49,19.21,63,34,B,Y,BY
ORD00490,1,2026-01-22,App,Standard,6,SKU052,Grocery,Staples,1,29.7,5.0,35.4,3.75,Ambient,Medium,180,1135.1,36,0.23,8.28,252,281.7,Z8,A5,R5,50,90.0,106.18,39.84,56,20,A,X,AX
ORD00490,2,2026-01-22,App,Standard,6,SKU025,Grocery,Snacks,3,23.2,13.1,20.5,5.44,Ambient,High,730,326.2,37,0.22,8.14,259,193.4,Z6,A4,R1,40,64.0,62.91,32.52,80,27,B,X,BX
ORD00490,3,2026-01-22,App,Standard,6,SKU016,Grocery,Snacks,2,24.0,11.6,22.1,7.25,Ambient,Low,90,103.25,10,0.31,3.1,70,61.8,Z4,A2,R3,30,43.0,45.24,23.21,26,14,C,Y,CY
ORD00490,4,2026-01-22,App,Standard,6,SKU024,Grocery,Breakfast,1,13.9,8.2,19.7,7.53,Ambient,Medium,90,745.78,3,0.6,1.8,21,24.3,Z8,A5,R6,30,91.5,114.14,39.52,13,11,C,Z,CZ
ORD00490,5,2026-01-22,App,Standard,6,SKU040,Grocery,Beverages,2,13.3,5.3,38.2,0.78,Ambient,Medium,730,870.07,22,0.29,6.38,154,168.1,Z8,A2,R4,40,76.5,78.33,25.69,31,16,B,Y,BY
ORD00490,6,2026-01-22,App,Standard,6,SKU090,Grocery,Breakfast,3,23.9,24.9,25.7,2.88,Ambient,Low,90,1501.26,6,0.39,2.34,42,31.2,Z7,A1,R3,30,63.0,65.01,22.16,36,19,A,Y,AY
ORD00491,1,2026-03-17,Web,Standard,4,SKU066,Dairy & Chilled,Dairy,5,21.2,29.3,23.6,7.32,Chilled,Medium,90,1647.44,30,0.12,3.6,210,256.1,Z5,A5,R4,40,64.5,70.53,39.72,52,17,A,X,AX
ORD00491,2,2026-03-17,Web,Standard,4,SKU079,Dairy & Chilled,Dairy,1,33.7,19.0,28.5,3.35,Chilled,High,180,1565.86,5,0.43,2.15,35,38.4,Z7,A4,R6,30,79.5,86.37,31.35,18,16,B,Y,BY
ORD00491,3,2026-03-17,Web,Standard,4,SKU011,Dairy & Chilled,Ready-to-Eat,1,13.9,29.2,25.3,4.38,Chilled,Medium,30,114.0,12,0.3,3.6,84,80.8,Z3,A1,R4,40,32.5,36.1,15.9,16,12,C,Y,CY
ORD00491,4,2026-03-17,Web,Standard,4,SKU065,Dairy & Chilled,Dairy,1,23.8,6.0,32.6,0.36,Chilled,Low,60,184.99,23,0.18,4.14,161,138.8,Z7,A2,R6,30,71.5,86.64,23.34,54,25,C,X,CX
ORD00492,1,2026-02-02,Web,Standard,3,SKU001,Health & Wellness,OTC,3,27.7,26.5,10.3,1.36,Ambient,Medium,180,964.18,40,0.17,6.8,280,345.5,Z6,A5,R3,30,71.0,74.6,35.58,52,18,A,X,AX
ORD00492,2,2026-02-02,Web,Standard,3,SKU067,Health & Wellness,Vitamins,3,19.0,6.9,31.4,1.88,Ambient,Medium,365,674.25,10,0.49,4.9,70,79.4,Z1,A4,R1,40,24.0,26.54,22.15,28,20,B,Y,BY
ORD00492,3,2026-02-02,Web,Standard,3,SKU116,Health & Wellness,Wellness,2,25.4,13.6,35.7,6.26,Ambient,Low,30,1500.72,14,0.25,3.5,98,96.5,Z7,A4,R3,30,75.0,65.29,34.66,40,18,A,X,AX
ORD00493,1,2026-03-16,App,Standard,2,SKU079,Dairy & Chilled,Dairy,1,33.7,19.0,28.5,3.35,Chilled,High,180,1565.86,5,0.43,2.15,35,38.4,Z7,A4,R6,30,79.5,75.38,31.39,18,16,B,Y,BY
ORD00493,2,2026-03-16,App,Standard,2,SKU053,Grocery,Cooking,1,18.1,22.5,9.2,7.79,Ambient,Low,365,49.27,7,0.53,3.71,49,45.3,Z8,A2,R1,40,72.0,88.02,26.32,44,30,C,Z,CZ
ORD00494,1,2026-02-03,App,Standard,2,SKU038,Health & Wellness,Wellness,4,18.1,23.3,38.8,2.23,Ambient,Low,730,1076.64,20,0.29,5.8,140,122.8,Z7,A3,R1,40,68.0,75.18,28.68,56,25,A,Y,AY
ORD00494,2,2026-02-03,App,Standard,2,SKU072,Health & Wellness,Vitamins,1,24.3,19.9,5.7,6.32,HighValue,Low,365,389.24,6,0.45,2.7,42,48.6,Z6,A2,R4,40,60.5,54.36,23.88,54,33,B,Y,BY
ORD00495,1,2026-01-01,App,Standard,6,SKU012,Health & Wellness,Wellness,2,20.2,26.3,7.4,0.64,Ambient,Medium,365,1080.27,7,0.27,1.89,49,51.0,Z2,A2,R1,40,24.0,24.12,15.32,21,13,B,Y,BY
ORD00495,2,2026-01-01,App,Standard,6,SKU072,Health & Wellness,Vitamins,1,24.3,19.9,5.7,6.32,HighValue,Low,365,389.24,6,0.45,2.7,42,48.6,Z6,A2,R4,40,60.5,68.98,26.64,54,33,B,Y,BY
ORD00495,3,2026-01-01,App,Standard,6,SKU063,Health & Wellness,Vitamins,4,22.2,19.4,39.7,2.43,Ambient,Medium,730,1406.5,14,0.21,2.94,98,121.1,Z7,A1,R4,40,64.5,79.84,22.45,31,15,A,X,AX
ORD00495,4,2026-01-01,App,Standard,6,SKU038,Health & Wellness,Wellness,3,18.1,23.3,38.8,2.23,Ambient,Low,730,1076.64,20,0.29,5.8,140,122.8,Z7,A3,R1,40,68.0,62.21,29.74,56,25,A,Y,AY
ORD00495,5,2026-01-01,App,Standard,6,SKU094,Health & Wellness,Wellness,1,7.4,21.6,37.1,2.55,Ambient,Medium,30,574.51,7,0.48,3.36,49,44.5,Z5,A3,R1,40,52.0,58.54,23.69,19,14,C,Y,CY
ORD00495,6,2026-01-01,App,Standard,6,SKU067,Health & Wellness,Vitamins,1,19.0,6.9,31.4,1.88,Ambient,Medium,365,674.25,10,0.49,4.9,70,79.4,Z1,A4,R1,40,24.0,27.67,22.84,28,20,B,Y,BY
ORD00496,1,2026-02-14,App,Standard,1,SKU106,Grocery,Snacks,1,19.4,9.6,9.7,5.76,Ambient,Low,60,1597.28,12,0.54,6.48,84,73.4,Z5,A5,R1,40,60.0,56.44,33.74,27,16,A,Z,AZ
ORD00497,1,2026-03-26,Web,Express,6,SKU098,Grocery,Breakfast,3,14.3,25.2,21.4,6.7,Ambient,High,180,1390.75,8,0.41,3.28,56,63.2,Z7,A2,R4,40,68.5,81.32,23.68,17,8,B,Y,BY
ORD00497,2,2026-03-26,Web,Express,6,SKU106,Grocery,Snacks,2,19.4,9.6,9.7,5.76,Ambient,Low,60,1597.28,12,0.54,6.48,84,73.4,Z5,A5,R1,40,60.0,53.8,30.65,27,16,A,Z,AZ
ORD00497,3,2026-03-26,Web,Express,6,SKU082,Grocery,Beverages,1,31.1,19.2,19.0,1.22,Ambient,Medium,60,692.75,10,0.25,2.5,70,66.5,Z7,A3,R2,50,69.5,86.77,25.11,13,9,C,X,CX
ORD00497,4,2026-03-26,Web,Express,6,SKU069,Grocery,Cooking,2,24.1,16.6,29.5,5.23,Ambient,Low,180,231.11,8,0.44,3.52,56,46.4,Z7,A3,R4,40,72.5,79.75,26.94,36,23,C,Y,CY
ORD00497,5,2026-03-26,Web,Express,6,SKU035,Grocery,Snacks,1,21.9,10.4,29.5,6.16,Ambient,Medium,30,1405.58,12,0.45,5.4,84,66.4,Z1,A1,R6,30,19.5,19.05,15.6,14,10,B,Y,BY
ORD00497,6,2026-03-26,Web,Express,6,SKU016,Grocery,Snacks,1,24.0,11.6,22.1,7.25,Ambient,Low,90,103.25,10,0.31,3.1,70,61.8,Z4,A2,R3,30,43.0,41.6,22.41,26,14,C,Y,CY
ORD00498,1,2026-01-14,App,Standard,2,SKU038,Health & Wellness,Wellness,2,18.1,23.3,38.8,2.23,Ambient,Low,730,1076.64,20,0.29,5.8,140,122.8,Z7,A3,R1,40,68.0,65.56,26.35,56,25,A,Y,AY
ORD00498,2,2026-01-14,App,Standard,2,SKU072,Health & Wellness,Vitamins,1,24.3,19.9,5.7,6.32,HighValue,Low,365,389.24,6,0.45,2.7,42,48.6,Z6,A2,R4,40,60.5,54.75,23.66,54,33,B,Y,BY
ORD00499,1,2026-03-09,App,Standard,4,SKU106,Grocery,Snacks,2,19.4,9.6,9.7,5.76,Ambient,Low,60,1597.28,12,0.54,6.48,84,73.4,Z5,A5,R1,40,60.0,72.91,32.91,27,16,A,Z,AZ
ORD00499,2,2026-03-09,App,Standard,4,SKU100,Baby Care,Baby Food,1,9.4,15.9,38.1,1.85,Ambient,Low,30,728.71,20,0.33,6.6,140,126.8,Z7,A4,R2,50,73.5,89.97,31.8,62,29,A,Y,AY
ORD00499,3,2026-03-09,App,Standard,4,SKU108,Pet Care,Pet Hygiene,3,16.6,29.3,22.4,4.03,Ambient,Medium,730,778.49,12,0.52,6.24,84,78.7,Z4,A1,R5,50,42.0,50.93,18.26,32,20,B,Z,BZ
ORD00499,4,2026-03-09,App,Standard,4,SKU049,Personal Care,Bath & Body,1,17.1,11.8,23.9,3.56,Ambient,Medium,365,469.4,6,0.55,3.3,42,31.5,Z5,A1,R1,40,44.0,44.5,16.32,44,39,B,Z,BZ
ORD00500,1,2026-01-06,App,Standard,3,SKU108,Pet Care,Pet Hygiene,2,16.6,29.3,22.4,4.03,Ambient,Medium,730,778.49,12,0.52,6.24,84,78.7,Z4,A1,R5,50,42.0,45.63,17.28,32,20,B,Z,BZ
ORD00500,2,2026-01-06,App,Standard,3,SKU100,Baby Care,Baby Food,2,9.4,15.9,38.1,1.85,Ambient,Low,30,728.71,20,0.33,6.6,140,126.8,Z7,A4,R2,50,73.5,64.89,32.08,62,29,A,Y,AY
ORD00500,3,2026-01-06,App,Standard,3,SKU049,Personal Care,Bath & Body,1,17.1,11.8,23.9,3.56,Ambient,Medium,365,469.4,6,0.55,3.3,42,31.5,Z5,A1,R1,40,44.0,47.41,18.24,44,39,B,Z,BZ
ORD00501,1,2026-01-14,App,Standard,4,SKU001,Health & Wellness,OTC,2,27.7,26.5,10.3,1.36,Ambient,Medium,180,964.18,40,0.17,6.8,280,345.5,Z6,A5,R3,30,71.0,62.04,36.04,52,18,A,X,AX
ORD00501,2,2026-01-14,App,Standard,4,SKU050,Health & Wellness,Wellness,1,35.0,21.8,14.4,0.42,Ambient,High,60,1794.58,5,0.88,4.4,35,32.9,Z3,A3,R2,50,37.5,34.76,21.5,22,20,A,Z,AZ
ORD00501,3,2026-01-14,App,Standard,4,SKU063,Health & Wellness,Vitamins,2,22.2,19.4,39.7,2.43,Ambient,Medium,730,1406.5,14,0.21,2.94,98,121.1,Z7,A1,R4,40,64.5,65.26,21.49,31,15,A,X,AX
ORD00501,4,2026-01-14,App,Standard,4,SKU087,Health & Wellness,Vitamins,1,15.9,15.9,8.7,3.54,Ambient,Medium,60,616.2,7,0.74,5.18,49,38.8,Z1,A2,R5,50,22.0,21.23,18.17,29,22,B,Z,BZ
ORD00502,1,2026-02-01,Web,Standard,4,SKU111,Grocery,Snacks,1,15.9,28.7,6.1,1.31,Ambient,Low,30,1043.71,25,0.28,7.0,175,173.5,Z8,A2,R2,50,73.5,69.26,26.47,52,19,A,Y,AY
ORD00502,2,2026-02-01,Web,Standard,4,SKU075,Grocery,Breakfast,1,8.3,17.6,38.1,0.44,Ambient,Medium,180,1166.93,10,0.4,4.0,70,50.2,Z2,A1,R1,40,20.0,17.58,10.27,20,14,B,Y,BY
ORD00502,3,2026-02-01,Web,Standard,4,SKU042,Grocery,Beverages,1,10.8,8.0,23.8,6.12,Ambient,Medium,730,1071.52,8,0.29,2.32,56,62.6,Z4,A1,R1,40,36.0,34.58,19.3,43,26,A,Y,AY
ORD00502,4,2026-02-01,Web,Standard,4,SKU085,Grocery,Snacks,1,13.7,8.0,22.4,3.5,Ambient,Low,365,1504.2,28,0.21,5.88,196,224.1,Z5,A5,R5,50,66.0,61.65,33.48,65,22,A,X,AX
ORD00503,1,2026-01-15,App,Standard,5,SKU001,Health & Wellness,OTC,2,27.7,26.5,10.3,1.36,Ambient,Medium,180,964.18,40,0.17,6.8,280,345.5,Z6,A5,R3,30,71.0,66.22,36.35,52,18,A,X,AX
ORD00503,2,2026-01-15,App,Standard,5,SKU038,Health & Wellness,Wellness,2,18.1,23.3,38.8,2.23,Ambient,Low,730,1076.64,20,0.29,5.8,140,122.8,Z7,A3,R1,40,68.0,81.14,29.31,56,25,A,Y,AY
ORD00503,3,2026-01-15,App,Standard,5,SKU064,Health & Wellness,Wellness,2,32.1,24.4,13.1,6.44,HighValue,Low,90,1228.03,12,0.5,6.0,84,92.1,Z2,A4,R2,50,33.5,41.19,26.29,22,14,B,Y,BY
ORD00503,4,2026-01-15,App,Standard,5,SKU067,Health & Wellness,Vitamins,1,19.0,6.9,31.4,1.88,Ambient,Medium,365,674.25,10,0.49,4.9,70,79.4,Z1,A4,R1,40,24.0,24.56,20.26,28,20,B,Y,BY
ORD00503,5,2026-01-15,App,Standard,5,SKU019,Health & Wellness,OTC,1,29.3,27.0,5.9,5.92,HighValue,High,730,1558.71,7,0.54,3.78,49,56.1,Z4,A3,R6,30,51.5,60.95,27.42,41,25,A,Z,AZ
ORD00504,1,2026-02-28,App,Standard,4,SKU027,Personal Care,Skin Care,1,12.3,21.4,5.2,6.03,Ambient,Low,60,1452.29,11,0.4,4.4,77,83.4,Z3,A4,R3,30,43.0,51.41,25.82,25,13,A,Y,AY
ORD00504,2,2026-02-28,App,Standard,4,SKU054,Grocery,Staples,2,24.4,8.8,37.6,2.41,Ambient,Medium,180,457.62,4,0.87,3.48,28,28.1,Z4,A4,R3,30,51.0,48.85,27.67,24,16,C,Z,CZ
ORD00504,3,2026-02-28,App,Standard,4,SKU020,Grocery,Staples,1,30.8,10.6,33.6,3.74,Ambient,Low,30,1196.56,11,0.51,5.61,77,70.8,Z8,A4,R3,30,83.0,74.98,32.09,37,19,A,Z,AZ
ORD00504,4,2026-02-28,App,Standard,4,SKU053,Grocery,Cooking,2,18.1,22.5,9.2,7.79,Ambient,Low,365,49.27,7,0.53,3.71,49,45.3,Z8,A2,R1,40,72.0,72.28,28.23,44,30,C,Z,CZ
ORD00505,1,2026-03-12,App,Standard,3,SKU115,Personal Care,Oral Care,4,21.5,20.3,8.0,2.54,Ambient,Medium,180,1486.43,20,0.31,6.2,140,103.7,Z6,A2,R6,30,63.5,76.8,23.31,30,17,A,Y,AY
ORD00505,2,2026-03-12,App,Standard,3,SKU013,Personal Care,Oral Care,1,26.5,11.0,18.9,5.41,Ambient,Medium,30,41.53,3,0.5,1.5,21,21.9,Z1,A5,R1,40,28.0,34.53,25.76,10,8,C,Y,CY
ORD00505,3,2026-03-12,App,Standard,3,SKU041,Personal Care,Hair Care,3,17.1,11.1,28.2,3.02,Ambient,High,365,612.15,6,0.34,2.04,42,45.6,Z5,A5,R6,30,67.5,72.88,32.95,43,26,B,Y,BY
ORD00506,1,2026-03-09,Web,Standard,6,SKU073,Household,Home Care,2,12.0,24.4,32.6,4.81,Ambient,High,365,469.91,8,0.49,3.92,56,44.6,Z6,A5,R1,40,68.0,76.02,33.42,26,15,C,Y,CY
ORD00506,2,2026-03-09,Web,Standard,6,SKU070,Household,Laundry,5,33.5,22.4,23.9,4.74,Ambient,Medium,180,1117.78,38,0.16,6.08,266,323.6,Z6,A5,R5,50,74.0,73.46,38.84,89,29,A,X,AX
ORD00506,3,2026-03-09,Web,Standard,6,SKU003,Household,Cleaning,1,31.1,12.5,27.4,4.91,Ambient,Medium,365,1655.33,5,0.86,4.3,35,36.0,Z5,A4,R6,30,63.5,76.59,30.27,52,40,A,Z,AZ
ORD00506,4,2026-03-09,Web,Standard,6,SKU026,Household,Home Care,2,29.6,23.8,28.5,1.87,Frozen,Low,180,1110.01,43,0.15,6.45,301,337.9,Z6,A1,R6,30,59.5,59.07,23.66,80,26,A,X,AX
ORD00506,5,2026-03-09,Web,Standard,6,SKU114,Household,Laundry,3,26.4,28.2,27.3,6.37,Ambient,Low,60,445.21,17,0.32,5.44,119,115.6,Z8,A4,R6,30,87.5,91.64,37.35,38,15,B,Y,BY
ORD00506,6,2026-03-09,Web,Standard,6,SKU045,Household,Cleaning,1,21.9,12.6,39.8,1.04,Ambient,Medium,60,1401.86,7,0.29,2.03,49,44.6,Z5,A2,R1,40,48.0,54.04,19.88,18,14,B,Y,BY
ORD00507,1,2026-01-14,App,Standard,4,SKU021,Grocery,Staples,1,20.3,22.0,34.5,2.72,Fragile,High,90,341.96,32,0.15,4.8,224,275.4,Z7,A5,R3,30,79.0,96.17,36.87,58,21,B,X,BX
ORD00507,2,2026-01-14,App,Standard,4,SKU078,Grocery,Breakfast,1,7.9,15.7,28.3,3.06,Ambient,Low,30,190.48,4,0.61,2.44,28,21.1,Z4,A1,R6,30,43.5,48.16,18.95,12,9,C,Z,CZ
ORD00507,3,2026-01-14,App,Standard,4,SKU039,Grocery,Staples,3,12.3,16.6,26.4,3.09,Fragile,High,60,890.4,9,0.51,4.59,63,56.4,Z3,A1,R2,50,29.5,26.18,16.42,22,14,B,Z,BZ
ORD00507,4,2026-01-14,App,Standard,4,SKU083,Grocery,Beverages,2,33.2,19.9,35.9,1.33,Ambient,Low,180,1199.94,6,0.56,3.36,42,40.6,Z2,A4,R3,30,35.0,31.06,23.86,13,11,C,Z,CZ
ORD00508,1,2026-02-02,App,Standard,5,SKU066,Dairy & Chilled,Dairy,2,21.2,29.3,23.6,7.32,Chilled,Medium,90,1647.44,30,0.12,3.6,210,256.1,Z5,A5,R4,40,64.5,69.86,36.83,52,17,A,X,AX
ORD00508,2,2026-02-02,App,Standard,5,SKU065,Dairy & Chilled,Dairy,4,23.8,6.0,32.6,0.36,Chilled,Low,60,184.99,23,0.18,4.14,161,138.8,Z7,A2,R6,30,71.5,72.99,23.51,54,25,C,X,CX
ORD00508,3,2026-02-02,App,Standard,5,SKU011,Dairy & Chilled,Ready-to-Eat,1,13.9,29.2,25.3,4.38,Chilled,Medium,30,114.0,12,0.3,3.6,84,80.8,Z3,A1,R4,40,32.5,33.51,16.1,16,12,C,Y,CY
ORD00508,4,2026-02-02,App,Standard,5,SKU102,Dairy & Chilled,Beverages,1,7.4,11.4,34.2,4.44,Chilled,Medium,365,776.28,5,0.4,2.0,35,39.4,Z5,A2,R5,50,54.0,48.01,20.65,10,8,C,Y,CY
ORD00508,5,2026-02-02,App,Standard,5,SKU079,Dairy & Chilled,Dairy,1,33.7,19.0,28.5,3.35,Chilled,High,180,1565.86,5,0.43,2.15,35,38.4,Z7,A4,R6,30,79.5,76.33,30.32,18,16,B,Y,BY
ORD00509,1,2026-01-23,App,Standard,5,SKU031,Personal Care,Hair Care,2,19.3,28.6,15.5,3.18,Ambient,Medium,730,994.38,25,0.27,6.75,175,180.6,Z6,A4,R3,30,67.0,77.35,32.27,39,15,A,Y,AY
ORD00509,2,2026-01-23,App,Standard,5,SKU006,Personal Care,Bath & Body,3,6.9,5.5,24.4,4.75,Fragile,Medium,30,431.37,14,0.21,2.94,98,117.4,Z6,A5,R6,30,75.5,84.95,35.49,41,16,B,X,BX
ORD00509,3,2026-01-23,App,Standard,5,SKU028,Personal Care,Skin Care,3,29.0,21.7,39.6,4.8,Ambient,Medium,730,1608.34,6,0.39,2.34,42,39.3,Z2,A4,R1,40,32.0,32.04,23.71,18,9,A,Y,AY
ORD00509,4,2026-01-23,App,Standard,5,SKU034,Personal Care,Hair Care,1,21.2,30.0,17.2,5.24,Ambient,Medium,60,378.87,12,0.26,3.12,84,59.7,Z3,A4,R1,40,40.0,36.8,24.87,18,13,C,Y,CY
ORD00509,5,2026-01-23,App,Standard,5,SKU105,Personal Care,Bath & Body,3,5.5,24.7,17.1,5.89,Ambient,Medium,90,261.8,10,0.33,3.3,70,62.6,Z7,A1,R2,50,61.5,54.36,21.59,14,9,C,Y,CY
ORD00510,1,2026-01-21,App,Express,2,SKU024,Grocery,Breakfast,1,13.9,8.2,19.7,7.53,Ambient,Medium,90,745.78,3,0.6,1.8,21,24.3,Z8,A5,R6,30,91.5,93.33,37.85,13,11,C,Z,CZ
ORD00510,2,2026-01-21,App,Express,2,SKU081,Grocery,Breakfast,1,28.0,20.5,28.6,4.5,Ambient,Medium,30,345.24,7,0.68,4.76,49,53.2,Z5,A4,R5,50,62.0,59.62,29.2,14,10,C,Z,CZ
ORD00511,1,2026-02-03,Web,Standard,4,SKU114,Household,Laundry,1,26.4,28.2,27.3,6.37,Ambient,Low,60,445.21,17,0.32,5.44,119,115.6,Z8,A4,R6,30,87.5,106.2,37.16,38,15,B,Y,BY
ORD00511,2,2026-02-03,Web,Standard,4,SKU003,Household,Cleaning,1,31.1,12.5,27.4,4.91,Ambient,Medium,365,1655.33,5,0.86,4.3,35,36.0,Z5,A4,R6,30,63.5,57.41,30.66,52,40,A,Z,AZ
ORD00511,3,2026-02-03,Web,Standard,4,SKU033,Household,Home Care,2,17.9,26.7,11.4,2.16,Ambient,Low,180,518.91,5,0.28,1.4,35,42.8,Z8,A3,R4,40,80.5,75.89,28.76,17,10,C,Y,CY
ORD00511,4,2026-02-03,Web,Standard,4,SKU043,Household,Cleaning,1,15.8,12.6,29.8,1.1,Fragile,Low,90,1262.92,8,0.34,2.72,56,43.1,Z1,A3,R1,40,20.0,21.07,18.95,28,17,A,Y,AY
ORD00512,1,2026-03-19,Web,Standard,4,SKU014,Household,Cleaning,1,20.2,8.3,17.2,0.64,Ambient,Low,365,1273.78,14,0.26,3.64,98,101.6,Z8,A5,R2,50,85.5,96.57,36.23,35,16,A,Y,AY
ORD00512,2,2026-03-19,Web,Standard,4,SKU073,Household,Home Care,1,12.0,24.4,32.6,4.81,Ambient,High,365,469.91,8,0.49,3.92,56,44.6,Z6,A5,R1,40,68.0,69.83,31.74,26,15,C,Y,CY
ORD00512,3,2026-03-19,Web,Standard,4,SKU118,Household,Home Care,3,33.2,8.9,28.1,5.79,Ambient,Medium,30,169.17,44,0.13,5.72,308,376.3,Z8,A3,R3,30,79.0,69.68,34.09,71,23,C,X,CX
ORD00512,4,2026-03-19,Web,Standard,4,SKU047,Household,Cleaning,3,25.7,16.7,6.1,2.38,Ambient,Low,60,1664.94,13,0.24,3.12,91,103.1,Z4,A5,R3,30,55.0,61.74,31.19,42,20,A,X,AX
ORD00513,1,2026-02-13,App,Standard,1,SKU095,Baby Care,Diapers,3,33.4,29.9,36.9,0.84,Ambient,Low,90,344.97,23,0.29,6.67,161,131.7,Z6,A1,R2,50,53.5,47.24,20.37,43,20,C,Y,CY
ORD00514,1,2026-01-25,App,Standard,3,SKU101,Personal Care,Hair Care,1,14.6,7.5,30.0,2.75,Ambient,High,180,1260.53,18,0.2,3.6,126,97.8,Z7,A2,R3,30,67.0,74.25,26.34,22,11,B,X,BX
ORD00514,2,2026-01-25,App,Standard,3,SKU093,Personal Care,Oral Care,2,15.2,19.9,32.6,5.21,Ambient,Medium,90,472.29,4,0.6,2.4,28,32.7,Z5,A1,R2,50,45.5,40.22,18.24,11,10,C,Z,CZ
ORD00514,3,2026-01-25,App,Standard,3,SKU112,Personal Care,Oral Care,2,5.8,9.7,23.1,7.32,Ambient,Medium,60,1793.55,2,0.88,1.76,14,12.0,Z8,A3,R2,50,77.5,83.74,30.77,36,24,A,Z,AZ
ORD00515,1,2026-03-03,App,Standard,3,SKU065,Dairy & Chilled,Dairy,1,23.8,6.0,32.6,0.36,Chilled,Low,60,184.99,23,0.18,4.14,161,138.8,Z7,A2,R6,30,71.5,79.71,22.71,54,25,C,X,CX
ORD00515,2,2026-03-03,App,Standard,3,SKU053,Grocery,Cooking,3,18.1,22.5,9.2,7.79,Ambient,Low,365,49.27,7,0.53,3.71,49,45.3,Z8,A2,R1,40,72.0,79.54,27.29,44,30,C,Z,CZ
ORD00515,3,2026-03-03,App,Standard,3,SKU100,Baby Care,Baby Food,1,9.4,15.9,38.1,1.85,Ambient,Low,30,728.71,20,0.33,6.6,140,126.8,Z7,A4,R2,50,73.5,70.56,31.84,62,29,A,Y,AY
ORD00516,1,2026-01-20,App,Standard,3,SKU067,Health & Wellness,Vitamins,2,19.0,6.9,31.4,1.88,Ambient,Medium,365,674.25,10,0.49,4.9,70,79.4,Z1,A4,R1,40,24.0,25.7,21.93,28,20,B,Y,BY
ORD00516,2,2026-01-20,App,Standard,3,SKU008,Personal Care,Bath & Body,1,26.9,21.8,39.4,0.88,Ambient,High,60,365.07,4,0.63,2.52,28,27.9,Z2,A1,R2,50,21.5,21.77,12.94,20,19,C,Z,CZ
ORD00516,3,2026-01-20,App,Standard,3,SKU091,Pet Care,Dog Food,1,16.5,19.5,38.4,5.94,Fragile,High,365,1182.01,5,0.7,3.5,35,30.7,Z3,A5,R2,50,45.5,49.85,30.28,30,23,A,Z,AZ
ORD00517,1,2026-02-28,Web,Standard,4,SKU099,Household,Laundry,3,29.0,8.5,13.8,5.17,Ambient,Low,365,1535.82,7,0.5,3.5,49,42.0,Z8,A1,R6,30,75.5,72.08,24.79,38,24,A,Y,AY
ORD00517,2,2026-02-28,Web,Standard,4,SKU112,Personal Care,Oral Care,1,5.8,9.7,23.1,7.32,Ambient,Medium,60,1793.55,2,0.88,1.76,14,12.0,Z8,A3,R2,50,77.5,85.83,32.04,36,24,A,Z,AZ
ORD00517,3,2026-02-28,Web,Standard,4,SKU093,Personal Care,Oral Care,1,15.2,19.9,32.6,5.21,Ambient,Medium,90,472.29,4,0.6,2.4,28,32.7,Z5,A1,R2,50,45.5,54.7,18.98,11,10,C,Z,CZ
ORD00517,4,2026-02-28,Web,Standard,4,SKU003,Household,Cleaning,1,31.1,12.5,27.4,4.91,Ambient,Medium,365,1655.33,5,0.86,4.3,35,36.0,Z5,A4,R6,30,63.5,72.22,28.76,52,40,A,Z,AZ
ORD00518,1,2026-01-25,App,Standard,4,SKU012,Health & Wellness,Wellness,2,20.2,26.3,7.4,0.64,Ambient,Medium,365,1080.27,7,0.27,1.89,49,51.0,Z2,A2,R1,40,24.0,21.92,15.52,21,13,B,Y,BY
ORD00518,2,2026-01-25,App,Standard,4,SKU072,Health & Wellness,Vitamins,1,24.3,19.9,5.7,6.32,HighValue,Low,365,389.24,6,0.45,2.7,42,48.6,Z6,A2,R4,40,60.5,68.78,24.81,54,33,B,Y,BY
ORD00518,3,2026-01-25,App,Standard,4,SKU067,Health & Wellness,Vitamins,1,19.0,6.9,31.4,1.88,Ambient,Medium,365,674.25,10,0.49,4.9,70,79.4,Z1,A4,R1,40,24.0,25.47,21.91,28,20,B,Y,BY
ORD00518,4,2026-01-25,App,Standard,4,SKU050,Health & Wellness,Wellness,1,35.0,21.8,14.4,0.42,Ambient,High,60,1794.58,5,0.88,4.4,35,32.9,Z3,A3,R2,50,37.5,43.55,20.25,22,20,A,Z,AZ
ORD00519,1,2026-01-11,App,Standard,3,SKU006,Personal Care,Bath & Body,2,6.9,5.5,24.4,4.75,Fragile,Medium,30,431.37,14,0.21,2.94,98,117.4,Z6,A5,R6,30,75.5,73.05,36.37,41,16,B,X,BX
ORD00519,2,2026-01-11,App,Standard,3,SKU055,Personal Care,Skin Care,4,28.7,15.4,37.7,4.11,Ambient,Low,365,1054.36,14,0.21,2.94,98,104.2,Z8,A4,R1,40,80.0,68.74,35.49,38,17,A,X,AX
ORD00519,3,2026-01-11,App,Standard,3,SKU115,Personal Care,Oral Care,1,21.5,20.3,8.0,2.54,Ambient,Medium,180,1486.43,20,0.31,6.2,140,103.7,Z6,A2,R6,30,63.5,64.42,24.25,30,17,A,Y,AY
ORD00520,1,2026-02-05,App,Standard,5,SKU063,Health & Wellness,Vitamins,2,22.2,19.4,39.7,2.43,Ambient,Medium,730,1406.5,14,0.21,2.94,98,121.1,Z7,A1,R4,40,64.5,72.21,22.72,31,15,A,X,AX
ORD00520,2,2026-02-05,App,Standard,5,SKU113,Health & Wellness,Vitamins,2,30.6,16.3,36.5,3.62,HighValue,Medium,90,1210.42,16,0.18,2.88,112,122.1,Z6,A3,R1,40,60.0,66.34,26.84,30,13,A,X,AX
ORD00520,3,2026-02-05,App,Standard,5,SKU116,Health & Wellness,Wellness,4,25.4,13.6,35.7,6.26,Ambient,Low,30,1500.72,14,0.25,3.5,98,96.5,Z7,A4,R3,30,75.0,69.89,33.58,40,18,A,X,AX
ORD00520,4,2026-02-05,App,Standard,5,SKU001,Health & Wellness,OTC,2,27.7,26.5,10.3,1.36,Ambient,Medium,180,964.18,40,0.17,6.8,280,345.5,Z6,A5,R3,30,71.0,83.75,37.52,52,18,A,X,AX
ORD00520,5,2026-02-05,App,Standard,5,SKU019,Health & Wellness,OTC,1,29.3,27.0,5.9,5.92,HighValue,High,730,1558.71,7,0.54,3.78,49,56.1,Z4,A3,R6,30,51.5,55.87,26.53,41,25,A,Z,AZ
ORD00521,1,2026-01-16,App,Standard,3,SKU029,Pet Care,Cat Food,1,19.2,11.5,13.7,5.14,Ambient,Medium,90,805.77,15,0.3,4.5,105,114.7,Z6,A1,R5,50,58.0,63.94,22.51,35,17,A,Y,AY
ORD00521,2,2026-01-16,App,Standard,3,SKU010,Pet Care,Dog Food,1,11.4,15.0,7.1,3.09,Ambient,Medium,180,531.32,4,0.64,2.56,28,30.3,Z4,A5,R2,50,53.5,54.14,28.4,17,13,C,Z,CZ
ORD00521,3,2026-01-16,App,Standard,3,SKU007,Pet Care,Dog Food,1,25.1,10.4,9.6,7.49,Ambient,Medium,180,362.98,5,0.52,2.6,35,26.4,Z4,A5,R6,30,59.5,71.58,32.08,7,6,C,Z,CZ
ORD00522,1,2026-01-05,Web,Standard,4,SKU116,Health & Wellness,Wellness,1,25.4,13.6,35.7,6.26,Ambient,Low,30,1500.72,14,0.25,3.5,98,96.5,Z7,A4,R3,30,75.0,88.07,32.65,40,18,A,X,AX
ORD00522,2,2026-01-05,Web,Standard,4,SKU110,Health & Wellness,Vitamins,1,33.4,6.9,27.3,2.97,Ambient,Low,365,1228.61,6,0.89,5.34,42,39.5,Z1,A5,R5,50,34.0,34.54,25.59,15,13,B,Z,BZ
ORD00522,3,2026-01-05,Web,Standard,4,SKU109,Health & Wellness,OTC,1,8.1,13.2,15.3,3.62,Ambient,Low,730,1569.32,5,0.55,2.75,35,31.3,Z3,A5,R1,40,44.0,46.62,29.19,22,19,A,Z,AZ
ORD00522,4,2026-01-05,Web,Standard,4,SKU076,Health & Wellness,Vitamins,1,19.7,27.7,7.6,0.74,Ambient,Medium,365,1289.07,4,0.74,2.96,28,25.5,Z2,A1,R3,30,23.0,22.62,13.81,11,10,C,Z,CZ
ORD00523,1,2026-03-23,Web,Standard,4,SKU035,Grocery,Snacks,3,21.9,10.4,29.5,6.16,Ambient,Medium,30,1405.58,12,0.45,5.4,84,66.4,Z1,A1,R6,30,19.5,21.06,15.66,14,10,B,Y,BY
ORD00523,2,2026-03-23,Web,Standard,4,SKU054,Grocery,Staples,1,24.4,8.8,37.6,2.41,Ambient,Medium,180,457.62,4,0.87,3.48,28,28.1,Z4,A4,R3,30,51.0,48.07,25.32,24,16,C,Z,CZ
ORD00523,3,2026-03-23,Web,Standard,4,SKU117,Grocery,Snacks,1,11.8,28.7,23.2,2.34,Ambient,High,90,247.18,3,0.87,2.61,21,18.2,Z2,A5,R5,50,42.0,36.14,26.76,10,8,C,Z,CZ
ORD00523,4,2026-03-23,Web,Standard,4,SKU078,Grocery,Breakfast,1,7.9,15.7,28.3,3.06,Ambient,Low,30,190.48,4,0.61,2.44,28,21.1,Z4,A1,R6,30,43.5,40.36,18.97,12,9,C,Z,CZ
ORD00524,1,2026-01-21,App,Standard,6,SKU071,Grocery,Beverages,3,33.5,26.4,8.5,5.52,Ambient,Low,180,514.69,16,0.24,3.84,112,138.0,Z4,A4,R6,30,55.5,64.45,31.77,35,15,B,X,BX
ORD00524,2,2026-01-21,App,Standard,6,SKU090,Grocery,Breakfast,1,23.9,24.9,25.7,2.88,Ambient,Low,90,1501.26,6,0.39,2.34,42,31.2,Z7,A1,R3,30,63.0,63.52,21.08,36,19,A,Y,AY
ORD00524,3,2026-01-21,App,Standard,6,SKU025,Grocery,Snacks,3,23.2,13.1,20.5,5.44,Ambient,High,730,326.2,37,0.22,8.14,259,193.4,Z6,A4,R1,40,64.0,55.59,34.55,80,27,B,X,BX
ORD00524,4,2026-01-21,App,Standard,6,SKU040,Grocery,Beverages,3,13.3,5.3,38.2,0.78,Ambient,Medium,730,870.07,22,0.29,6.38,154,168.1,Z8,A2,R4,40,76.5,68.97,23.96,31,16,B,Y,BY
ORD00524,5,2026-01-21,App,Standard,6,SKU052,Grocery,Staples,4,29.7,5.0,35.4,3.75,Ambient,Medium,180,1135.1,36,0.23,8.28,252,281.7,Z8,A5,R5,50,90.0,78.02,38.22,56,20,A,X,AX
ORD00524,6,2026-01-21,App,Standard,6,SKU060,Grocery,Staples,1,27.8,22.6,8.5,1.41,Frozen,Low,30,545.73,4,0.89,3.56,28,25.4,Z1,A2,R6,30,23.5,24.87,18.06,12,10,C,Z,CZ
ORD00525,1,2026-01-27,App,Express,3,SKU051,Baby Care,Diapers,4,15.0,21.8,35.0,2.71,Ambient,High,365,90.14,20,0.23,4.6,140,104.8,Z6,A4,R2,50,65.5,62.33,29.88,31,13,C,X,CX
ORD00525,2,2026-01-27,App,Express,3,SKU119,Baby Care,Baby Food,2,22.2,20.5,6.1,7.12,Ambient,Low,60,1453.32,23,0.2,4.6,161,173.4,Z7,A1,R5,50,66.0,67.45,22.36,24,12,A,X,AX
ORD00525,3,2026-01-27,App,Express,3,SKU023,Baby Care,Baby Hygiene,1,27.1,9.9,20.1,7.6,Ambient,Medium,30,1302.56,6,0.87,5.22,42,36.3,Z3,A4,R6,30,47.5,42.44,26.88,20,16,B,Z,BZ
ORD00526,1,2026-03-22,App,Standard,5,SKU052,Grocery,Staples,3,29.7,5.0,35.4,3.75,Ambient,Medium,180,1135.1,36,0.23,8.28,252,281.7,Z8,A5,R5,50,90.0,96.31,40.49,56,20,A,X,AX
ORD00526,2,2026-03-22,App,Standard,5,SKU106,Grocery,Snacks,3,19.4,9.6,9.7,5.76,Ambient,Low,60,1597.28,12,0.54,6.48,84,73.4,Z5,A5,R1,40,60.0,52.11,30.75,27,16,A,Z,AZ
ORD00526,3,2026-03-22,App,Standard,5,SKU036,Grocery,Cooking,1,22.3,27.7,18.1,7.54,Ambient,Medium,60,205.87,13,0.34,4.42,91,102.4,Z6,A4,R5,50,70.0,79.77,34.21,36,16,C,Y,CY
ORD00526,4,2026-03-22,App,Standard,5,SKU098,Grocery,Breakfast,1,14.3,25.2,21.4,6.7,Ambient,High,180,1390.75,8,0.41,3.28,56,63.2,Z7,A2,R4,40,68.5,70.6,27.03,17,8,B,Y,BY
ORD00526,5,2026-03-22,App,Standard,5,SKU042,Grocery,Beverages,2,10.8,8.0,23.8,6.12,Ambient,Medium,730,1071.52,8,0.29,2.32,56,62.6,Z4,A1,R1,40,36.0,31.28,18.05,43,26,A,Y,AY
ORD00527,1,2026-02-17,App,Standard,7,SKU069,Grocery,Cooking,1,24.1,16.6,29.5,5.23,Ambient,Low,180,231.11,8,0.44,3.52,56,46.4,Z7,A3,R4,40,72.5,70.22,29.91,36,23,C,Y,CY
ORD00527,2,2026-02-17,App,Standard,7,SKU044,Pet Care,Cat Food,2,22.2,16.7,20.4,1.56,Ambient,Medium,30,736.26,14,0.33,4.62,98,72.6,Z7,A3,R5,50,74.0,80.67,28.95,79,32,A,Y,AY
ORD00527,3,2026-02-17,App,Standard,7,SKU070,Household,Laundry,4,33.5,22.4,23.9,4.74,Ambient,Medium,180,1117.78,38,0.16,6.08,266,323.6,Z6,A5,R5,50,74.0,91.94,39.24,89,29,A,X,AX
ORD00527,4,2026-02-17,App,Standard,7,SKU046,Pet Care,Cat Food,1,14.2,20.5,26.3,5.95,Ambient,Low,730,169.11,14,0.55,7.7,98,81.5,Z6,A1,R3,30,55.0,53.25,22.42,34,22,C,Z,CZ
ORD00527,5,2026-02-17,App,Standard,7,SKU087,Health & Wellness,Vitamins,1,15.9,15.9,8.7,3.54,Ambient,Medium,60,616.2,7,0.74,5.18,49,38.8,Z1,A2,R5,50,22.0,22.08,16.26,29,22,B,Z,BZ
ORD00527,6,2026-02-17,App,Standard,7,SKU018,Grocery,Beverages,2,28.9,26.5,36.5,1.76,Ambient,Medium,180,1753.56,3,0.85,2.55,21,23.4,Z6,A2,R2,50,57.5,56.47,21.54,20,13,A,Z,AZ
ORD00527,7,2026-02-17,App,Standard,7,SKU053,Grocery,Cooking,1,18.1,22.5,9.2,7.79,Ambient,Low,365,49.27,7,0.53,3.71,49,45.3,Z8,A2,R1,40,72.0,75.61,26.05,44,30,C,Z,CZ
ORD00528,1,2026-02-09,App,Standard,4,SKU100,Baby Care,Baby Food,2,9.4,15.9,38.1,1.85,Ambient,Low,30,728.71,20,0.33,6.6,140,126.8,Z7,A4,R2,50,73.5,64.09,32.66,62,29,A,Y,AY
ORD00528,2,2026-02-09,App,Standard,4,SKU049,Personal Care,Bath & Body,1,17.1,11.8,23.9,3.56,Ambient,Medium,365,469.4,6,0.55,3.3,42,31.5,Z5,A1,R1,40,44.0,47.22,16.05,44,39,B,Z,BZ
ORD00528,3,2026-02-09,App,Standard,4,SKU019,Health & Wellness,OTC,1,29.3,27.0,5.9,5.92,HighValue,High,730,1558.71,7,0.54,3.78,49,56.1,Z4,A3,R6,30,51.5,53.19,26.93,41,25,A,Z,AZ
ORD00528,4,2026-02-09,App,Standard,4,SKU106,Grocery,Snacks,1,19.4,9.6,9.7,5.76,Ambient,Low,60,1597.28,12,0.54,6.48,84,73.4,Z5,A5,R1,40,60.0,66.41,33.39,27,16,A,Z,AZ
ORD00529,1,2026-01-23,App,Standard,4,SKU040,Grocery,Beverages,1,13.3,5.3,38.2,0.78,Ambient,Medium,730,870.07,22,0.29,6.38,154,168.1,Z8,A2,R4,40,76.5,77.49,24.76,31,16,B,Y,BY
ORD00529,2,2026-01-23,App,Standard,4,SKU039,Grocery,Staples,2,12.3,16.6,26.4,3.09,Fragile,High,60,890.4,9,0.51,4.59,63,56.4,Z3,A1,R2,50,29.5,35.72,16.73,22,14,B,Z,BZ
ORD00529,3,2026-01-23,App,Standard,4,SKU098,Grocery,Breakfast,2,14.3,25.2,21.4,6.7,Ambient,High,180,1390.75,8,0.41,3.28,56,63.2,Z7,A2,R4,40,68.5,59.05,26.21,17,8,B,Y,BY
ORD00529,4,2026-01-23,App,Standard,4,SKU120,Grocery,Staples,2,18.2,17.1,12.1,4.89,Ambient,Medium,90,1756.29,6,0.43,2.58,42,32.4,Z6,A2,R3,30,59.0,59.74,24.74,12,9,B,Y,BY
ORD00530,1,2026-02-15,Web,Standard,4,SKU022,Grocery,Staples,3,26.9,12.8,26.2,4.14,Ambient,Low,730,799.0,14,0.38,5.32,98,96.6,Z7,A5,R5,50,82.0,96.18,35.93,21,10,C,Y,CY
ORD00530,2,2026-02-15,Web,Standard,4,SKU020,Grocery,Staples,1,30.8,10.6,33.6,3.74,Ambient,Low,30,1196.56,11,0.51,5.61,77,70.8,Z8,A4,R3,30,83.0,101.22,31.74,37,19,A,Z,AZ
ORD00530,3,2026-02-15,Web,Standard,4,SKU106,Grocery,Snacks,1,19.4,9.6,9.7,5.76,Ambient,Low,60,1597.28,12,0.54,6.48,84,73.4,Z5,A5,R1,40,60.0,69.65,33.22,27,16,A,Z,AZ
ORD00530,4,2026-02-15,Web,Standard,4,SKU071,Grocery,Beverages,2,33.5,26.4,8.5,5.52,Ambient,Low,180,514.69,16,0.24,3.84,112,138.0,Z4,A4,R6,30,55.5,60.22,30.09,35,15,B,X,BX
ORD00531,1,2026-02-09,App,Express,5,SKU036,Grocery,Cooking,2,22.3,27.7,18.1,7.54,Ambient,Medium,60,205.87,13,0.34,4.42,91,102.4,Z6,A4,R5,50,70.0,78.21,31.44,36,16,C,Y,CY
ORD00531,2,2026-02-09,App,Express,5,SKU016,Grocery,Snacks,2,24.0,11.6,22.1,7.25,Ambient,Low,90,103.25,10,0.31,3.1,70,61.8,Z4,A2,R3,30,43.0,53.23,20.7,26,14,C,Y,CY
ORD00531,3,2026-02-09,App,Express,5,SKU009,Grocery,Snacks,2,31.2,6.9,33.3,6.86,Ambient,Medium,30,1744.97,3,0.63,1.89,21,25.4,Z3,A2,R3,30,35.0,30.68,18.13,13,10,B,Z,BZ
ORD00531,4,2026-02-09,App,Express,5,SKU085,Grocery,Snacks,3,13.7,8.0,22.4,3.5,Ambient,Low,365,1504.2,28,0.21,5.88,196,224.1,Z5,A5,R5,50,66.0,63.47,33.87,65,22,A,X,AX
ORD00531,5,2026-02-09,App,Express,5,SKU040,Grocery,Beverages,1,13.3,5.3,38.2,0.78,Ambient,Medium,730,870.07,22,0.29,6.38,154,168.1,Z8,A2,R4,40,76.5,91.27,24.42,31,16,B,Y,BY
ORD00532,1,2026-02-11,App,Standard,2,SKU052,Grocery,Staples,3,29.7,5.0,35.4,3.75,Ambient,Medium,180,1135.1,36,0.23,8.28,252,281.7,Z8,A5,R5,50,90.0,86.63,39.7,56,20,A,X,AX
ORD00532,2,2026-02-11,App,Standard,2,SKU032,Grocery,Snacks,1,5.9,13.4,28.8,3.29,Ambient,Low,365,973.07,9,0.38,3.42,63,75.5,Z5,A2,R2,50,49.5,50.97,21.64,47,27,A,Y,AY
ORD00533,1,2026-01-18,App,Standard,4,SKU095,Baby Care,Diapers,2,33.4,29.9,36.9,0.84,Ambient,Low,90,344.97,23,0.29,6.67,161,131.7,Z6,A1,R2,50,53.5,46.5,19.67,43,20,C,Y,CY
ORD00533,2,2026-01-18,App,Standard,4,SKU061,Grocery,Cooking,1,28.8,9.2,7.8,6.98,Ambient,High,60,437.13,11,0.42,4.62,77,80.9,Z4,A3,R1,40,44.0,47.99,25.67,33,20,C,Y,CY
ORD00533,3,2026-01-18,App,Standard,4,SKU112,Personal Care,Oral Care,2,5.8,9.7,23.1,7.32,Ambient,Medium,60,1793.55,2,0.88,1.76,14,12.0,Z8,A3,R2,50,77.5,78.19,29.59,36,24,A,Z,AZ
ORD00533,4,2026-01-18,App,Standard,4,SKU109,Health & Wellness,OTC,1,8.1,13.2,15.3,3.62,Ambient,Low,730,1569.32,5,0.55,2.75,35,31.3,Z3,A5,R1,40,44.0,38.58,28.13,22,19,A,Z,AZ
ORD00534,1,2026-01-25,Web,Standard,2,SKU056,Pet Care,Cat Food,1,15.0,24.1,18.2,7.47,Ambient,Low,180,439.57,13,0.4,5.2,91,102.5,Z3,A2,R2,50,33.5,41.82,20.03,9,7,C,Y,CY
ORD00534,2,2026-01-25,Web,Standard,2,SKU010,Pet Care,Dog Food,2,11.4,15.0,7.1,3.09,Ambient,Medium,180,531.32,4,0.64,2.56,28,30.3,Z4,A5,R2,50,53.5,47.16,30.01,17,13,C,Z,CZ
ORD00535,1,2026-01-21,App,Express,1,SKU019,Health & Wellness,OTC,1,29.3,27.0,5.9,5.92,HighValue,High,730,1558.71,7,0.54,3.78,49,56.1,Z4,A3,R6,30,51.5,62.14,24.95,41,25,A,Z,AZ
ORD00536,1,2026-03-11,Web,Standard,3,SKU035,Grocery,Snacks,1,21.9,10.4,29.5,6.16,Ambient,Medium,30,1405.58,12,0.45,5.4,84,66.4,Z1,A1,R6,30,19.5,18.53,14.14,14,10,B,Y,BY
ORD00536,2,2026-03-11,Web,Standard,3,SKU017,Grocery,Beverages,1,21.6,15.7,5.3,0.69,Ambient,Medium,90,1058.95,2,0.77,1.54,14,10.9,Z8,A2,R6,30,79.5,71.02,24.7,9,7,C,Z,CZ
ORD00536,3,2026-03-11,Web,Standard,3,SKU111,Grocery,Snacks,1,15.9,28.7,6.1,1.31,Ambient,Low,30,1043.71,25,0.28,7.0,175,173.5,Z8,A2,R2,50,73.5,85.73,25.6,52,19,A,Y,AY
ORD00537,1,2026-03-27,App,Express,4,SKU113,Health & Wellness,Vitamins,2,30.6,16.3,36.5,3.62,HighValue,Medium,90,1210.42,16,0.18,2.88,112,122.1,Z6,A3,R1,40,60.0,62.79,27.03,30,13,A,X,AX
ORD00537,2,2026-03-27,App,Express,4,SKU001,Health & Wellness,OTC,4,27.7,26.5,10.3,1.36,Ambient,Medium,180,964.18,40,0.17,6.8,280,345.5,Z6,A5,R3,30,71.0,66.99,34.46,52,18,A,X,AX
ORD00537,3,2026-03-27,App,Express,4,SKU050,Health & Wellness,Wellness,1,35.0,21.8,14.4,0.42,Ambient,High,60,1794.58,5,0.88,4.4,35,32.9,Z3,A3,R2,50,37.5,45.0,21.03,22,20,A,Z,AZ
ORD00537,4,2026-03-27,App,Express,4,SKU076,Health & Wellness,Vitamins,1,19.7,27.7,7.6,0.74,Ambient,Medium,365,1289.07,4,0.74,2.96,28,25.5,Z2,A1,R3,30,23.0,27.35,13.82,11,10,C,Z,CZ
ORD00538,1,2026-01-23,App,Standard,4,SKU119,Baby Care,Baby Food,3,22.2,20.5,6.1,7.12,Ambient,Low,60,1453.32,23,0.2,4.6,161,173.4,Z7,A1,R5,50,66.0,68.07,26.91,24,12,A,X,AX
ORD00538,2,2026-01-23,App,Standard,4,SKU023,Baby Care,Baby Hygiene,1,27.1,9.9,20.1,7.6,Ambient,Medium,30,1302.56,6,0.87,5.22,42,36.3,Z3,A4,R6,30,47.5,58.2,28.18,20,16,B,Z,BZ
ORD00538,3,2026-01-23,App,Standard,4,SKU051,Baby Care,Diapers,1,15.0,21.8,35.0,2.71,Ambient,High,365,90.14,20,0.23,4.6,140,104.8,Z6,A4,R2,50,65.5,76.11,30.12,31,13,C,X,CX
ORD00538,4,2026-01-23,App,Standard,4,SKU100,Baby Care,Baby Food,1,9.4,15.9,38.1,1.85,Ambient,Low,30,728.71,20,0.33,6.6,140,126.8,Z7,A4,R2,50,73.5,73.21,32.08,62,29,A,Y,AY
ORD00539,1,2026-01-01,App,Standard,3,SKU021,Grocery,Staples,5,20.3,22.0,34.5,2.72,Fragile,High,90,341.96,32,0.15,4.8,224,275.4,Z7,A5,R3,30,79.0,88.85,39.25,58,21,B,X,BX
ORD00539,2,2026-01-01,App,Standard,3,SKU032,Grocery,Snacks,1,5.9,13.4,28.8,3.29,Ambient,Low,365,973.07,9,0.38,3.42,63,75.5,Z5,A2,R2,50,49.5,43.52,19.67,47,27,A,Y,AY
ORD00539,3,2026-01-01,App,Standard,3,SKU035,Grocery,Snacks,2,21.9,10.4,29.5,6.16,Ambient,Medium,30,1405.58,12,0.45,5.4,84,66.4,Z1,A1,R6,30,19.5,17.14,16.7,14,10,B,Y,BY
ORD00540,1,2026-03-15,Web,Standard,2,SKU068,Grocery,Cooking,3,25.2,21.8,25.5,6.6,Ambient,Low,30,1124.7,14,0.25,3.5,98,119.4,Z8,A1,R3,30,71.0,63.95,27.48,35,16,A,X,AX
ORD00540,2,2026-03-15,Web,Standard,2,SKU072,Health & Wellness,Vitamins,3,24.3,19.9,5.7,6.32,HighValue,Low,365,389.24,6,0.45,2.7,42,48.6,Z6,A2,R4,40,60.5,70.75,26.31,54,33,B,Y,BY
ORD00541,1,2026-03-19,App,Standard,4,SKU031,Personal Care,Hair Care,1,19.3,28.6,15.5,3.18,Ambient,Medium,730,994.38,25,0.27,6.75,175,180.6,Z6,A4,R3,30,67.0,71.57,31.21,39,15,A,Y,AY
ORD00541,2,2026-03-19,App,Standard,4,SKU112,Personal Care,Oral Care,1,5.8,9.7,23.1,7.32,Ambient,Medium,60,1793.55,2,0.88,1.76,14,12.0,Z8,A3,R2,50,77.5,94.18,31.51,36,24,A,Z,AZ
ORD00541,3,2026-03-19,App,Standard,4,SKU093,Personal Care,Oral Care,1,15.2,19.9,32.6,5.21,Ambient,Medium,90,472.29,4,0.6,2.4,28,32.7,Z5,A1,R2,50,45.5,45.17,18.87,11,10,C,Z,CZ
ORD00541,4,2026-03-19,App,Standard,4,SKU049,Personal Care,Bath & Body,1,17.1,11.8,23.9,3.56,Ambient,Medium,365,469.4,6,0.55,3.3,42,31.5,Z5,A1,R1,40,44.0,44.47,19.11,44,39,B,Z,BZ
ORD00542,1,2026-02-19,App,Standard,3,SKU066,Dairy & Chilled,Dairy,4,21.2,29.3,23.6,7.32,Chilled,Medium,90,1647.44,30,0.12,3.6,210,256.1,Z5,A5,R4,40,64.5,70.57,38.14,52,17,A,X,AX
ORD00542,2,2026-02-19,App,Standard,3,SKU065,Dairy & Chilled,Dairy,2,23.8,6.0,32.6,0.36,Chilled,Low,60,184.99,23,0.18,4.14,161,138.8,Z7,A2,R6,30,71.5,85.29,24.43,54,25,C,X,CX
ORD00542,3,2026-02-19,App,Standard,3,SKU011,Dairy & Chilled,Ready-to-Eat,2,13.9,29.2,25.3,4.38,Chilled,Medium,30,114.0,12,0.3,3.6,84,80.8,Z3,A1,R4,40,32.5,34.09,16.37,16,12,C,Y,CY
ORD00543,1,2026-01-20,App,Standard,5,SKU021,Grocery,Staples,1,20.3,22.0,34.5,2.72,Fragile,High,90,341.96,32,0.15,4.8,224,275.4,Z7,A5,R3,30,79.0,78.54,39.11,58,21,B,X,BX
ORD00543,2,2026-01-20,App,Standard,5,SKU098,Grocery,Breakfast,3,14.3,25.2,21.4,6.7,Ambient,High,180,1390.75,8,0.41,3.28,56,63.2,Z7,A2,R4,40,68.5,75.2,26.03,17,8,B,Y,BY
ORD00543,3,2026-01-20,App,Standard,5,SKU107,Grocery,Breakfast,4,6.1,21.2,15.0,6.91,Fragile,Medium,90,245.94,41,0.17,6.97,287,259.0,Z8,A5,R4,40,88.5,76.31,41.85,61,19,C,X,CX
ORD00543,4,2026-01-20,App,Standard,5,SKU036,Grocery,Cooking,1,22.3,27.7,18.1,7.54,Ambient,Medium,60,205.87,13,0.34,4.42,91,102.4,Z6,A4,R5,50,70.0,74.67,33.88,36,16,C,Y,CY
ORD00543,5,2026-01-20,App,Standard,5,SKU086,Grocery,Staples,2,32.6,26.6,25.2,4.63,Ambient,Low,30,1740.0,4,0.41,1.64,28,22.2,Z5,A2,R3,30,51.0,50.99,22.59,16,12,B,Y,BY
ORD00544,1,2026-02-02,App,Standard,2,SKU065,Dairy & Chilled,Dairy,4,23.8,6.0,32.6,0.36,Chilled,Low,60,184.99,23,0.18,4.14,161,138.8,Z7,A2,R6,30,71.5,81.92,24.93,54,25,C,X,CX
ORD00544,2,2026-02-02,App,Standard,2,SKU100,Baby Care,Baby Food,3,9.4,15.9,38.1,1.85,Ambient,Low,30,728.71,20,0.33,6.6,140,126.8,Z7,A4,R2,50,73.5,86.89,32.07,62,29,A,Y,AY
ORD00545,1,2026-01-29,App,Express,5,SKU026,Household,Home Care,5,29.6,23.8,28.5,1.87,Frozen,Low,180,1110.01,43,0.15,6.45,301,337.9,Z6,A1,R6,30,59.5,73.63,20.92,80,26,A,X,AX
ORD00545,2,2026-01-29,App,Express,5,SKU118,Household,Home Care,2,33.2,8.9,28.1,5.79,Ambient,Medium,30,169.17,44,0.13,5.72,308,376.3,Z8,A3,R3,30,79.0,74.15,33.51,71,23,C,X,CX
ORD00545,3,2026-01-29,App,Express,5,SKU014,Household,Cleaning,3,20.2,8.3,17.2,0.64,Ambient,Low,365,1273.78,14,0.26,3.64,98,101.6,Z8,A5,R2,50,85.5,93.47,32.92,35,16,A,Y,AY
ORD00545,4,2026-01-29,App,Express,5,SKU047,Household,Cleaning,3,25.7,16.7,6.1,2.38,Ambient,Low,60,1664.94,13,0.24,3.12,91,103.1,Z4,A5,R3,30,55.0,65.68,28.38,42,20,A,X,AX
ORD00545,5,2026-01-29,App,Express,5,SKU048,Household,Home Care,3,21.3,21.2,36.8,6.63,Ambient,Low,730,1488.03,8,0.38,3.04,56,67.6,Z6,A3,R6,30,67.5,76.56,26.16,35,15,A,Y,AY
ORD00546,1,2026-02-17,App,Standard,3,SKU116,Health & Wellness,Wellness,1,25.4,13.6,35.7,6.26,Ambient,Low,30,1500.72,14,0.25,3.5,98,96.5,Z7,A4,R3,30,75.0,72.95,32.58,40,18,A,X,AX
ORD00546,2,2026-02-17,App,Standard,3,SKU109,Health & Wellness,OTC,1,8.1,13.2,15.3,3.62,Ambient,Low,730,1569.32,5,0.55,2.75,35,31.3,Z3,A5,R1,40,44.0,53.13,29.33,22,19,A,Z,AZ
ORD00546,3,2026-02-17,App,Standard,3,SKU110,Health & Wellness,Vitamins,2,33.4,6.9,27.3,2.97,Ambient,Low,365,1228.61,6,0.89,5.34,42,39.5,Z1,A5,R5,50,34.0,40.22,24.68,15,13,B,Z,BZ
ORD00547,1,2026-01-03,App,Express,1,SKU105,Personal Care,Bath & Body,1,5.5,24.7,17.1,5.89,Ambient,Medium,90,261.8,10,0.33,3.3,70,62.6,Z7,A1,R2,50,61.5,76.82,20.89,14,9,C,Y,CY
